Workbook

Sheet Test cases
A1: STT | B1: UC | C1: TC ID | D1: Nhóm | E1: Tiêu đề | F1: Loại | G1: Ưu tiên | H1: Kỹ thuật | I1: Nguồn | J1: Tiền điều kiện | K1: Dữ liệu | L1: Bước | M1: Kết quả mong đợi | N1: Tag | O1: Tự động hóa | P1: Kết quả thực tế | Q1: Trạng thái chạy | R1: Ngày chạy | S1: Người chạy | T1: Bug ID | U1: Ghi chú
C2: UC-DEMO-001 · Tạo người dùng và gửi lời mời
C3: I. REDIRECT
A4: 1 | B4: UC-DEMO-001 | C4: UC-DEMO-001-TC-R01 | D4: Redirect | E4: Admin mở form từ nút Tạo người dùng | F4: Positive | G4: P1 | H4: Điều hướng | I4: UC-DEMO-001-NV-01, PM-USER-01 | J4: Đăng nhập admin1@t1.demo.test (Admin, T1) đang ở /users | L4: 1) Bấm nút "Tạo người dùng" | M4: - Mở màn hình có tiêu đề "Tạo người dùng" - URL là /users/new | N4: @UC-DEMO-001 @redirect @positive @P1 @smoke | O4: Có | Q4: Not Run
A5: 2 | B5: UC-DEMO-001 | C5: UC-DEMO-001-TC-R02 | D5: Redirect | E5: Admin mở form bằng URL trực tiếp | F5: Positive | G5: P2 | H5: Điều hướng | I5: UC-DEMO-001-NV-02 | J5: Đăng nhập admin1@t1.demo.test (Admin, T1) | L5: 1) Nhập /users/new vào thanh địa chỉ | M5: - Mở màn hình có tiêu đề "Tạo người dùng" - URL giữ nguyên /users/new | N5: @UC-DEMO-001 @redirect @positive @P2 | O5: Có | Q5: Not Run
A6: 3 | B6: UC-DEMO-001 | C6: UC-DEMO-001-TC-R03 | D6: Redirect | E6: Chưa đăng nhập mở URL tạo người dùng thì phải đăng nhập rồi quay lại | F6: Negative | G6: P1 | H6: Điều hướng | I6: UC-DEMO-001-NV-03 | J6: Chưa đăng nhập (không có cookie phiên) | L6: 1) Mở /users/new 2) Đăng nhập admin1@t1.demo.test | M6: - Sau bước 1 URL là /login - sau bước 2 URL là /users/new và hiện tiêu đề "Tạo người dùng" | N6: @UC-DEMO-001 @redirect @negative @P1 | O6: Có | Q6: Not Run
A7: 4 | B7: UC-DEMO-001 | C7: UC-DEMO-001-TC-R04 | D7: Redirect | E7: Member mở URL tạo người dùng bị chặn | F7: Negative | G7: P1 | H7: Phân quyền | I7: UC-DEMO-001-NV-04, PM-USER-02 | J7: Đăng nhập member1@t1.demo.test (Member, T1) | L7: 1) Mở /users/new | M7: - Hiện trang 403 với text "Bạn không có quyền truy cập trang này." - không hiện form "Tạo người dùng" | N7: @UC-DEMO-001 @redirect @negative @P1 | O7: Có | Q7: Not Run
A8: 5 | B8: UC-DEMO-001 | C8: UC-DEMO-001-TC-R05 | D8: Redirect | E8: Member không thấy nút Tạo người dùng | F8: Negative | G8: P1 | H8: Phân quyền | I8: PM-USER-02 | J8: Đăng nhập member1@t1.demo.test (Member, T1) đang ở /users | L8: 1) Quan sát màn hình "Người dùng" | M8: Không có nút "Tạo người dùng" trên màn hình | N8: @UC-DEMO-001 @redirect @negative @P1 | O8: Có | Q8: Not Run
A9: 6 | B9: UC-DEMO-001 | C9: UC-DEMO-001-TC-R06 | D9: Redirect | E9: Gửi lời mời thành công thì về danh sách kèm thông báo | F9: Positive | G9: P1 | H9: Điều hướng | I9: UC-DEMO-001-NV-05, UC-DEMO-001-MS-07 | J9: Đăng nhập admin1@t1.demo.test (Admin, tenant T1) đang ở màn hình "Tạo người dùng" | K9: Họ và tên = "Trần Minh" Email = "r06@demo.test" Vai trò = Member | L9: 1) Nhập dữ liệu 2) Bấm "Gửi lời mời" | M9: - URL là /users - hiện toast "Đã gửi lời mời đến r06@demo.test." | N9: @UC-DEMO-001 @redirect @positive @P1 | O9: Có | Q9: Not Run
A10: 7 | B10: UC-DEMO-001 | C10: UC-DEMO-001-TC-R07 | D10: Redirect | E10: Hủy khi đã nhập và chọn Bỏ thay đổi | F10: Positive | G10: P2 | H10: Điều hướng | I10: UC-DEMO-001-NV-06, UC-DEMO-001-MS-12 | J10: Đăng nhập admin1@t1.demo.test (Admin, tenant T1) đang ở màn hình "Tạo người dùng" | K10: Họ và tên = "Trần Minh" | L10: 1) Nhập Họ và tên 2) Bấm "Hủy" 3) Chọn "Bỏ thay đổi" | M10: - Sau bước 2 hiện hộp thoại "Bỏ các thay đổi chưa lưu?" có nút "Bỏ thay đổi" và "Ở lại" - sau bước 3 URL là /users - danh sách không có người dùng "Trần Minh" | N10: @UC-DEMO-001 @redirect @positive @P2 | O10: Có | Q10: Not Run
A11: 8 | B11: UC-DEMO-001 | C11: UC-DEMO-001-TC-R08 | D11: Redirect | E11: Hủy khi đã nhập và chọn Ở lại | F11: Positive | G11: P3 | H11: Điều hướng | I11: UC-DEMO-001-NV-06, UC-DEMO-001-MS-12 | J11: Đăng nhập admin1@t1.demo.test (Admin, tenant T1) đang ở màn hình "Tạo người dùng" | K11: Họ và tên = "Trần Minh" | L11: 1) Nhập Họ và tên 2) Bấm "Hủy" 3) Chọn "Ở lại" | M11: - Hộp thoại đóng - vẫn ở /users/new - "Họ và tên" vẫn là "Trần Minh" | N11: @UC-DEMO-001 @redirect @positive @P3 | O11: Có | Q11: Not Run
A12: 9 | B12: UC-DEMO-001 | C12: UC-DEMO-001-TC-R09 | D12: Redirect | E12: Trạng thái form khi vừa mở | F12: Positive | G12: P2 | H12: Điều hướng | I12: UC-DEMO-001-NV-07, UC-DEMO-001-FD-03 | J12: Đăng nhập admin1@t1.demo.test (Admin, T1) | L12: 1) Mở /users/new | M12: - Tiêu đề "Tạo người dùng" - "Họ và tên" và "Email" trống - "Vai trò" = "Member" - con trỏ ở "Họ và tên" - nút "Gửi lời mời" bật | N12: @UC-DEMO-001 @redirect @positive @P2 | O12: Có | Q12: Not Run
C13: II. VALIDATION
A14: 10 | B14: UC-DEMO-001 | C14: UC-DEMO-001-TC-V01 | D14: Validation | E14: Họ và tên có dấu tiếng Việt được chấp nhận và lưu đúng | F14: Positive | G14: P2 | H14: EP | I14: UC-DEMO-001-FD-01, UC-DEMO-001-EP-01 | J14: Đăng nhập admin1@t1.demo.test (Admin, tenant T1) đang ở màn hình "Tạo người dùng" | K14: Họ và tên = "Nguyễn Thị Ánh" Email = "v01@demo.test" Vai trò = Member | L14: 1) Nhập dữ liệu 2) Bấm "Gửi lời mời" | M14: - Hiện toast "Đã gửi lời mời đến v01@demo.test." - dòng v01@demo.test trong danh sách có Họ và tên "Nguyễn Thị Ánh" | N14: @UC-DEMO-001 @validation @positive @P2 | O14: Có | Q14: Not Run
A15: 11 | B15: UC-DEMO-001 | C15: UC-DEMO-001-TC-V02 | D15: Validation | E15: Họ và tên có dấu ' và - được chấp nhận | F15: Positive | G15: P3 | H15: EP | I15: UC-DEMO-001-FD-01, UC-DEMO-001-EP-02 | J15: Đăng nhập admin1@t1.demo.test (Admin, tenant T1) đang ở màn hình "Tạo người dùng" | K15: Họ và tên = "Anne-Marie O'Neil" Email = "v02@demo.test" Vai trò = Member | L15: 1) Nhập dữ liệu 2) Bấm "Gửi lời mời" | M15: - Hiện toast "Đã gửi lời mời đến v02@demo.test." - dòng v02@demo.test có Họ và tên "Anne-Marie O'Neil" | N15: @UC-DEMO-001 @validation @positive @P3 | O15: Có | Q15: Not Run
A16: 12 | B16: UC-DEMO-001 | C16: UC-DEMO-001-TC-V03 | D16: Validation | E16: Họ và tên để trống bị từ chối | F16: Negative | G16: P2 | H16: EP | I16: UC-DEMO-001-FD-01, UC-DEMO-001-EP-03, UC-DEMO-001-MS-01 | J16: Đăng nhập admin1@t1.demo.test (Admin, tenant T1) đang ở màn hình "Tạo người dùng" | K16: Họ và tên = "" Email = "v03@demo.test" Vai trò = Member | L16: 1) Nhập dữ liệu 2) Bấm "Gửi lời mời" | M16: - Dưới "Họ và tên" hiện "Vui lòng nhập họ và tên." - không tạo người dùng - vẫn ở /users/new | N16: @UC-DEMO-001 @validation @negative @P2 | O16: Có | Q16: Not Run
A17: 13 | B17: UC-DEMO-001 | C17: UC-DEMO-001-TC-V04 | D17: Validation | E17: Họ và tên chỉ có khoảng trắng bị từ chối | F17: Negative | G17: P2 | H17: EP | I17: UC-DEMO-001-FD-01, UC-DEMO-001-EP-04, UC-DEMO-001-MS-01 | J17: Đăng nhập admin1@t1.demo.test (Admin, tenant T1) đang ở màn hình "Tạo người dùng" | K17: Họ và tên = " " Email = "v04@demo.test" Vai trò = Member | L17: 1) Nhập dữ liệu 2) Bấm "Gửi lời mời" | M17: - Dưới "Họ và tên" hiện "Vui lòng nhập họ và tên." - không tạo người dùng - vẫn ở /users/new | N17: @UC-DEMO-001 @validation @negative @P2 | O17: Có | Q17: Not Run
A18: 14 | B18: UC-DEMO-001 | C18: UC-DEMO-001-TC-V05 | D18: Validation | E18: Họ và tên 1 ký tự bị từ chối | F18: Negative | G18: P2 | H18: BVA | I18: UC-DEMO-001-FD-01, UC-DEMO-001-BV-01, UC-DEMO-001-MS-02 | J18: Đăng nhập admin1@t1.demo.test (Admin, tenant T1) đang ở màn hình "Tạo người dùng" | K18: Họ và tên = "A" Email = "v05@demo.test" Vai trò = Member | L18: 1) Nhập dữ liệu 2) Bấm "Gửi lời mời" | M18: - Dưới "Họ và tên" hiện "Họ và tên từ 2 đến 50 ký tự." - không tạo người dùng - vẫn ở /users/new | N18: @UC-DEMO-001 @validation @negative @P2 | O18: Có | Q18: Not Run
A19: 15 | B19: UC-DEMO-001 | C19: UC-DEMO-001-TC-V06 | D19: Validation | E19: Họ và tên 2 ký tự được chấp nhận | F19: Positive | G19: P2 | H19: BVA | I19: UC-DEMO-001-FD-01, UC-DEMO-001-BV-02 | J19: Đăng nhập admin1@t1.demo.test (Admin, tenant T1) đang ở màn hình "Tạo người dùng" | K19: Họ và tên = "An" Email = "v06@demo.test" Vai trò = Member | L19: 1) Nhập dữ liệu 2) Bấm "Gửi lời mời" | M19: - Hiện toast "Đã gửi lời mời đến v06@demo.test." - dòng v06@demo.test có Họ và tên "An" | N19: @UC-DEMO-001 @validation @positive @P2 | O19: Có | Q19: Not Run
A20: 16 | B20: UC-DEMO-001 | C20: UC-DEMO-001-TC-V07 | D20: Validation | E20: Họ và tên 50 ký tự được chấp nhận và không bị cắt | F20: Positive | G20: P2 | H20: BVA | I20: UC-DEMO-001-FD-01, UC-DEMO-001-BV-03 | J20: Đăng nhập admin1@t1.demo.test (Admin, tenant T1) đang ở màn hình "Tạo người dùng" | K20: Họ và tên = "Nguyen " + 43 chữ "a" (50 ký tự) Email = "v07@demo.test" Vai trò = Member | L20: 1) Nhập dữ liệu 2) Bấm "Gửi lời mời" | M20: - Hiện toast "Đã gửi lời mời đến v07@demo.test." - dòng v07@demo.test hiển thị đủ 50 ký tự của Họ và tên | N20: @UC-DEMO-001 @validation @positive @P2 | O20: Có | Q20: Not Run
A21: 17 | B21: UC-DEMO-001 | C21: UC-DEMO-001-TC-V08 | D21: Validation | E21: Họ và tên 51 ký tự bị từ chối | F21: Negative | G21: P2 | H21: BVA | I21: UC-DEMO-001-FD-01, UC-DEMO-001-BV-04, UC-DEMO-001-MS-02 | J21: Đăng nhập admin1@t1.demo.test (Admin, tenant T1) đang ở màn hình "Tạo người dùng" | K21: Họ và tên = "Nguyen " + 44 chữ "a" (51 ký tự) Email = "v08@demo.test" Vai trò = Member | L21: 1) Nhập dữ liệu 2) Bấm "Gửi lời mời" | M21: - Dưới "Họ và tên" hiện "Họ và tên từ 2 đến 50 ký tự." - không tạo người dùng - vẫn ở /users/new | N21: @UC-DEMO-001 @validation @negative @P2 | O21: Có | Q21: Not Run
A22: 18 | B22: UC-DEMO-001 | C22: UC-DEMO-001-TC-V09 | D22: Validation | E22: Họ và tên còn 1 ký tự sau khi trim bị từ chối | F22: Negative | G22: P3 | H22: BVA | I22: UC-DEMO-001-FD-01, UC-DEMO-001-BV-05, UC-DEMO-001-MS-02 | J22: Đăng nhập admin1@t1.demo.test (Admin, tenant T1) đang ở màn hình "Tạo người dùng" | K22: Họ và tên = " A " Email = "v09@demo.test" Vai trò = Member | L22: 1) Nhập dữ liệu 2) Bấm "Gửi lời mời" | M22: - Dưới "Họ và tên" hiện "Họ và tên từ 2 đến 50 ký tự." - không tạo người dùng - vẫn ở /users/new | N22: @UC-DEMO-001 @validation @negative @P3 | O22: Có | Q22: Not Run
A23: 19 | B23: UC-DEMO-001 | C23: UC-DEMO-001-TC-V10 | D23: Validation | E23: Họ và tên có chữ số bị từ chối | F23: Negative | G23: P2 | H23: EP | I23: UC-DEMO-001-FD-01, UC-DEMO-001-EP-05, UC-DEMO-001-MS-03 | J23: Đăng nhập admin1@t1.demo.test (Admin, tenant T1) đang ở màn hình "Tạo người dùng" | K23: Họ và tên = "An3" Email = "v10@demo.test" Vai trò = Member | L23: 1) Nhập dữ liệu 2) Bấm "Gửi lời mời" | M23: - Dưới "Họ và tên" hiện "Họ và tên chỉ gồm chữ, khoảng trắng, dấu ' và -." - không tạo người dùng - vẫn ở /users/new | N23: @UC-DEMO-001 @validation @negative @P2 | O23: Có | Q23: Not Run
A24: 20 | B24: UC-DEMO-001 | C24: UC-DEMO-001-TC-V11 | D24: Validation | E24: Họ và tên chứa script bị từ chối và không thực thi | F24: Negative | G24: P1 | H24: EP | I24: UC-DEMO-001-FD-01, UC-DEMO-001-EP-06, UC-DEMO-001-MS-03 | J24: Đăng nhập admin1@t1.demo.test (Admin, tenant T1) đang ở màn hình "Tạo người dùng" | K24: Họ và tên = "<script>alert(1)</script>" Email = "v11@demo.test" Vai trò = Member | L24: 1) Nhập dữ liệu 2) Bấm "Gửi lời mời" | M24: - Dưới "Họ và tên" hiện "Họ và tên chỉ gồm chữ, khoảng trắng, dấu ' và -." - không có hộp thoại alert nào xuất hiện - không tạo người dùng - vẫn ở /users/new | N24: @UC-DEMO-001 @validation @negative @P1 | O24: Có | Q24: Not Run
A25: 21 | B25: UC-DEMO-001 | C25: UC-DEMO-001-TC-V12 | D25: Validation | E25: Họ và tên có khoảng trắng đầu cuối được trim khi lưu | F25: Positive | G25: P3 | H25: EP | I25: UC-DEMO-001-FD-01, UC-DEMO-001-EP-07 | J25: Đăng nhập admin1@t1.demo.test (Admin, tenant T1) đang ở màn hình "Tạo người dùng" | K25: Họ và tên = " Lan " Email = "v12@demo.test" Vai trò = Member | L25: 1) Nhập dữ liệu 2) Bấm "Gửi lời mời" | M25: - Hiện toast "Đã gửi lời mời đến v12@demo.test." - dòng v12@demo.test có Họ và tên "Lan", không có khoảng trắng đầu/cuối | N25: @UC-DEMO-001 @validation @positive @P3 | O25: Có | Q25: Not Run
... A34: 30 | B34: UC-DEMO-001 | C34: UC-DEMO-001-TC-V21 | D34: Validation | E34: API từ chối Họ và tên 51 ký tự khi bỏ qua kiểm tra trên UI | F34: Negative | G34: P1 | H34: BVA | I34: UC-DEMO-001-FD-01, UC-DEMO-001-BV-04, UC-DEMO-001-MS-14 | J34: Có token của admin1@t1.demo.test (Admin, T1) | K34: body {"name": "Nguyen " + 44 chữ "a", "email": "v21@demo.test", "role": "Member"} | L34: 1) Gửi POST /api/users với body ở cột Dữ liệu 2) Gửi GET /api/users?email=v21@demo.test | M34: - Bước 1 trả HTTP 400, body có "error": "VALIDATION" và "fields" chứa "name" - bước 2 trả danh sách rỗng | N34: @UC-DEMO-001 @validation @negative @P1 | O34: Có | Q34: Not Run
C35: III. FUNCTION
A36: 31 | B36: UC-DEMO-001 | C36: UC-DEMO-001-TC-F01 | D36: Function | E36: Admin tạo Member mới thành công | F36: Positive | G36: P1 | H36: Kịch bản | I36: UC-DEMO-001-MF-01, UC-DEMO-001-MF-02, UC-DEMO-001-MF-03, UC-DEMO-001-MF-04, UC-DEMO-001-DT-01-R1, UC-DEMO-001-BR-01, ST-USER-01, UC-DEMO-001-SE-01, PM-USER-01, UC-DEMO-001-EP-08, UC-DEMO-001-EP-16 | J36: Đăng nhập admin1@t1.demo.test (Admin, tenant T1) đang ở màn hình "Tạo người dùng" | K36: Họ và tên = "Phạm Hoa" Email = "f01@demo.test" Vai trò = Member | L36: 1) Nhập Họ và tên và Email, giữ Vai trò mặc định 2) Bấm "Gửi lời mời" | M36: - Hiện toast "Đã gửi lời mời đến f01@demo.test." - URL là /users - dòng đầu danh sách là f01@demo.test, Vai trò "Member", Trạng thái "Đã mời" | N36: @UC-DEMO-001 @function @positive @P1 @smoke | O36: Có | Q36: Not Run
A37: 32 | B37: UC-DEMO-001 | C37: UC-DEMO-001-TC-F02 | D37: Function | E37: Admin tạo Admin khi tenant đang có 4 Admin | F37: Positive | G37: P1 | H37: Bảng quyết định | I37: UC-DEMO-001-DT-01-R2, UC-DEMO-001-BR-02, UC-DEMO-001-EP-15 | J37: Đăng nhập admin1@t1.demo.test (Admin, tenant T1) đang ở màn hình "Tạo người dùng" T1 có đúng 4 Admin | K37: Họ và tên = "Lê Quang" Email = "f02@demo.test" Vai trò = Admin | L37: 1) Nhập dữ liệu 2) Bấm "Gửi lời mời" | M37: - Hiện toast "Đã gửi lời mời đến f02@demo.test." - dòng f02@demo.test có Vai trò "Admin", Trạng thái "Đã mời" | N37: @UC-DEMO-001 @function @positive @P1 | O37: Có | Q37: Not Run
A38: 33 | B38: UC-DEMO-001 | C38: UC-DEMO-001-TC-F03 | D38: Function | E38: Tạo Admin thứ 6 bị từ chối, Admin đang Invited vẫn được tính | F38: Negative | G38: P1 | H38: Bảng quyết định | I38: UC-DEMO-001-DT-01-R3, UC-DEMO-001-BR-02, UC-DEMO-001-MS-10 | J38: Đăng nhập admin1@t3.demo.test (Admin, T3) T3 có đúng 5 Admin, trong đó 1 người Invited đang ở màn hình "Tạo người dùng" | K38: Họ và tên = "Lê Quang" Email = "f03@demo.test" Vai trò = Admin | L38: 1) Nhập dữ liệu 2) Bấm "Gửi lời mời" | M38: - Dưới "Vai trò" hiện "Tổ chức đã có tối đa 5 Admin." - không tạo người dùng - vẫn ở /users/new - T3 vẫn có 5 Admin | N38: @UC-DEMO-001 @function @negative @P1 | O38: Có | Q38: Not Run
A39: 34 | B39: UC-DEMO-001 | C39: UC-DEMO-001-TC-F04 | D39: Function | E39: Email trùng khác hoa thường trong tenant bị từ chối | F39: Negative | G39: P1 | H39: Bảng quyết định | I39: UC-DEMO-001-DT-01-R4, UC-DEMO-001-BR-01, UC-DEMO-001-MS-06 | J39: Đăng nhập admin1@t1.demo.test (Admin, tenant T1) đang ở màn hình "Tạo người dùng" T1 có lan@demo.test (Active) | K39: Họ và tên = "Nguyễn Lan" Email = "LAN@DEMO.TEST" Vai trò = Member | L39: 1) Nhập dữ liệu 2) Bấm "Gửi lời mời" | M39: - Dưới "Email" hiện "Email đã tồn tại trong tổ chức." - không tạo người dùng - vẫn ở /users/new - T1 vẫn chỉ có một lan@demo.test | N39: @UC-DEMO-001 @function @negative @P1 | O39: Có | Q39: Not Run
A40: 35 | B40: UC-DEMO-001 | C40: UC-DEMO-001-TC-F05 | D40: Function | E40: Email đã có ở tenant khác vẫn tạo được | F40: Positive | G40: P2 | H40: Bảng quyết định | I40: UC-DEMO-001-DT-01-R1, UC-DEMO-001-BR-01 | J40: Đăng nhập admin1@t1.demo.test (Admin, tenant T1) đang ở màn hình "Tạo người dùng" minh@demo.test chỉ tồn tại ở T2 | K40: Họ và tên = "Hoàng Minh" Email = "minh@demo.test" Vai trò = Member | L40: 1) Nhập dữ liệu 2) Bấm "Gửi lời mời" | M40: - Hiện toast "Đã gửi lời mời đến minh@demo.test." - T1 có dòng minh@demo.test Trạng thái "Đã mời" - người dùng minh@demo.test ở T2 không đổi | N40: @UC-DEMO-001 @function @positive @P2 | O40: Có | Q40: Not Run
A41: 36 | B41: UC-DEMO-001 | C41: UC-DEMO-001-TC-F06 | D41: Function | E41: Email của người dùng đã vô hiệu hóa không tạo mới | F41: Negative | G41: P2 | H41: Bảng quyết định | I41: UC-DEMO-001-AF-01, UC-DEMO-001-DT-01-R5, UC-DEMO-001-BR-01, UC-DEMO-001-MS-08 | J41: Đăng nhập admin1@t1.demo.test (Admin, tenant T1) đang ở màn hình "Tạo người dùng" T1 có old.user@demo.test (Deactivated) | K41: Họ và tên = "Người Cũ" Email = "old.user@demo.test" Vai trò = Member | L41: 1) Nhập dữ liệu 2) Bấm "Gửi lời mời" | M41: - Hiện hộp thông báo "Người dùng này đã bị vô hiệu hóa. Hãy kích hoạt lại thay vì tạo mới." - không tạo người dùng mới - old.user@demo.test vẫn ở trạng thái Deactivated | N41: @UC-DEMO-001 @function @negative @P2 | O41: Có | Q41: Not Run
A42: 37 | B42: UC-DEMO-001 | C42: UC-DEMO-001-TC-F07 | D42: Function | E42: Dịch vụ email lỗi vẫn tạo người dùng và cảnh báo | F42: Abnormal | G42: P2 | H42: Kịch bản | I42: UC-DEMO-001-EF-01, UC-DEMO-001-MS-09 | J42: Đăng nhập admin1@t1.demo.test (Admin, tenant T1) đang ở màn hình "Tạo người dùng" mock email bật chế độ lỗi | K42: Họ và tên = "Đỗ Hà" Email = "f07@demo.test" Vai trò = Member | L42: 1) Nhập dữ liệu 2) Bấm "Gửi lời mời" | M42: - Hiện toast "Đã tạo người dùng nhưng chưa gửi được email. Bạn có thể gửi lại lời mời sau." - danh sách có f07@demo.test Trạng thái "Đã mời" - hộp thư test không có email tới f07@demo.test | N42: @UC-DEMO-001 @function @abnormal @P2 | O42: Có | Q42: Not Run
A43: 38 | B43: UC-DEMO-001 | C43: UC-DEMO-001-TC-F08 | D43: Function | E43: Mất kết nối khi gửi thì giữ dữ liệu và không tạo | F43: Abnormal | G43: P2 | H43: Kịch bản | I43: UC-DEMO-001-EF-02, UC-DEMO-001-MS-11 | J43: Đăng nhập admin1@t1.demo.test (Admin, tenant T1) đang ở màn hình "Tạo người dùng" | K43: Họ và tên = "Đỗ Hà" Email = "f08@demo.test" Vai trò = Member | L43: 1) Nhập dữ liệu 2) Chặn request POST /api/users (mô phỏng mất mạng) 3) Bấm "Gửi lời mời" | M43: - Hiện toast "Không kết nối được máy chủ. Vui lòng thử lại." - "Họ và tên" và "Email" giữ nguyên giá trị đã nhập - GET /api/users?email=f08@demo.test (sau khi có mạng lại) trả danh sách rỗng | N43: @UC-DEMO-001 @function @abnormal @P2 | O43: Có | Q43: Not Run
A44: 39 | B44: UC-DEMO-001 | C44: UC-DEMO-001-TC-F09 | D44: Function | E44: Member gọi API tạo người dùng bị từ chối | F44: Negative | G44: P1 | H44: Phân quyền | I44: PM-USER-02 | J44: Có token của member1@t1.demo.test (Member, T1) và của admin1@t1.demo.test | K44: body {"name": "Trần Minh", "email": "f09@demo.test", "role": "Member"} | L44: 1) Dùng token Member gửi POST /api/users với body ở cột Dữ liệu 2) Dùng token Admin gửi GET /api/users?email=f09@demo.test | M44: - Bước 1 trả HTTP 403 - bước 2 trả danh sách rỗng | N44: @UC-DEMO-001 @function @negative @P1 | O44: Có | Q44: Not Run
A45: 40 | B45: UC-DEMO-001 | C45: UC-DEMO-001-TC-F10 | D45: Function | E45: Admin tạo người dùng sang tenant khác qua API bị từ chối | F45: Negative | G45: P1 | H45: Phân quyền | I45: PM-USER-03 | J45: Có token của admin1@t1.demo.test (T1) và admin1@t2.demo.test (T2) | K45: body {"name": "Trần Minh", "email": "f10@demo.test", "role": "Member", "tenantId": "T2"} | L45: 1) Dùng token Admin T1 gửi POST /api/users với body ở cột Dữ liệu 2) Dùng token Admin T2 gửi GET /api/users?email=f10@demo.test | M45: - Bước 1 trả HTTP 403 - bước 2 trả danh sách rỗng | N45: @UC-DEMO-001 @function @negative @P1 | O45: Có | Q45: Not Run
A46: 41 | B46: UC-DEMO-001 | C46: UC-DEMO-001-TC-F11 | D46: Function | E46: Email mời được gửi tới đúng địa chỉ | F46: Positive | G46: P2 | H46: Kịch bản | I46: UC-DEMO-001-SE-02 | J46: Đăng nhập admin1@t1.demo.test (Admin, tenant T1) đang ở màn hình "Tạo người dùng" hộp thư test trống | K46: Họ và tên = "Phạm Hoa" Email = "f11@demo.test" Vai trò = Member | L46: 1) Nhập dữ liệu 2) Bấm "Gửi lời mời" 3) Đọc hộp thư test của f11@demo.test | M46: - Hộp thư f11@demo.test có đúng 1 email tiêu đề "Lời mời tham gia Demo" - nội dung có link kích hoạt | N46: @UC-DEMO-001 @function @positive @P2 | O46: Có | Q46: Not Run
A47: 42 | B47: UC-DEMO-001 | C47: UC-DEMO-001-TC-F12 | D47: Function | E47: Audit ghi sự kiện mời người dùng | F47: Positive | G47: P2 | H47: Kịch bản | I47: UC-DEMO-001-SE-03 | J47: Đăng nhập admin1@t1.demo.test (Admin, tenant T1) đang ở màn hình "Tạo người dùng" | K47: Họ và tên = "Phạm Hoa" Email = "f12@demo.test" Vai trò = Member | L47: 1) Nhập dữ liệu 2) Bấm "Gửi lời mời" 3) Gửi GET /api/audit?target=f12@demo.test | M47: Có đúng 1 bản ghi: action "user.invited", actor "admin1@t1.demo.test", target "f12@demo.test" | N47: @UC-DEMO-001 @function @positive @P2 | O47: Có | Q47: Not Run
... A51: 46 | B51: UC-DEMO-001 | C51: UC-DEMO-001-TC-F16 | D51: Function | E51: Hết phiên khi đang nhập thì không tạo và chuyển tới đăng nhập | F51: Abnormal | G51: P3 | H51: Đoán lỗi | I51: UC-DEMO-001-EG-04 | J51: Đăng nhập admin1@t1.demo.test (Admin, tenant T1) đang ở màn hình "Tạo người dùng" | K51: Họ và tên = "Phạm Hoa" Email = "f16@demo.test" Vai trò = Member | L51: 1) Nhập dữ liệu 2) Làm hết phiên (xóa cookie phiên) 3) Bấm "Gửi lời mời" 4) Đăng nhập lại và mở /users | M51: - Sau bước 3 URL là /login - sau bước 4 danh sách không có f16@demo.test | N51: @UC-DEMO-001 @function @abnormal @P3 | O51: Có — mô phỏng bằng xóa cookie; trường hợp chờ đủ 30 phút chạy tay | Q51: Not Run

Sheet Tổng hợp
A1: Tổng hợp test case và kết quả chạy
A2: Mọi số liệu tính bằng công thức từ sheet 'Test cases' — tự cập nhật khi điền cột Trạng thái chạy.
A4: UC | B4: Tổng TC | C4: Redirect | D4: Validation | E4: Function | F4: P1 | G4: Pass | H4: Fail | I4: Blocked | J4: Not Run | K4: N/A | L4: % đã chạy | M4: % Pass
A5: UC-DEMO-001 | B5: =COUNTIFS('Test cases'!$B$2:$B$51,$A5) -> 46 | C5: =COUNTIFS('Test cases'!$B$2:$B$51,$A5,'Test cases'!$D$2:$D$51,"Redirect") -> 9 | D5: =COUNTIFS('Test cases'!$B$2:$B$51,$A5,'Test cases'!$D$2:$D$51,"Validation") -> 21 | E5: =COUNTIFS('Test cases'!$B$2:$B$51,$A5,'Test cases'!$D$2:$D$51,"Function") -> 16 | F5: =COUNTIFS('Test cases'!$B$2:$B$51,$A5,'Test cases'!$G$2:$G$51,"P1") -> 14 | G5: =COUNTIFS('Test cases'!$B$2:$B$51,$A5,'Test cases'!$Q$2:$Q$51,"Pass") -> 0 | H5: =COUNTIFS('Test cases'!$B$2:$B$51,$A5,'Test cases'!$Q$2:$Q$51,"Fail") -> 0 | I5: =COUNTIFS('Test cases'!$B$2:$B$51,$A5,'Test cases'!$Q$2:$Q$51,"Blocked") -> 0 | J5: =COUNTIFS('Test cases'!$B$2:$B$51,$A5,'Test cases'!$Q$2:$Q$51,"Not Run") -> 46 | K5: =COUNTIFS('Test cases'!$B$2:$B$51,$A5,'Test cases'!$Q$2:$Q$51,"N/A") -> 0 | L5: =IFERROR((G5+H5)/(B5-K5),0) -> 0 | M5: =IFERROR(G5/(G5+H5),0) -> 0
A6: Tổng | B6: =SUM(B5:B5) -> 46 | C6: =SUM(C5:C5) -> 9 | D6: =SUM(D5:D5) -> 21 | E6: =SUM(E5:E5) -> 16 | F6: =SUM(F5:F5) -> 14 | G6: =SUM(G5:G5) -> 0 | H6: =SUM(H5:H5) -> 0 | I6: =SUM(I5:I5) -> 0 | ... K6: =SUM(K5:K5) -> 0 | L6: =IFERROR((G6+H6)/(B6-K6),0) -> 0 | M6: =IFERROR(G6/(G6+H6),0) -> 0
A8: % đã chạy = (Pass + Fail) / (Tổng − N/A). % Pass = Pass / (Pass + Fail). Blocked và Not Run tính là chưa chạy.

Sheet Hướng dẫn
A1: Hướng dẫn sử dụng
A2: Nguồn | B2: examples/cases-demo.md — sinh bằng scripts/tc_export_xlsx.py. Sửa TC ở file markdown rồi xuất lại; chỉ điền kết quả chạy trong Excel.
A3: Cột cần điền | B3: Cột P–U trên sheet 'Test cases' (nền vàng): Kết quả thực tế, Trạng thái chạy, Ngày chạy, Người chạy, Bug ID, Ghi chú.
A4: Trạng thái chạy | B4: Pass · Fail · Blocked (không chạy được vì lỗi khác / thiếu môi trường) · Not Run (mặc định) · N/A (không áp dụng ở đợt này).
A5: Loại | B5: Positive = happy case · Negative = cố tình sai (dữ liệu sai, vi phạm rule, không quyền) · Abnormal = sự cố (mất mạng, bấm hai lần, đồng thời, hết phiên).
A6: Ưu tiên | B6: P1 luồng chính, phân quyền, dữ liệu, bảo mật · P2 luồng thay thế, rule, validation chính · P3 hiển thị, trường hợp hiếm.
A7: Ví dụ một dòng đã chạy | B7: Kết quả thực tế: Hiện "Họ và tên từ 2 đến 50 ký tự." · Trạng thái chạy: Pass · Ngày chạy: 2026-10-05 · Người chạy: Lan · Bug ID: (trống) · Ghi chú: (trống)
A8: Ví dụ dòng lỗi | B8: Kết quả thực tế: Tạo được người dùng với tên 51 ký tự · Trạng thái chạy: Fail · Ngày chạy: 2026-10-05 · Người chạy: Lan · Bug ID: BUG-123
