Workbook

Sheet Cover
C2: TEST CASE
B3: Project Name | C3: DTP | F3: Creator
B4: Project Code | F4: Reviewer/Approver
B5: Document Code | F5: Issue Date
F6: Version | G6: Version 1.6
B7: Purpose of document
B8: Test environment
B9: Record of change
B10: Effective Date | C10: Version | D10: Change Item | E10: *A,D,M | F10: Change description | G10: Reference
B11: 01/10/2026 | C11: 1.0 | D11: Login, Scopes | E11: A | F11: Tạo mới | G11: UC List v2.1, Figma
B12: 02/10/2026 | C12: 1.1 | D12: Tất cả sheet | E12: M | F12: Một màu, một phông | G12: FB-016, FB-019
B13: 02/10/2026 | C13: 1.1 | D13: Login | E13: M | F13: Sửa vùng đếm tổng kết | G13: FB-019
B14: 05/10/2026 | C14: 1.2 | D14: Users, Profile, Cần xác nhận | E14: A | F14: Tạo mới từ UC List v4; nhãn, bố cục chờ Figma trang 02 | G14: UC List v4
B15: 06/10/2026 | C15: 1.3 | D15: Scopes, Login, Users | E15: M | F15: Pre-condition chỉ ghi trạng thái trước khi vào màn đang test, mở màn là Step 1; đổi Name sang giá trị cụ thể ở các case tạo scope | G15: FB-040
B16: 06/10/2026 | C16: 1.3 | D16: Scopes | E16: A | F16: Thêm Scope_130–132; viết lại Scope_021, 022, 025, 026 kiểm tra đủ Type, Name, In scope, Out of scope; thêm Q-S-28 | G16: FB-041
B17: 07/10/2026 | C17: 1.4 | D17: Scopes | E17: M | F17: Hanna viết lại khu vực Điều hướng và Danh sách scope (No. 1–67) | G17: FB-042 → FB-046
B18: 07/10/2026 | C18: 1.5 | D18: Scopes | E18: M | F18: Viết lại từ Chi tiết scope trở xuống theo cách viết của bản 1.4; thêm case biên cho Evidence coverage, Coverage; đánh lại No. và TVP_ID | G18: FB-042 → FB-048
B19: 07/10/2026 | C19: 1.5 | D19: Tất cả sheet | E19: M | F19: Mọi ô Times New Roman 10; ô bắt đầu bằng dấu - có dấu nháy đơn ở đầu | G19: FB-016, FB-049
B20: 08/10/2026 | C20: 1.6 | D20: Frameworks | E20: A | F20: Thêm sheet Frameworks (118 case; Expected để trống ở case còn câu hỏi Q-F) | G20: UC v4 FWK-01…07
B25: Annotation:
B26: A: Add
B27: D: Delete
B28: M: Modify

Sheet Test_Report
E2: Test Round 1 | N2: Test Round 2 (After fixed bug)
B3: Sheet name | C3: Classification I | D3: Classification II | E3: Executed rate | F3: Executed | G3: Total | H3: Passed | I3: Failed | J3: Pending | K3: Blocked | L3: NA | M3: Not execute | N3: Executed rate | O3: Executed | P3: Total | Q3: Passed | R3: Failed | S3: Pending | T3: Blocked | U3: NA | V3: Not execute
B4: Login | C4: Đăng nhập - Login | D4: Điều hướng - Redirect | E4: =F4/G4 -> 0 | F4: =SUM(H4:L4) -> 0 | G4: =SUM(H4:M4) -> 3 | H4: =COUNTIF('Login'!$M$13:$M$15,H$3) -> 0 | I4: =COUNTIF('Login'!$M$13:$M$15,I$3) -> 0 | J4: =COUNTIF('Login'!$M$13:$M$15,J$3) -> 0 | K4: =COUNTIF('Login'!$M$13:$M$15,K$3) -> 0 | L4: =COUNTIF('Login'!$M$13:$M$15,L$3) -> 0 | M4: =COUNTA('Login'!$G$13:$G$15)-SUM(H4:L4) -> 3 | N4: =O4/P4 -> 0 | O4: =SUM(Q4:U4) -> 0 | P4: =SUM(Q4:V4) -> 3 | Q4: =COUNTIF('Login'!$R$13:$R$15,Q$3) -> 0 | R4: =COUNTIF('Login'!$R$13:$R$15,R$3) -> 0 | S4: =COUNTIF('Login'!$R$13:$R$15,S$3) -> 0 | T4: =COUNTIF('Login'!$R$13:$R$15,T$3) -> 0 | U4: =COUNTIF('Login'!$R$13:$R$15,U$3) -> 0 | V4: =COUNTA('Login'!$G$13:$G$15)-SUM(Q4:U4) -> 3
C5: Đăng nhập - Login | D5: Hiển thị - Display | E5: =F5/G5 -> 0 | F5: =SUM(H5:L5) -> 0 | G5: =SUM(H5:M5) -> 4 | H5: =COUNTIF('Login'!$M$16:$M$19,H$3) -> 0 | I5: =COUNTIF('Login'!$M$16:$M$19,I$3) -> 0 | J5: =COUNTIF('Login'!$M$16:$M$19,J$3) -> 0 | K5: =COUNTIF('Login'!$M$16:$M$19,K$3) -> 0 | L5: =COUNTIF('Login'!$M$16:$M$19,L$3) -> 0 | M5: =COUNTA('Login'!$G$16:$G$19)-SUM(H5:L5) -> 4 | N5: =O5/P5 -> 0 | O5: =SUM(Q5:U5) -> 0 | P5: =SUM(Q5:V5) -> 4 | Q5: =COUNTIF('Login'!$R$16:$R$19,Q$3) -> 0 | R5: =COUNTIF('Login'!$R$16:$R$19,R$3) -> 0 | S5: =COUNTIF('Login'!$R$16:$R$19,S$3) -> 0 | T5: =COUNTIF('Login'!$R$16:$R$19,T$3) -> 0 | U5: =COUNTIF('Login'!$R$16:$R$19,U$3) -> 0 | V5: =COUNTA('Login'!$G$16:$G$19)-SUM(Q5:U5) -> 4
C6: Đăng nhập - Login | D6: Ngôn ngữ - Language | E6: =F6/G6 -> 0 | F6: =SUM(H6:L6) -> 0 | G6: =SUM(H6:M6) -> 4 | H6: =COUNTIF('Login'!$M$20:$M$23,H$3) -> 0 | I6: =COUNTIF('Login'!$M$20:$M$23,I$3) -> 0 | J6: =COUNTIF('Login'!$M$20:$M$23,J$3) -> 0 | K6: =COUNTIF('Login'!$M$20:$M$23,K$3) -> 0 | L6: =COUNTIF('Login'!$M$20:$M$23,L$3) -> 0 | M6: =COUNTA('Login'!$G$20:$G$23)-SUM(H6:L6) -> 4 | N6: =O6/P6 -> 0 | O6: =SUM(Q6:U6) -> 0 | P6: =SUM(Q6:V6) -> 4 | Q6: =COUNTIF('Login'!$R$20:$R$23,Q$3) -> 0 | R6: =COUNTIF('Login'!$R$20:$R$23,R$3) -> 0 | S6: =COUNTIF('Login'!$R$20:$R$23,S$3) -> 0 | T6: =COUNTIF('Login'!$R$20:$R$23,T$3) -> 0 | U6: =COUNTIF('Login'!$R$20:$R$23,U$3) -> 0 | V6: =COUNTA('Login'!$G$20:$G$23)-SUM(Q6:U6) -> 4
C7: Đăng nhập - Login | D7: Email | E7: =F7/G7 -> 0 | F7: =SUM(H7:L7) -> 0 | G7: =SUM(H7:M7) -> 9 | H7: =COUNTIF('Login'!$M$24:$M$32,H$3) -> 0 | I7: =COUNTIF('Login'!$M$24:$M$32,I$3) -> 0 | J7: =COUNTIF('Login'!$M$24:$M$32,J$3) -> 0 | K7: =COUNTIF('Login'!$M$24:$M$32,K$3) -> 0 | L7: =COUNTIF('Login'!$M$24:$M$32,L$3) -> 0 | M7: =COUNTA('Login'!$G$24:$G$32)-SUM(H7:L7) -> 9 | N7: =O7/P7 -> 0 | O7: =SUM(Q7:U7) -> 0 | P7: =SUM(Q7:V7) -> 9 | Q7: =COUNTIF('Login'!$R$24:$R$32,Q$3) -> 0 | R7: =COUNTIF('Login'!$R$24:$R$32,R$3) -> 0 | S7: =COUNTIF('Login'!$R$24:$R$32,S$3) -> 0 | T7: =COUNTIF('Login'!$R$24:$R$32,T$3) -> 0 | U7: =COUNTIF('Login'!$R$24:$R$32,U$3) -> 0 | V7: =COUNTA('Login'!$G$24:$G$32)-SUM(Q7:U7) -> 9
C8: Đăng nhập - Login | D8: Mật khẩu - Password | E8: =F8/G8 -> 0 | F8: =SUM(H8:L8) -> 0 | G8: =SUM(H8:M8) -> 7 | H8: =COUNTIF('Login'!$M$33:$M$39,H$3) -> 0 | I8: =COUNTIF('Login'!$M$33:$M$39,I$3) -> 0 | J8: =COUNTIF('Login'!$M$33:$M$39,J$3) -> 0 | K8: =COUNTIF('Login'!$M$33:$M$39,K$3) -> 0 | L8: =COUNTIF('Login'!$M$33:$M$39,L$3) -> 0 | M8: =COUNTA('Login'!$G$33:$G$39)-SUM(H8:L8) -> 7 | N8: =O8/P8 -> 0 | O8: =SUM(Q8:U8) -> 0 | P8: =SUM(Q8:V8) -> 7 | Q8: =COUNTIF('Login'!$R$33:$R$39,Q$3) -> 0 | R8: =COUNTIF('Login'!$R$33:$R$39,R$3) -> 0 | S8: =COUNTIF('Login'!$R$33:$R$39,S$3) -> 0 | T8: =COUNTIF('Login'!$R$33:$R$39,T$3) -> 0 | U8: =COUNTIF('Login'!$R$33:$R$39,U$3) -> 0 | V8: =COUNTA('Login'!$G$33:$G$39)-SUM(Q8:U8) -> 7
C9: Đăng nhập - Login | D9: Ghi nhớ đăng nhập | E9: =F9/G9 -> 0 | F9: =SUM(H9:L9) -> 0 | G9: =SUM(H9:M9) -> 4 | H9: =COUNTIF('Login'!$M$40:$M$43,H$3) -> 0 | I9: =COUNTIF('Login'!$M$40:$M$43,I$3) -> 0 | J9: =COUNTIF('Login'!$M$40:$M$43,J$3) -> 0 | K9: =COUNTIF('Login'!$M$40:$M$43,K$3) -> 0 | L9: =COUNTIF('Login'!$M$40:$M$43,L$3) -> 0 | M9: =COUNTA('Login'!$G$40:$G$43)-SUM(H9:L9) -> 4 | N9: =O9/P9 -> 0 | O9: =SUM(Q9:U9) -> 0 | P9: =SUM(Q9:V9) -> 4 | Q9: =COUNTIF('Login'!$R$40:$R$43,Q$3) -> 0 | R9: =COUNTIF('Login'!$R$40:$R$43,R$3) -> 0 | S9: =COUNTIF('Login'!$R$40:$R$43,S$3) -> 0 | T9: =COUNTIF('Login'!$R$40:$R$43,T$3) -> 0 | U9: =COUNTIF('Login'!$R$40:$R$43,U$3) -> 0 | V9: =COUNTA('Login'!$G$40:$G$43)-SUM(Q9:U9) -> 4
C10: Đăng nhập - Login | D10: Đăng nhập - Sign in | E10: =F10/G10 -> 0 | F10: =SUM(H10:L10) -> 0 | G10: =SUM(H10:M10) -> 10 | H10: =COUNTIF('Login'!$M$44:$M$53,H$3) -> 0 | I10: =COUNTIF('Login'!$M$44:$M$53,I$3) -> 0 | J10: =COUNTIF('Login'!$M$44:$M$53,J$3) -> 0 | K10: =COUNTIF('Login'!$M$44:$M$53,K$3) -> 0 | L10: =COUNTIF('Login'!$M$44:$M$53,L$3) -> 0 | M10: =COUNTA('Login'!$G$44:$G$53)-SUM(H10:L10) -> 10 | N10: =O10/P10 -> 0 | O10: =SUM(Q10:U10) -> 0 | P10: =SUM(Q10:V10) -> 10 | Q10: =COUNTIF('Login'!$R$44:$R$53,Q$3) -> 0 | R10: =COUNTIF('Login'!$R$44:$R$53,R$3) -> 0 | S10: =COUNTIF('Login'!$R$44:$R$53,S$3) -> 0 | T10: =COUNTIF('Login'!$R$44:$R$53,T$3) -> 0 | U10: =COUNTIF('Login'!$R$44:$R$53,U$3) -> 0 | V10: =COUNTA('Login'!$G$44:$G$53)-SUM(Q10:U10) -> 10
C11: Đăng nhập - Login | D11: Nút Sign in | E11: =F11/G11 -> 0 | F11: =SUM(H11:L11) -> 0 | G11: =SUM(H11:M11) -> 3 | H11: =COUNTIF('Login'!$M$54:$M$56,H$3) -> 0 | I11: =COUNTIF('Login'!$M$54:$M$56,I$3) -> 0 | J11: =COUNTIF('Login'!$M$54:$M$56,J$3) -> 0 | K11: =COUNTIF('Login'!$M$54:$M$56,K$3) -> 0 | L11: =COUNTIF('Login'!$M$54:$M$56,L$3) -> 0 | M11: =COUNTA('Login'!$G$54:$G$56)-SUM(H11:L11) -> 3 | N11: =O11/P11 -> 0 | O11: =SUM(Q11:U11) -> 0 | P11: =SUM(Q11:V11) -> 3 | Q11: =COUNTIF('Login'!$R$54:$R$56,Q$3) -> 0 | R11: =COUNTIF('Login'!$R$54:$R$56,R$3) -> 0 | S11: =COUNTIF('Login'!$R$54:$R$56,S$3) -> 0 | T11: =COUNTIF('Login'!$R$54:$R$56,T$3) -> 0 | U11: =COUNTIF('Login'!$R$54:$R$56,U$3) -> 0 | V11: =COUNTA('Login'!$G$54:$G$56)-SUM(Q11:U11) -> 3
C12: Đăng nhập - Login | D12: Hỗ trợ - Support | E12: =F12/G12 -> 0 | F12: =SUM(H12:L12) -> 0 | G12: =SUM(H12:M12) -> 3 | H12: =COUNTIF('Login'!$M$57:$M$59,H$3) -> 0 | I12: =COUNTIF('Login'!$M$57:$M$59,I$3) -> 0 | J12: =COUNTIF('Login'!$M$57:$M$59,J$3) -> 0 | K12: =COUNTIF('Login'!$M$57:$M$59,K$3) -> 0 | L12: =COUNTIF('Login'!$M$57:$M$59,L$3) -> 0 | M12: =COUNTA('Login'!$G$57:$G$59)-SUM(H12:L12) -> 3 | N12: =O12/P12 -> 0 | O12: =SUM(Q12:U12) -> 0 | P12: =SUM(Q12:V12) -> 3 | Q12: =COUNTIF('Login'!$R$57:$R$59,Q$3) -> 0 | R12: =COUNTIF('Login'!$R$57:$R$59,R$3) -> 0 | S12: =COUNTIF('Login'!$R$57:$R$59,S$3) -> 0 | T12: =COUNTIF('Login'!$R$57:$R$59,T$3) -> 0 | U12: =COUNTIF('Login'!$R$57:$R$59,U$3) -> 0 | V12: =COUNTA('Login'!$G$57:$G$59)-SUM(Q12:U12) -> 3
C13: Đăng nhập - Login | D13: Bảo mật - Security | E13: =F13/G13 -> 0 | F13: =SUM(H13:L13) -> 0 | G13: =SUM(H13:M13) -> 5 | H13: =COUNTIF('Login'!$M$60:$M$64,H$3) -> 0 | I13: =COUNTIF('Login'!$M$60:$M$64,I$3) -> 0 | J13: =COUNTIF('Login'!$M$60:$M$64,J$3) -> 0 | K13: =COUNTIF('Login'!$M$60:$M$64,K$3) -> 0 | L13: =COUNTIF('Login'!$M$60:$M$64,L$3) -> 0 | M13: =COUNTA('Login'!$G$60:$G$64)-SUM(H13:L13) -> 5 | N13: =O13/P13 -> 0 | O13: =SUM(Q13:U13) -> 0 | P13: =SUM(Q13:V13) -> 5 | Q13: =COUNTIF('Login'!$R$60:$R$64,Q$3) -> 0 | R13: =COUNTIF('Login'!$R$60:$R$64,R$3) -> 0 | S13: =COUNTIF('Login'!$R$60:$R$64,S$3) -> 0 | T13: =COUNTIF('Login'!$R$60:$R$64,T$3) -> 0 | U13: =COUNTIF('Login'!$R$60:$R$64,U$3) -> 0 | V13: =COUNTA('Login'!$G$60:$G$64)-SUM(Q13:U13) -> 5
C14: Total | E14: =F14/G14 -> 0 | F14: =SUM(H14:L14) -> 0 | G14: =SUM(H14:M14) -> 52 | H14: =SUM(H4:H13) -> 0 | I14: =SUM(I4:I13) -> 0 | J14: =SUM(J4:J13) -> 0 | K14: =SUM(K4:K13) -> 0 | L14: =SUM(L4:L13) -> 0 | M14: =SUM(M4:M13) -> 52 | N14: =O14/P14 -> 0 | O14: =SUM(Q14:U14) -> 0 | P14: =SUM(Q14:V14) -> 52 | Q14: =SUM(Q4:Q13) -> 0 | R14: =SUM(R4:R13) -> 0 | S14: =SUM(S4:S13) -> 0 | T14: =SUM(T4:T13) -> 0 | U14: =SUM(U4:U13) -> 0 | V14: =SUM(V4:V13) -> 52
B15: Scopes | C15: Điều hướng - Redirect | D15: Vào danh sách - Scope list | E15: =F15/G15 -> 0 | F15: =SUM(H15:L15) -> 0 | G15: =SUM(H15:M15) -> 2 | H15: =COUNTIF('Scopes'!$M$13:$M$14,H$3) -> 0 | I15: =COUNTIF('Scopes'!$M$13:$M$14,I$3) -> 0 | J15: =COUNTIF('Scopes'!$M$13:$M$14,J$3) -> 0 | K15: =COUNTIF('Scopes'!$M$13:$M$14,K$3) -> 0 | L15: =COUNTIF('Scopes'!$M$13:$M$14,L$3) -> 0 | M15: =COUNTA('Scopes'!$G$13:$G$14)-SUM(H15:L15) -> 2 | N15: =O15/P15 -> 0 | O15: =SUM(Q15:U15) -> 0 | P15: =SUM(Q15:V15) -> 2 | Q15: =COUNTIF('Scopes'!$R$13:$R$14,Q$3) -> 0 | R15: =COUNTIF('Scopes'!$R$13:$R$14,R$3) -> 0 | S15: =COUNTIF('Scopes'!$R$13:$R$14,S$3) -> 0 | T15: =COUNTIF('Scopes'!$R$13:$R$14,T$3) -> 0 | U15: =COUNTIF('Scopes'!$R$13:$R$14,U$3) -> 0 | V15: =COUNTA('Scopes'!$G$13:$G$14)-SUM(Q15:U15) -> 2
C16: Điều hướng - Redirect | D16: Vào chi tiết - Scope detail | E16: =F16/G16 -> 0 | F16: =SUM(H16:L16) -> 0 | G16: =SUM(H16:M16) -> 3 | H16: =COUNTIF('Scopes'!$M$15:$M$17,H$3) -> 0 | I16: =COUNTIF('Scopes'!$M$15:$M$17,I$3) -> 0 | J16: =COUNTIF('Scopes'!$M$15:$M$17,J$3) -> 0 | K16: =COUNTIF('Scopes'!$M$15:$M$17,K$3) -> 0 | L16: =COUNTIF('Scopes'!$M$15:$M$17,L$3) -> 0 | M16: =COUNTA('Scopes'!$G$15:$G$17)-SUM(H16:L16) -> 3 | N16: =O16/P16 -> 0 | O16: =SUM(Q16:U16) -> 0 | P16: =SUM(Q16:V16) -> 3 | Q16: =COUNTIF('Scopes'!$R$15:$R$17,Q$3) -> 0 | R16: =COUNTIF('Scopes'!$R$15:$R$17,R$3) -> 0 | S16: =COUNTIF('Scopes'!$R$15:$R$17,S$3) -> 0 | T16: =COUNTIF('Scopes'!$R$15:$R$17,T$3) -> 0 | U16: =COUNTIF('Scopes'!$R$15:$R$17,U$3) -> 0 | V16: =COUNTA('Scopes'!$G$15:$G$17)-SUM(Q16:U16) -> 3
C17: Danh sách scope - Scope list | D17: Tiêu đề trang - Title | E17: =F17/G17 -> 0 | F17: =SUM(H17:L17) -> 0 | G17: =SUM(H17:M17) -> 1 | H17: =COUNTIF('Scopes'!$M$18:$M$18,H$3) -> 0 | I17: =COUNTIF('Scopes'!$M$18:$M$18,I$3) -> 0 | J17: =COUNTIF('Scopes'!$M$18:$M$18,J$3) -> 0 | K17: =COUNTIF('Scopes'!$M$18:$M$18,K$3) -> 0 | L17: =COUNTIF('Scopes'!$M$18:$M$18,L$3) -> 0 | M17: =COUNTA('Scopes'!$G$18:$G$18)-SUM(H17:L17) -> 1 | N17: =O17/P17 -> 0 | O17: =SUM(Q17:U17) -> 0 | P17: =SUM(Q17:V17) -> 1 | Q17: =COUNTIF('Scopes'!$R$18:$R$18,Q$3) -> 0 | R17: =COUNTIF('Scopes'!$R$18:$R$18,R$3) -> 0 | S17: =COUNTIF('Scopes'!$R$18:$R$18,S$3) -> 0 | T17: =COUNTIF('Scopes'!$R$18:$R$18,T$3) -> 0 | U17: =COUNTIF('Scopes'!$R$18:$R$18,U$3) -> 0 | V17: =COUNTA('Scopes'!$G$18:$G$18)-SUM(Q17:U17) -> 1
C18: Danh sách scope - Scope list | D18: Trạng thái rỗng - Empty | E18: =F18/G18 -> 0 | F18: =SUM(H18:L18) -> 0 | G18: =SUM(H18:M18) -> 1 | H18: =COUNTIF('Scopes'!$M$19:$M$19,H$3) -> 0 | I18: =COUNTIF('Scopes'!$M$19:$M$19,I$3) -> 0 | J18: =COUNTIF('Scopes'!$M$19:$M$19,J$3) -> 0 | K18: =COUNTIF('Scopes'!$M$19:$M$19,K$3) -> 0 | L18: =COUNTIF('Scopes'!$M$19:$M$19,L$3) -> 0 | M18: =COUNTA('Scopes'!$G$19:$G$19)-SUM(H18:L18) -> 1 | N18: =O18/P18 -> 0 | O18: =SUM(Q18:U18) -> 0 | P18: =SUM(Q18:V18) -> 1 | Q18: =COUNTIF('Scopes'!$R$19:$R$19,Q$3) -> 0 | R18: =COUNTIF('Scopes'!$R$19:$R$19,R$3) -> 0 | S18: =COUNTIF('Scopes'!$R$19:$R$19,S$3) -> 0 | T18: =COUNTIF('Scopes'!$R$19:$R$19,T$3) -> 0 | U18: =COUNTIF('Scopes'!$R$19:$R$19,U$3) -> 0 | V18: =COUNTA('Scopes'!$G$19:$G$19)-SUM(Q18:U18) -> 1
C19: Danh sách scope - Scope list | D19: Tạo scope - Create scope | E19: =F19/G19 -> 0 | F19: =SUM(H19:L19) -> 0 | G19: =SUM(H19:M19) -> 20 | H19: =COUNTIF('Scopes'!$M$20:$M$39,H$3) -> 0 | I19: =COUNTIF('Scopes'!$M$20:$M$39,I$3) -> 0 | J19: =COUNTIF('Scopes'!$M$20:$M$39,J$3) -> 0 | K19: =COUNTIF('Scopes'!$M$20:$M$39,K$3) -> 0 | L19: =COUNTIF('Scopes'!$M$20:$M$39,L$3) -> 0 | M19: =COUNTA('Scopes'!$G$20:$G$39)-SUM(H19:L19) -> 20 | N19: =O19/P19 -> 0 | O19: =SUM(Q19:U19) -> 0 | P19: =SUM(Q19:V19) -> 20 | Q19: =COUNTIF('Scopes'!$R$20:$R$39,Q$3) -> 0 | R19: =COUNTIF('Scopes'!$R$20:$R$39,R$3) -> 0 | S19: =COUNTIF('Scopes'!$R$20:$R$39,S$3) -> 0 | T19: =COUNTIF('Scopes'!$R$20:$R$39,T$3) -> 0 | U19: =COUNTIF('Scopes'!$R$20:$R$39,U$3) -> 0 | V19: =COUNTA('Scopes'!$G$20:$G$39)-SUM(Q19:U19) -> 20
C20: Danh sách scope - Scope list | D20: Thanh công cụ - Toolbar | E20: =F20/G20 -> 0 | F20: =SUM(H20:L20) -> 0 | G20: =SUM(H20:M20) -> 7 | H20: =COUNTIF('Scopes'!$M$40:$M$46,H$3) -> 0 | I20: =COUNTIF('Scopes'!$M$40:$M$46,I$3) -> 0 | J20: =COUNTIF('Scopes'!$M$40:$M$46,J$3) -> 0 | K20: =COUNTIF('Scopes'!$M$40:$M$46,K$3) -> 0 | L20: =COUNTIF('Scopes'!$M$40:$M$46,L$3) -> 0 | M20: =COUNTA('Scopes'!$G$40:$G$46)-SUM(H20:L20) -> 7 | N20: =O20/P20 -> 0 | O20: =SUM(Q20:U20) -> 0 | P20: =SUM(Q20:V20) -> 7 | Q20: =COUNTIF('Scopes'!$R$40:$R$46,Q$3) -> 0 | R20: =COUNTIF('Scopes'!$R$40:$R$46,R$3) -> 0 | S20: =COUNTIF('Scopes'!$R$40:$R$46,S$3) -> 0 | T20: =COUNTIF('Scopes'!$R$40:$R$46,T$3) -> 0 | U20: =COUNTIF('Scopes'!$R$40:$R$46,U$3) -> 0 | V20: =COUNTA('Scopes'!$G$40:$G$46)-SUM(Q20:U20) -> 7
C21: Danh sách scope - Scope list | D21: Bảng danh sách - Table | E21: =F21/G21 -> 0 | F21: =SUM(H21:L21) -> 0 | G21: =SUM(H21:M21) -> 22 | H21: =COUNTIF('Scopes'!$M$47:$M$68,H$3) -> 0 | I21: =COUNTIF('Scopes'!$M$47:$M$68,I$3) -> 0 | J21: =COUNTIF('Scopes'!$M$47:$M$68,J$3) -> 0 | K21: =COUNTIF('Scopes'!$M$47:$M$68,K$3) -> 0 | L21: =COUNTIF('Scopes'!$M$47:$M$68,L$3) -> 0 | M21: =COUNTA('Scopes'!$G$47:$G$68)-SUM(H21:L21) -> 22 | N21: =O21/P21 -> 0 | O21: =SUM(Q21:U21) -> 0 | P21: =SUM(Q21:V21) -> 22 | Q21: =COUNTIF('Scopes'!$R$47:$R$68,Q$3) -> 0 | R21: =COUNTIF('Scopes'!$R$47:$R$68,R$3) -> 0 | S21: =COUNTIF('Scopes'!$R$47:$R$68,S$3) -> 0 | T21: =COUNTIF('Scopes'!$R$47:$R$68,T$3) -> 0 | U21: =COUNTIF('Scopes'!$R$47:$R$68,U$3) -> 0 | V21: =COUNTA('Scopes'!$G$47:$G$68)-SUM(Q21:U21) -> 22
C22: Danh sách scope - Scope list | D22: Phân trang - Paging | E22: =F22/G22 -> 0 | F22: =SUM(H22:L22) -> 0 | G22: =SUM(H22:M22) -> 5 | H22: =COUNTIF('Scopes'!$M$69:$M$73,H$3) -> 0 | I22: =COUNTIF('Scopes'!$M$69:$M$73,I$3) -> 0 | J22: =COUNTIF('Scopes'!$M$69:$M$73,J$3) -> 0 | K22: =COUNTIF('Scopes'!$M$69:$M$73,K$3) -> 0 | L22: =COUNTIF('Scopes'!$M$69:$M$73,L$3) -> 0 | M22: =COUNTA('Scopes'!$G$69:$G$73)-SUM(H22:L22) -> 5 | N22: =O22/P22 -> 0 | O22: =SUM(Q22:U22) -> 0 | P22: =SUM(Q22:V22) -> 5 | Q22: =COUNTIF('Scopes'!$R$69:$R$73,Q$3) -> 0 | R22: =COUNTIF('Scopes'!$R$69:$R$73,R$3) -> 0 | S22: =COUNTIF('Scopes'!$R$69:$R$73,S$3) -> 0 | T22: =COUNTIF('Scopes'!$R$69:$R$73,T$3) -> 0 | U22: =COUNTIF('Scopes'!$R$69:$R$73,U$3) -> 0 | V22: =COUNTA('Scopes'!$G$69:$G$73)-SUM(Q22:U22) -> 5
C23: Chi tiết scope - Scope detail | D23: Phần đầu - Header | E23: =F23/G23 -> 0 | F23: =SUM(H23:L23) -> 0 | G23: =SUM(H23:M23) -> 7 | H23: =COUNTIF('Scopes'!$M$74:$M$80,H$3) -> 0 | I23: =COUNTIF('Scopes'!$M$74:$M$80,I$3) -> 0 | J23: =COUNTIF('Scopes'!$M$74:$M$80,J$3) -> 0 | K23: =COUNTIF('Scopes'!$M$74:$M$80,K$3) -> 0 | L23: =COUNTIF('Scopes'!$M$74:$M$80,L$3) -> 0 | M23: =COUNTA('Scopes'!$G$74:$G$80)-SUM(H23:L23) -> 7 | N23: =O23/P23 -> 0 | O23: =SUM(Q23:U23) -> 0 | P23: =SUM(Q23:V23) -> 7 | Q23: =COUNTIF('Scopes'!$R$74:$R$80,Q$3) -> 0 | R23: =COUNTIF('Scopes'!$R$74:$R$80,R$3) -> 0 | S23: =COUNTIF('Scopes'!$R$74:$R$80,S$3) -> 0 | T23: =COUNTIF('Scopes'!$R$74:$R$80,T$3) -> 0 | U23: =COUNTIF('Scopes'!$R$74:$R$80,U$3) -> 0 | V23: =COUNTA('Scopes'!$G$74:$G$80)-SUM(Q23:U23) -> 7
C24: Chi tiết scope - Scope detail | D24: Điều hướng trong màn - Section nav | E24: =F24/G24 -> 0 | F24: =SUM(H24:L24) -> 0 | G24: =SUM(H24:M24) -> 2 | H24: =COUNTIF('Scopes'!$M$81:$M$82,H$3) -> 0 | I24: =COUNTIF('Scopes'!$M$81:$M$82,I$3) -> 0 | J24: =COUNTIF('Scopes'!$M$81:$M$82,J$3) -> 0 | K24: =COUNTIF('Scopes'!$M$81:$M$82,K$3) -> 0 | L24: =COUNTIF('Scopes'!$M$81:$M$82,L$3) -> 0 | M24: =COUNTA('Scopes'!$G$81:$G$82)-SUM(H24:L24) -> 2 | N24: =O24/P24 -> 0 | O24: =SUM(Q24:U24) -> 0 | P24: =SUM(Q24:V24) -> 2 | Q24: =COUNTIF('Scopes'!$R$81:$R$82,Q$3) -> 0 | R24: =COUNTIF('Scopes'!$R$81:$R$82,R$3) -> 0 | S24: =COUNTIF('Scopes'!$R$81:$R$82,S$3) -> 0 | T24: =COUNTIF('Scopes'!$R$81:$R$82,T$3) -> 0 | U24: =COUNTIF('Scopes'!$R$81:$R$82,U$3) -> 0 | V24: =COUNTA('Scopes'!$G$81:$G$82)-SUM(Q24:U24) -> 2
C25: Chi tiết scope - Scope detail | D25: Tổng quan - Overview | E25: =F25/G25 -> 0 | F25: =SUM(H25:L25) -> 0 | G25: =SUM(H25:M25) -> 4 | H25: =COUNTIF('Scopes'!$M$83:$M$86,H$3) -> 0 | I25: =COUNTIF('Scopes'!$M$83:$M$86,I$3) -> 0 | J25: =COUNTIF('Scopes'!$M$83:$M$86,J$3) -> 0 | K25: =COUNTIF('Scopes'!$M$83:$M$86,K$3) -> 0 | L25: =COUNTIF('Scopes'!$M$83:$M$86,L$3) -> 0 | M25: =COUNTA('Scopes'!$G$83:$G$86)-SUM(H25:L25) -> 4 | N25: =O25/P25 -> 0 | O25: =SUM(Q25:U25) -> 0 | P25: =SUM(Q25:V25) -> 4 | Q25: =COUNTIF('Scopes'!$R$83:$R$86,Q$3) -> 0 | R25: =COUNTIF('Scopes'!$R$83:$R$86,R$3) -> 0 | S25: =COUNTIF('Scopes'!$R$83:$R$86,S$3) -> 0 | T25: =COUNTIF('Scopes'!$R$83:$R$86,T$3) -> 0 | U25: =COUNTIF('Scopes'!$R$83:$R$86,U$3) -> 0 | V25: =COUNTA('Scopes'!$G$83:$G$86)-SUM(Q25:U25) -> 4
C26: Chi tiết scope - Scope detail | D26: Sửa scope - Edit scope | E26: =F26/G26 -> 0 | F26: =SUM(H26:L26) -> 0 | G26: =SUM(H26:M26) -> 9 | H26: =COUNTIF('Scopes'!$M$87:$M$95,H$3) -> 0 | I26: =COUNTIF('Scopes'!$M$87:$M$95,I$3) -> 0 | J26: =COUNTIF('Scopes'!$M$87:$M$95,J$3) -> 0 | K26: =COUNTIF('Scopes'!$M$87:$M$95,K$3) -> 0 | L26: =COUNTIF('Scopes'!$M$87:$M$95,L$3) -> 0 | M26: =COUNTA('Scopes'!$G$87:$G$95)-SUM(H26:L26) -> 9 | N26: =O26/P26 -> 0 | O26: =SUM(Q26:U26) -> 0 | P26: =SUM(Q26:V26) -> 9 | Q26: =COUNTIF('Scopes'!$R$87:$R$95,Q$3) -> 0 | R26: =COUNTIF('Scopes'!$R$87:$R$95,R$3) -> 0 | S26: =COUNTIF('Scopes'!$R$87:$R$95,S$3) -> 0 | T26: =COUNTIF('Scopes'!$R$87:$R$95,T$3) -> 0 | U26: =COUNTIF('Scopes'!$R$87:$R$95,U$3) -> 0 | V26: =COUNTA('Scopes'!$G$87:$G$95)-SUM(Q26:U26) -> 9
C27: Chi tiết scope - Scope detail | D27: Khối Frameworks - Frameworks | E27: =F27/G27 -> 0 | F27: =SUM(H27:L27) -> 0 | G27: =SUM(H27:M27) -> 12 | H27: =COUNTIF('Scopes'!$M$96:$M$107,H$3) -> 0 | I27: =COUNTIF('Scopes'!$M$96:$M$107,I$3) -> 0 | J27: =COUNTIF('Scopes'!$M$96:$M$107,J$3) -> 0 | K27: =COUNTIF('Scopes'!$M$96:$M$107,K$3) -> 0 | L27: =COUNTIF('Scopes'!$M$96:$M$107,L$3) -> 0 | M27: =COUNTA('Scopes'!$G$96:$G$107)-SUM(H27:L27) -> 12 | N27: =O27/P27 -> 0 | O27: =SUM(Q27:U27) -> 0 | P27: =SUM(Q27:V27) -> 12 | Q27: =COUNTIF('Scopes'!$R$96:$R$107,Q$3) -> 0 | R27: =COUNTIF('Scopes'!$R$96:$R$107,R$3) -> 0 | S27: =COUNTIF('Scopes'!$R$96:$R$107,S$3) -> 0 | T27: =COUNTIF('Scopes'!$R$96:$R$107,T$3) -> 0 | U27: =COUNTIF('Scopes'!$R$96:$R$107,U$3) -> 0 | V27: =COUNTA('Scopes'!$G$96:$G$107)-SUM(Q27:U27) -> 12
C28: Chi tiết scope - Scope detail | D28: Gắn framework - Link framework | E28: =F28/G28 -> 0 | F28: =SUM(H28:L28) -> 0 | G28: =SUM(H28:M28) -> 12 | H28: =COUNTIF('Scopes'!$M$108:$M$119,H$3) -> 0 | I28: =COUNTIF('Scopes'!$M$108:$M$119,I$3) -> 0 | J28: =COUNTIF('Scopes'!$M$108:$M$119,J$3) -> 0 | K28: =COUNTIF('Scopes'!$M$108:$M$119,K$3) -> 0 | L28: =COUNTIF('Scopes'!$M$108:$M$119,L$3) -> 0 | M28: =COUNTA('Scopes'!$G$108:$G$119)-SUM(H28:L28) -> 12 | N28: =O28/P28 -> 0 | O28: =SUM(Q28:U28) -> 0 | P28: =SUM(Q28:V28) -> 12 | Q28: =COUNTIF('Scopes'!$R$108:$R$119,Q$3) -> 0 | R28: =COUNTIF('Scopes'!$R$108:$R$119,R$3) -> 0 | S28: =COUNTIF('Scopes'!$R$108:$R$119,S$3) -> 0 | T28: =COUNTIF('Scopes'!$R$108:$R$119,T$3) -> 0 | U28: =COUNTIF('Scopes'!$R$108:$R$119,U$3) -> 0 | V28: =COUNTA('Scopes'!$G$108:$G$119)-SUM(Q28:U28) -> 12
C29: Chi tiết scope - Scope detail | D29: Đổi tier - Change tier | E29: =F29/G29 -> 0 | F29: =SUM(H29:L29) -> 0 | G29: =SUM(H29:M29) -> 6 | H29: =COUNTIF('Scopes'!$M$120:$M$125,H$3) -> 0 | I29: =COUNTIF('Scopes'!$M$120:$M$125,I$3) -> 0 | J29: =COUNTIF('Scopes'!$M$120:$M$125,J$3) -> 0 | K29: =COUNTIF('Scopes'!$M$120:$M$125,K$3) -> 0 | L29: =COUNTIF('Scopes'!$M$120:$M$125,L$3) -> 0 | M29: =COUNTA('Scopes'!$G$120:$G$125)-SUM(H29:L29) -> 6 | N29: =O29/P29 -> 0 | O29: =SUM(Q29:U29) -> 0 | P29: =SUM(Q29:V29) -> 6 | Q29: =COUNTIF('Scopes'!$R$120:$R$125,Q$3) -> 0 | R29: =COUNTIF('Scopes'!$R$120:$R$125,R$3) -> 0 | S29: =COUNTIF('Scopes'!$R$120:$R$125,S$3) -> 0 | T29: =COUNTIF('Scopes'!$R$120:$R$125,T$3) -> 0 | U29: =COUNTIF('Scopes'!$R$120:$R$125,U$3) -> 0 | V29: =COUNTA('Scopes'!$G$120:$G$125)-SUM(Q29:U29) -> 6
C30: Chi tiết scope - Scope detail | D30: Khối Users - Users | E30: =F30/G30 -> 0 | F30: =SUM(H30:L30) -> 0 | G30: =SUM(H30:M30) -> 3 | H30: =COUNTIF('Scopes'!$M$126:$M$128,H$3) -> 0 | I30: =COUNTIF('Scopes'!$M$126:$M$128,I$3) -> 0 | J30: =COUNTIF('Scopes'!$M$126:$M$128,J$3) -> 0 | K30: =COUNTIF('Scopes'!$M$126:$M$128,K$3) -> 0 | L30: =COUNTIF('Scopes'!$M$126:$M$128,L$3) -> 0 | M30: =COUNTA('Scopes'!$G$126:$G$128)-SUM(H30:L30) -> 3 | N30: =O30/P30 -> 0 | O30: =SUM(Q30:U30) -> 0 | P30: =SUM(Q30:V30) -> 3 | Q30: =COUNTIF('Scopes'!$R$126:$R$128,Q$3) -> 0 | R30: =COUNTIF('Scopes'!$R$126:$R$128,R$3) -> 0 | S30: =COUNTIF('Scopes'!$R$126:$R$128,S$3) -> 0 | T30: =COUNTIF('Scopes'!$R$126:$R$128,T$3) -> 0 | U30: =COUNTIF('Scopes'!$R$126:$R$128,U$3) -> 0 | V30: =COUNTA('Scopes'!$G$126:$G$128)-SUM(Q30:U30) -> 3
C31: Chi tiết scope - Scope detail | D31: Gán người dùng - Assign users | E31: =F31/G31 -> 0 | F31: =SUM(H31:L31) -> 0 | G31: =SUM(H31:M31) -> 8 | H31: =COUNTIF('Scopes'!$M$129:$M$136,H$3) -> 0 | I31: =COUNTIF('Scopes'!$M$129:$M$136,I$3) -> 0 | J31: =COUNTIF('Scopes'!$M$129:$M$136,J$3) -> 0 | K31: =COUNTIF('Scopes'!$M$129:$M$136,K$3) -> 0 | L31: =COUNTIF('Scopes'!$M$129:$M$136,L$3) -> 0 | M31: =COUNTA('Scopes'!$G$129:$G$136)-SUM(H31:L31) -> 8 | N31: =O31/P31 -> 0 | O31: =SUM(Q31:U31) -> 0 | P31: =SUM(Q31:V31) -> 8 | Q31: =COUNTIF('Scopes'!$R$129:$R$136,Q$3) -> 0 | R31: =COUNTIF('Scopes'!$R$129:$R$136,R$3) -> 0 | S31: =COUNTIF('Scopes'!$R$129:$R$136,S$3) -> 0 | T31: =COUNTIF('Scopes'!$R$129:$R$136,T$3) -> 0 | U31: =COUNTIF('Scopes'!$R$129:$R$136,U$3) -> 0 | V31: =COUNTA('Scopes'!$G$129:$G$136)-SUM(Q31:U31) -> 8
C32: Chi tiết scope - Scope detail | D32: Tổng hợp - Summary | E32: =F32/G32 -> 0 | F32: =SUM(H32:L32) -> 0 | G32: =SUM(H32:M32) -> 1 | H32: =COUNTIF('Scopes'!$M$137:$M$137,H$3) -> 0 | I32: =COUNTIF('Scopes'!$M$137:$M$137,I$3) -> 0 | J32: =COUNTIF('Scopes'!$M$137:$M$137,J$3) -> 0 | K32: =COUNTIF('Scopes'!$M$137:$M$137,K$3) -> 0 | L32: =COUNTIF('Scopes'!$M$137:$M$137,L$3) -> 0 | M32: =COUNTA('Scopes'!$G$137:$G$137)-SUM(H32:L32) -> 1 | N32: =O32/P32 -> 0 | O32: =SUM(Q32:U32) -> 0 | P32: =SUM(Q32:V32) -> 1 | Q32: =COUNTIF('Scopes'!$R$137:$R$137,Q$3) -> 0 | R32: =COUNTIF('Scopes'!$R$137:$R$137,R$3) -> 0 | S32: =COUNTIF('Scopes'!$R$137:$R$137,S$3) -> 0 | T32: =COUNTIF('Scopes'!$R$137:$R$137,T$3) -> 0 | U32: =COUNTIF('Scopes'!$R$137:$R$137,U$3) -> 0 | V32: =COUNTA('Scopes'!$G$137:$G$137)-SUM(Q32:U32) -> 1
C33: Phân quyền - Permission | D33: Customer User | E33: =F33/G33 -> 0 | F33: =SUM(H33:L33) -> 0 | G33: =SUM(H33:M33) -> 4 | H33: =COUNTIF('Scopes'!$M$138:$M$141,H$3) -> 0 | I33: =COUNTIF('Scopes'!$M$138:$M$141,I$3) -> 0 | J33: =COUNTIF('Scopes'!$M$138:$M$141,J$3) -> 0 | K33: =COUNTIF('Scopes'!$M$138:$M$141,K$3) -> 0 | L33: =COUNTIF('Scopes'!$M$138:$M$141,L$3) -> 0 | M33: =COUNTA('Scopes'!$G$138:$G$141)-SUM(H33:L33) -> 4 | N33: =O33/P33 -> 0 | O33: =SUM(Q33:U33) -> 0 | P33: =SUM(Q33:V33) -> 4 | Q33: =COUNTIF('Scopes'!$R$138:$R$141,Q$3) -> 0 | R33: =COUNTIF('Scopes'!$R$138:$R$141,R$3) -> 0 | S33: =COUNTIF('Scopes'!$R$138:$R$141,S$3) -> 0 | T33: =COUNTIF('Scopes'!$R$138:$R$141,T$3) -> 0 | U33: =COUNTIF('Scopes'!$R$138:$R$141,U$3) -> 0 | V33: =COUNTA('Scopes'!$G$138:$G$141)-SUM(Q33:U33) -> 4
C34: Phân quyền - Permission | D34: Customer Viewer | E34: =F34/G34 -> 0 | F34: =SUM(H34:L34) -> 0 | G34: =SUM(H34:M34) -> 1 | H34: =COUNTIF('Scopes'!$M$142:$M$142,H$3) -> 0 | I34: =COUNTIF('Scopes'!$M$142:$M$142,I$3) -> 0 | J34: =COUNTIF('Scopes'!$M$142:$M$142,J$3) -> 0 | K34: =COUNTIF('Scopes'!$M$142:$M$142,K$3) -> 0 | L34: =COUNTIF('Scopes'!$M$142:$M$142,L$3) -> 0 | M34: =COUNTA('Scopes'!$G$142:$G$142)-SUM(H34:L34) -> 1 | N34: =O34/P34 -> 0 | O34: =SUM(Q34:U34) -> 0 | P34: =SUM(Q34:V34) -> 1 | Q34: =COUNTIF('Scopes'!$R$142:$R$142,Q$3) -> 0 | R34: =COUNTIF('Scopes'!$R$142:$R$142,R$3) -> 0 | S34: =COUNTIF('Scopes'!$R$142:$R$142,S$3) -> 0 | T34: =COUNTIF('Scopes'!$R$142:$R$142,T$3) -> 0 | U34: =COUNTIF('Scopes'!$R$142:$R$142,U$3) -> 0 | V34: =COUNTA('Scopes'!$G$142:$G$142)-SUM(Q34:U34) -> 1
C35: Phân quyền - Permission | D35: Vai trò SGS - SGS roles | E35: =F35/G35 -> 0 | F35: =SUM(H35:L35) -> 0 | G35: =SUM(H35:M35) -> 2 | H35: =COUNTIF('Scopes'!$M$143:$M$144,H$3) -> 0 | I35: =COUNTIF('Scopes'!$M$143:$M$144,I$3) -> 0 | J35: =COUNTIF('Scopes'!$M$143:$M$144,J$3) -> 0 | K35: =COUNTIF('Scopes'!$M$143:$M$144,K$3) -> 0 | L35: =COUNTIF('Scopes'!$M$143:$M$144,L$3) -> 0 | M35: =COUNTA('Scopes'!$G$143:$G$144)-SUM(H35:L35) -> 2 | N35: =O35/P35 -> 0 | O35: =SUM(Q35:U35) -> 0 | P35: =SUM(Q35:V35) -> 2 | Q35: =COUNTIF('Scopes'!$R$143:$R$144,Q$3) -> 0 | R35: =COUNTIF('Scopes'!$R$143:$R$144,R$3) -> 0 | S35: =COUNTIF('Scopes'!$R$143:$R$144,S$3) -> 0 | T35: =COUNTIF('Scopes'!$R$143:$R$144,T$3) -> 0 | U35: =COUNTIF('Scopes'!$R$143:$R$144,U$3) -> 0 | V35: =COUNTA('Scopes'!$G$143:$G$144)-SUM(Q35:U35) -> 2
C36: Bảo mật - Security | D36: Cách ly tenant - Tenant isolation | E36: =F36/G36 -> 0 | F36: =SUM(H36:L36) -> 0 | G36: =SUM(H36:M36) -> 2 | H36: =COUNTIF('Scopes'!$M$145:$M$146,H$3) -> 0 | I36: =COUNTIF('Scopes'!$M$145:$M$146,I$3) -> 0 | J36: =COUNTIF('Scopes'!$M$145:$M$146,J$3) -> 0 | K36: =COUNTIF('Scopes'!$M$145:$M$146,K$3) -> 0 | L36: =COUNTIF('Scopes'!$M$145:$M$146,L$3) -> 0 | M36: =COUNTA('Scopes'!$G$145:$G$146)-SUM(H36:L36) -> 2 | N36: =O36/P36 -> 0 | O36: =SUM(Q36:U36) -> 0 | P36: =SUM(Q36:V36) -> 2 | Q36: =COUNTIF('Scopes'!$R$145:$R$146,Q$3) -> 0 | R36: =COUNTIF('Scopes'!$R$145:$R$146,R$3) -> 0 | S36: =COUNTIF('Scopes'!$R$145:$R$146,S$3) -> 0 | T36: =COUNTIF('Scopes'!$R$145:$R$146,T$3) -> 0 | U36: =COUNTIF('Scopes'!$R$145:$R$146,U$3) -> 0 | V36: =COUNTA('Scopes'!$G$145:$G$146)-SUM(Q36:U36) -> 2
C37: Bảo mật - Security | D37: Dữ liệu nhập - Input | E37: =F37/G37 -> 0 | F37: =SUM(H37:L37) -> 0 | G37: =SUM(H37:M37) -> 1 | H37: =COUNTIF('Scopes'!$M$147:$M$147,H$3) -> 0 | I37: =COUNTIF('Scopes'!$M$147:$M$147,I$3) -> 0 | J37: =COUNTIF('Scopes'!$M$147:$M$147,J$3) -> 0 | K37: =COUNTIF('Scopes'!$M$147:$M$147,K$3) -> 0 | L37: =COUNTIF('Scopes'!$M$147:$M$147,L$3) -> 0 | M37: =COUNTA('Scopes'!$G$147:$G$147)-SUM(H37:L37) -> 1 | N37: =O37/P37 -> 0 | O37: =SUM(Q37:U37) -> 0 | P37: =SUM(Q37:V37) -> 1 | Q37: =COUNTIF('Scopes'!$R$147:$R$147,Q$3) -> 0 | R37: =COUNTIF('Scopes'!$R$147:$R$147,R$3) -> 0 | S37: =COUNTIF('Scopes'!$R$147:$R$147,S$3) -> 0 | T37: =COUNTIF('Scopes'!$R$147:$R$147,T$3) -> 0 | U37: =COUNTIF('Scopes'!$R$147:$R$147,U$3) -> 0 | V37: =COUNTA('Scopes'!$G$147:$G$147)-SUM(Q37:U37) -> 1
C38: Bảo mật - Security | D38: Ghi vết - Audit log | E38: =F38/G38 -> 0 | F38: =SUM(H38:L38) -> 0 | G38: =SUM(H38:M38) -> 1 | H38: =COUNTIF('Scopes'!$M$148:$M$148,H$3) -> 0 | I38: =COUNTIF('Scopes'!$M$148:$M$148,I$3) -> 0 | J38: =COUNTIF('Scopes'!$M$148:$M$148,J$3) -> 0 | K38: =COUNTIF('Scopes'!$M$148:$M$148,K$3) -> 0 | L38: =COUNTIF('Scopes'!$M$148:$M$148,L$3) -> 0 | M38: =COUNTA('Scopes'!$G$148:$G$148)-SUM(H38:L38) -> 1 | N38: =O38/P38 -> 0 | O38: =SUM(Q38:U38) -> 0 | P38: =SUM(Q38:V38) -> 1 | Q38: =COUNTIF('Scopes'!$R$148:$R$148,Q$3) -> 0 | R38: =COUNTIF('Scopes'!$R$148:$R$148,R$3) -> 0 | S38: =COUNTIF('Scopes'!$R$148:$R$148,S$3) -> 0 | T38: =COUNTIF('Scopes'!$R$148:$R$148,T$3) -> 0 | U38: =COUNTIF('Scopes'!$R$148:$R$148,U$3) -> 0 | V38: =COUNTA('Scopes'!$G$148:$G$148)-SUM(Q38:U38) -> 1
C39: Total | E39: =F39/G39 -> 0 | F39: =SUM(H39:L39) -> 0 | G39: =SUM(H39:M39) -> 136 | H39: =SUM(H15:H38) -> 0 | I39: =SUM(I15:I38) -> 0 | J39: =SUM(J15:J38) -> 0 | K39: =SUM(K15:K38) -> 0 | L39: =SUM(L15:L38) -> 0 | M39: =SUM(M15:M38) -> 136 | N39: =O39/P39 -> 0 | O39: =SUM(Q39:U39) -> 0 | P39: =SUM(Q39:V39) -> 136 | Q39: =SUM(Q15:Q38) -> 0 | R39: =SUM(R15:R38) -> 0 | S39: =SUM(S15:S38) -> 0 | T39: =SUM(T15:T38) -> 0 | U39: =SUM(U15:U38) -> 0 | V39: =SUM(V15:V38) -> 136
B40: Frameworks | C40: Điều hướng - Redirect | D40: Vào danh sách - Framework list | E40: =F40/G40 -> 0 | F40: =SUM(H40:L40) -> 0 | G40: =SUM(H40:M40) -> 1 | H40: =COUNTIF('Frameworks'!$M$13:$M$13,H$3) -> 0 | I40: =COUNTIF('Frameworks'!$M$13:$M$13,I$3) -> 0 | J40: =COUNTIF('Frameworks'!$M$13:$M$13,J$3) -> 0 | K40: =COUNTIF('Frameworks'!$M$13:$M$13,K$3) -> 0 | L40: =COUNTIF('Frameworks'!$M$13:$M$13,L$3) -> 0 | M40: =COUNTA('Frameworks'!$G$13:$G$13)-SUM(H40:L40) -> 1 | N40: =O40/P40 -> 0 | O40: =SUM(Q40:U40) -> 0 | P40: =SUM(Q40:V40) -> 1 | Q40: =COUNTIF('Frameworks'!$R$13:$R$13,Q$3) -> 0 | R40: =COUNTIF('Frameworks'!$R$13:$R$13,R$3) -> 0 | S40: =COUNTIF('Frameworks'!$R$13:$R$13,S$3) -> 0 | T40: =COUNTIF('Frameworks'!$R$13:$R$13,T$3) -> 0 | U40: =COUNTIF('Frameworks'!$R$13:$R$13,U$3) -> 0 | V40: =COUNTA('Frameworks'!$G$13:$G$13)-SUM(Q40:U40) -> 1
C41: Điều hướng - Redirect | D41: Vào chi tiết - Framework detail | E41: =F41/G41 -> 0 | F41: =SUM(H41:L41) -> 0 | G41: =SUM(H41:M41) -> 2 | H41: =COUNTIF('Frameworks'!$M$14:$M$15,H$3) -> 0 | I41: =COUNTIF('Frameworks'!$M$14:$M$15,I$3) -> 0 | J41: =COUNTIF('Frameworks'!$M$14:$M$15,J$3) -> 0 | K41: =COUNTIF('Frameworks'!$M$14:$M$15,K$3) -> 0 | L41: =COUNTIF('Frameworks'!$M$14:$M$15,L$3) -> 0 | M41: =COUNTA('Frameworks'!$G$14:$G$15)-SUM(H41:L41) -> 2 | N41: =O41/P41 -> 0 | O41: =SUM(Q41:U41) -> 0 | P41: =SUM(Q41:V41) -> 2 | Q41: =COUNTIF('Frameworks'!$R$14:$R$15,Q$3) -> 0 | R41: =COUNTIF('Frameworks'!$R$14:$R$15,R$3) -> 0 | S41: =COUNTIF('Frameworks'!$R$14:$R$15,S$3) -> 0 | T41: =COUNTIF('Frameworks'!$R$14:$R$15,T$3) -> 0 | U41: =COUNTIF('Frameworks'!$R$14:$R$15,U$3) -> 0 | V41: =COUNTA('Frameworks'!$G$14:$G$15)-SUM(Q41:U41) -> 2
C42: Điều hướng - Redirect | D42: Quay lại - Back | E42: =F42/G42 -> 0 | F42: =SUM(H42:L42) -> 0 | G42: =SUM(H42:M42) -> 2 | H42: =COUNTIF('Frameworks'!$M$16:$M$17,H$3) -> 0 | I42: =COUNTIF('Frameworks'!$M$16:$M$17,I$3) -> 0 | J42: =COUNTIF('Frameworks'!$M$16:$M$17,J$3) -> 0 | K42: =COUNTIF('Frameworks'!$M$16:$M$17,K$3) -> 0 | L42: =COUNTIF('Frameworks'!$M$16:$M$17,L$3) -> 0 | M42: =COUNTA('Frameworks'!$G$16:$G$17)-SUM(H42:L42) -> 2 | N42: =O42/P42 -> 0 | O42: =SUM(Q42:U42) -> 0 | P42: =SUM(Q42:V42) -> 2 | Q42: =COUNTIF('Frameworks'!$R$16:$R$17,Q$3) -> 0 | R42: =COUNTIF('Frameworks'!$R$16:$R$17,R$3) -> 0 | S42: =COUNTIF('Frameworks'!$R$16:$R$17,S$3) -> 0 | T42: =COUNTIF('Frameworks'!$R$16:$R$17,T$3) -> 0 | U42: =COUNTIF('Frameworks'!$R$16:$R$17,U$3) -> 0 | V42: =COUNTA('Frameworks'!$G$16:$G$17)-SUM(Q42:U42) -> 2
C43: Danh sách framework - Framework list | D43: Tiêu đề trang - Page header | E43: =F43/G43 -> 0 | F43: =SUM(H43:L43) -> 0 | G43: =SUM(H43:M43) -> 3 | H43: =COUNTIF('Frameworks'!$M$18:$M$20,H$3) -> 0 | I43: =COUNTIF('Frameworks'!$M$18:$M$20,I$3) -> 0 | J43: =COUNTIF('Frameworks'!$M$18:$M$20,J$3) -> 0 | K43: =COUNTIF('Frameworks'!$M$18:$M$20,K$3) -> 0 | L43: =COUNTIF('Frameworks'!$M$18:$M$20,L$3) -> 0 | M43: =COUNTA('Frameworks'!$G$18:$G$20)-SUM(H43:L43) -> 3 | N43: =O43/P43 -> 0 | O43: =SUM(Q43:U43) -> 0 | P43: =SUM(Q43:V43) -> 3 | Q43: =COUNTIF('Frameworks'!$R$18:$R$20,Q$3) -> 0 | R43: =COUNTIF('Frameworks'!$R$18:$R$20,R$3) -> 0 | S43: =COUNTIF('Frameworks'!$R$18:$R$20,S$3) -> 0 | T43: =COUNTIF('Frameworks'!$R$18:$R$20,T$3) -> 0 | U43: =COUNTIF('Frameworks'!$R$18:$R$20,U$3) -> 0 | V43: =COUNTA('Frameworks'!$G$18:$G$20)-SUM(Q43:U43) -> 3
C44: Danh sách framework - Framework list | D44: Thanh công cụ - Toolbar | E44: =F44/G44 -> 0 | F44: =SUM(H44:L44) -> 0 | G44: =SUM(H44:M44) -> 10 | H44: =COUNTIF(Frameworks!$M$21:$M$30,H$3) -> 0 | I44: =COUNTIF(Frameworks!$M$21:$M$30,I$3) -> 0 | J44: =COUNTIF(Frameworks!$M$21:$M$30,J$3) -> 0 | K44: =COUNTIF(Frameworks!$M$21:$M$30,K$3) -> 0 | L44: =COUNTIF(Frameworks!$M$21:$M$30,L$3) -> 0 | M44: =COUNTA(Frameworks!$G$21:$G$30)-SUM(H44:L44) -> 10 | N44: =O44/P44 -> 0 | O44: =SUM(Q44:U44) -> 0 | P44: =SUM(Q44:V44) -> 10 | Q44: =COUNTIF(Frameworks!$R$21:$R$30,Q$3) -> 0 | R44: =COUNTIF(Frameworks!$R$21:$R$30,R$3) -> 0 | S44: =COUNTIF(Frameworks!$R$21:$R$30,S$3) -> 0 | T44: =COUNTIF(Frameworks!$R$21:$R$30,T$3) -> 0 | U44: =COUNTIF(Frameworks!$R$21:$R$30,U$3) -> 0 | V44: =COUNTA(Frameworks!$G$21:$G$30)-SUM(Q44:U44) -> 10
C45: Danh sách framework - Framework list | D45: Bảng danh sách - Table | E45: =F45/G45 -> 0 | F45: =SUM(H45:L45) -> 0 | G45: =SUM(H45:M45) -> 10 | H45: =COUNTIF(Frameworks!$M$31:$M$40,H$3) -> 0 | I45: =COUNTIF(Frameworks!$M$31:$M$40,I$3) -> 0 | J45: =COUNTIF(Frameworks!$M$31:$M$40,J$3) -> 0 | K45: =COUNTIF(Frameworks!$M$31:$M$40,K$3) -> 0 | L45: =COUNTIF(Frameworks!$M$31:$M$40,L$3) -> 0 | M45: =COUNTA(Frameworks!$G$31:$G$40)-SUM(H45:L45) -> 10 | N45: =O45/P45 -> 0 | O45: =SUM(Q45:U45) -> 0 | P45: =SUM(Q45:V45) -> 10 | Q45: =COUNTIF(Frameworks!$R$31:$R$40,Q$3) -> 0 | R45: =COUNTIF(Frameworks!$R$31:$R$40,R$3) -> 0 | S45: =COUNTIF(Frameworks!$R$31:$R$40,S$3) -> 0 | T45: =COUNTIF(Frameworks!$R$31:$R$40,T$3) -> 0 | U45: =COUNTIF(Frameworks!$R$31:$R$40,U$3) -> 0 | V45: =COUNTA(Frameworks!$G$31:$G$40)-SUM(Q45:U45) -> 10
C46: Danh sách framework - Framework list | D46: Phân trang - Pagination | E46: =F46/G46 -> 0 | F46: =SUM(H46:L46) -> 0 | G46: =SUM(H46:M46) -> 2 | H46: =COUNTIF(Frameworks!$M$41:$M$42,H$3) -> 0 | I46: =COUNTIF(Frameworks!$M$41:$M$42,I$3) -> 0 | J46: =COUNTIF(Frameworks!$M$41:$M$42,J$3) -> 0 | K46: =COUNTIF(Frameworks!$M$41:$M$42,K$3) -> 0 | L46: =COUNTIF(Frameworks!$M$41:$M$42,L$3) -> 0 | M46: =COUNTA(Frameworks!$G$41:$G$42)-SUM(H46:L46) -> 2 | N46: =O46/P46 -> 0 | O46: =SUM(Q46:U46) -> 0 | P46: =SUM(Q46:V46) -> 2 | Q46: =COUNTIF(Frameworks!$R$41:$R$42,Q$3) -> 0 | R46: =COUNTIF(Frameworks!$R$41:$R$42,R$3) -> 0 | S46: =COUNTIF(Frameworks!$R$41:$R$42,S$3) -> 0 | T46: =COUNTIF(Frameworks!$R$41:$R$42,T$3) -> 0 | U46: =COUNTIF(Frameworks!$R$41:$R$42,U$3) -> 0 | V46: =COUNTA(Frameworks!$G$41:$G$42)-SUM(Q46:U46) -> 2
C47: Chi tiết framework - Framework detail | D47: Phần đầu - Header | E47: =F47/G47 -> 0 | F47: =SUM(H47:L47) -> 0 | G47: =SUM(H47:M47) -> 2 | H47: =COUNTIF(Frameworks!$M$43:$M$44,H$3) -> 0 | I47: =COUNTIF(Frameworks!$M$43:$M$44,I$3) -> 0 | J47: =COUNTIF(Frameworks!$M$43:$M$44,J$3) -> 0 | K47: =COUNTIF(Frameworks!$M$43:$M$44,K$3) -> 0 | L47: =COUNTIF(Frameworks!$M$43:$M$44,L$3) -> 0 | M47: =COUNTA(Frameworks!$G$43:$G$44)-SUM(H47:L47) -> 2 | N47: =O47/P47 -> 0 | O47: =SUM(Q47:U47) -> 0 | P47: =SUM(Q47:V47) -> 2 | Q47: =COUNTIF(Frameworks!$R$43:$R$44,Q$3) -> 0 | R47: =COUNTIF(Frameworks!$R$43:$R$44,R$3) -> 0 | S47: =COUNTIF(Frameworks!$R$43:$R$44,S$3) -> 0 | T47: =COUNTIF(Frameworks!$R$43:$R$44,T$3) -> 0 | U47: =COUNTIF(Frameworks!$R$43:$R$44,U$3) -> 0 | V47: =COUNTA(Frameworks!$G$43:$G$44)-SUM(Q47:U47) -> 2
C48: Chi tiết framework - Framework detail | D48: Menu ba chấm - More menu | E48: =F48/G48 -> 0 | F48: =SUM(H48:L48) -> 0 | G48: =SUM(H48:M48) -> 1 | H48: =COUNTIF(Frameworks!$M$46,H$3) -> 0 | I48: =COUNTIF(Frameworks!$M$46,I$3) -> 0 | J48: =COUNTIF(Frameworks!$M$46,J$3) -> 0 | K48: =COUNTIF(Frameworks!$M$46,K$3) -> 0 | L48: =COUNTIF(Frameworks!$M$46,L$3) -> 0 | M48: =COUNTA(Frameworks!$G$46)-SUM(H48:L48) -> 1 | N48: =O48/P48 -> 0 | O48: =SUM(Q48:U48) -> 0 | P48: =SUM(Q48:V48) -> 1 | Q48: =COUNTIF(Frameworks!$R$46,Q$3) -> 0 | R48: =COUNTIF(Frameworks!$R$46,R$3) -> 0 | S48: =COUNTIF(Frameworks!$R$46,S$3) -> 0 | T48: =COUNTIF(Frameworks!$R$46,T$3) -> 0 | U48: =COUNTIF(Frameworks!$R$46,U$3) -> 0 | V48: =COUNTA(Frameworks!$G$46)-SUM(Q48:U48) -> 1
C49: Chi tiết framework - Framework detail | D49: Điều hướng trong màn - In-page tabs | E49: =F49/G49 -> 0 | F49: =SUM(H49:L49) -> 0 | G49: =SUM(H49:M49) -> 2 | H49: =COUNTIF(Frameworks!$M$47:$M$48,H$3) -> 0 | I49: =COUNTIF(Frameworks!$M$47:$M$48,I$3) -> 0 | J49: =COUNTIF(Frameworks!$M$47:$M$48,J$3) -> 0 | K49: =COUNTIF(Frameworks!$M$47:$M$48,K$3) -> 0 | L49: =COUNTIF(Frameworks!$M$47:$M$48,L$3) -> 0 | M49: =COUNTA(Frameworks!$G$47:$G$48)-SUM(H49:L49) -> 2 | N49: =O49/P49 -> 0 | O49: =SUM(Q49:U49) -> 0 | P49: =SUM(Q49:V49) -> 2 | Q49: =COUNTIF(Frameworks!$R$47:$R$48,Q$3) -> 0 | R49: =COUNTIF(Frameworks!$R$47:$R$48,R$3) -> 0 | S49: =COUNTIF(Frameworks!$R$47:$R$48,S$3) -> 0 | T49: =COUNTIF(Frameworks!$R$47:$R$48,T$3) -> 0 | U49: =COUNTIF(Frameworks!$R$47:$R$48,U$3) -> 0 | V49: =COUNTA(Frameworks!$G$47:$G$48)-SUM(Q49:U49) -> 2
C50: Chi tiết framework - Framework detail | D50: Tổng quan - Overview | E50: =F50/G50 -> 0 | F50: =SUM(H50:L50) -> 0 | G50: =SUM(H50:M50) -> 8 | H50: =COUNTIF(Frameworks!$M$49:$M$56,H$3) -> 0 | I50: =COUNTIF(Frameworks!$M$49:$M$56,I$3) -> 0 | J50: =COUNTIF(Frameworks!$M$49:$M$56,J$3) -> 0 | K50: =COUNTIF(Frameworks!$M$49:$M$56,K$3) -> 0 | L50: =COUNTIF(Frameworks!$M$49:$M$56,L$3) -> 0 | M50: =COUNTA(Frameworks!$G$49:$G$56)-SUM(H50:L50) -> 8 | N50: =O50/P50 -> 0 | O50: =SUM(Q50:U50) -> 0 | P50: =SUM(Q50:V50) -> 8 | Q50: =COUNTIF(Frameworks!$R$49:$R$56,Q$3) -> 0 | R50: =COUNTIF(Frameworks!$R$49:$R$56,R$3) -> 0 | S50: =COUNTIF(Frameworks!$R$49:$R$56,S$3) -> 0 | T50: =COUNTIF(Frameworks!$R$49:$R$56,T$3) -> 0 | U50: =COUNTIF(Frameworks!$R$49:$R$56,U$3) -> 0 | V50: =COUNTA(Frameworks!$G$49:$G$56)-SUM(Q50:U50) -> 8
C51: Chi tiết framework - Framework detail | D51: Yêu cầu - Requirements | E51: =F51/G51 -> 0 | F51: =SUM(H51:L51) -> 0 | G51: =SUM(H51:M51) -> 13 | H51: =COUNTIF(Frameworks!$M$57:$M$69,H$3) -> 0 | I51: =COUNTIF(Frameworks!$M$57:$M$69,I$3) -> 0 | J51: =COUNTIF(Frameworks!$M$57:$M$69,J$3) -> 0 | K51: =COUNTIF(Frameworks!$M$57:$M$69,K$3) -> 0 | L51: =COUNTIF(Frameworks!$M$57:$M$69,L$3) -> 0 | M51: =COUNTA(Frameworks!$G$57:$G$69)-SUM(H51:L51) -> 13 | N51: =O51/P51 -> 0 | O51: =SUM(Q51:U51) -> 0 | P51: =SUM(Q51:V51) -> 13 | Q51: =COUNTIF(Frameworks!$R$57:$R$69,Q$3) -> 0 | R51: =COUNTIF(Frameworks!$R$57:$R$69,R$3) -> 0 | S51: =COUNTIF(Frameworks!$R$57:$R$69,S$3) -> 0 | T51: =COUNTIF(Frameworks!$R$57:$R$69,T$3) -> 0 | U51: =COUNTIF(Frameworks!$R$57:$R$69,U$3) -> 0 | V51: =COUNTA(Frameworks!$G$57:$G$69)-SUM(Q51:U51) -> 13
C52: Nhập framework - Import framework | D52: Hộp thoại Import - Import dialog | E52: =F52/G52 -> 0 | F52: =SUM(H52:L52) -> 0 | G52: =SUM(H52:M52) -> 7 | H52: =COUNTIF(Frameworks!$M$70:$M$76,H$3) -> 0 | I52: =COUNTIF(Frameworks!$M$70:$M$76,I$3) -> 0 | J52: =COUNTIF(Frameworks!$M$70:$M$76,J$3) -> 0 | K52: =COUNTIF(Frameworks!$M$70:$M$76,K$3) -> 0 | L52: =COUNTIF(Frameworks!$M$70:$M$76,L$3) -> 0 | M52: =COUNTA(Frameworks!$G$70:$G$76)-SUM(H52:L52) -> 7 | N52: =O52/P52 -> 0 | O52: =SUM(Q52:U52) -> 0 | P52: =SUM(Q52:V52) -> 7 | Q52: =COUNTIF(Frameworks!$R$70:$R$76,Q$3) -> 0 | R52: =COUNTIF(Frameworks!$R$70:$R$76,R$3) -> 0 | S52: =COUNTIF(Frameworks!$R$70:$R$76,S$3) -> 0 | T52: =COUNTIF(Frameworks!$R$70:$R$76,T$3) -> 0 | U52: =COUNTIF(Frameworks!$R$70:$R$76,U$3) -> 0 | V52: =COUNTA(Frameworks!$G$70:$G$76)-SUM(Q52:U52) -> 7
C53: Nhập framework - Import framework | D53: Chọn file - File picker | E53: =F53/G53 -> 0 | F53: =SUM(H53:L53) -> 0 | G53: =SUM(H53:M53) -> 4 | H53: =COUNTIF(Frameworks!$M$77:$M$80,H$3) -> 0 | I53: =COUNTIF(Frameworks!$M$77:$M$80,I$3) -> 0 | J53: =COUNTIF(Frameworks!$M$77:$M$80,J$3) -> 0 | K53: =COUNTIF(Frameworks!$M$77:$M$80,K$3) -> 0 | L53: =COUNTIF(Frameworks!$M$77:$M$80,L$3) -> 0 | M53: =COUNTA(Frameworks!$G$77:$G$80)-SUM(H53:L53) -> 4 | N53: =O53/P53 -> 0 | O53: =SUM(Q53:U53) -> 0 | P53: =SUM(Q53:V53) -> 4 | Q53: =COUNTIF(Frameworks!$R$77:$R$80,Q$3) -> 0 | R53: =COUNTIF(Frameworks!$R$77:$R$80,R$3) -> 0 | S53: =COUNTIF(Frameworks!$R$77:$R$80,S$3) -> 0 | T53: =COUNTIF(Frameworks!$R$77:$R$80,T$3) -> 0 | U53: =COUNTIF(Frameworks!$R$77:$R$80,U$3) -> 0 | V53: =COUNTA(Frameworks!$G$77:$G$80)-SUM(Q53:U53) -> 4
C54: Nhập framework - Import framework | D54: Kiểm tra file - Check file | E54: =F54/G54 -> 0 | F54: =SUM(H54:L54) -> 0 | G54: =SUM(H54:M54) -> 17 | H54: =COUNTIF(Frameworks!$M$81:$M$97,H$3) -> 0 | I54: =COUNTIF(Frameworks!$M$81:$M$97,I$3) -> 0 | J54: =COUNTIF(Frameworks!$M$81:$M$97,J$3) -> 0 | K54: =COUNTIF(Frameworks!$M$81:$M$97,K$3) -> 0 | L54: =COUNTIF(Frameworks!$M$81:$M$97,L$3) -> 0 | M54: =COUNTA(Frameworks!$G$81:$G$97)-SUM(H54:L54) -> 17 | N54: =O54/P54 -> 0 | O54: =SUM(Q54:U54) -> 0 | P54: =SUM(Q54:V54) -> 17 | Q54: =COUNTIF(Frameworks!$R$81:$R$97,Q$3) -> 0 | R54: =COUNTIF(Frameworks!$R$81:$R$97,R$3) -> 0 | S54: =COUNTIF(Frameworks!$R$81:$R$97,S$3) -> 0 | T54: =COUNTIF(Frameworks!$R$81:$R$97,T$3) -> 0 | U54: =COUNTIF(Frameworks!$R$81:$R$97,U$3) -> 0 | V54: =COUNTA(Frameworks!$G$81:$G$97)-SUM(Q54:U54) -> 17
C55: Bản nháp - Draft preview | D55: Phần đầu - Header | E55: =F55/G55 -> 0 | F55: =SUM(H55:L55) -> 0 | G55: =SUM(H55:M55) -> 2 | H55: =COUNTIF(Frameworks!$M$98:$M$99,H$3) -> 0 | I55: =COUNTIF(Frameworks!$M$98:$M$99,I$3) -> 0 | J55: =COUNTIF(Frameworks!$M$98:$M$99,J$3) -> 0 | K55: =COUNTIF(Frameworks!$M$98:$M$99,K$3) -> 0 | L55: =COUNTIF(Frameworks!$M$98:$M$99,L$3) -> 0 | M55: =COUNTA(Frameworks!$G$98:$G$99)-SUM(H55:L55) -> 2 | N55: =O55/P55 -> 0 | O55: =SUM(Q55:U55) -> 0 | P55: =SUM(Q55:V55) -> 2 | Q55: =COUNTIF(Frameworks!$R$98:$R$99,Q$3) -> 0 | R55: =COUNTIF(Frameworks!$R$98:$R$99,R$3) -> 0 | S55: =COUNTIF(Frameworks!$R$98:$R$99,S$3) -> 0 | T55: =COUNTIF(Frameworks!$R$98:$R$99,T$3) -> 0 | U55: =COUNTIF(Frameworks!$R$98:$R$99,U$3) -> 0 | V55: =COUNTA(Frameworks!$G$98:$G$99)-SUM(Q55:U55) -> 2
C56: Bản nháp - Draft preview | D56: Nội dung bản nháp - Draft content | E56: =F56/G56 -> 0 | F56: =SUM(H56:L56) -> 0 | G56: =SUM(H56:M56) -> 3 | H56: =COUNTIF(Frameworks!$M$100:$M$102,H$3) -> 0 | I56: =COUNTIF(Frameworks!$M$100:$M$102,I$3) -> 0 | J56: =COUNTIF(Frameworks!$M$100:$M$102,J$3) -> 0 | K56: =COUNTIF(Frameworks!$M$100:$M$102,K$3) -> 0 | L56: =COUNTIF(Frameworks!$M$100:$M$102,L$3) -> 0 | M56: =COUNTA(Frameworks!$G$100:$G$102)-SUM(H56:L56) -> 3 | N56: =O56/P56 -> 0 | O56: =SUM(Q56:U56) -> 0 | P56: =SUM(Q56:V56) -> 3 | Q56: =COUNTIF(Frameworks!$R$100:$R$102,Q$3) -> 0 | R56: =COUNTIF(Frameworks!$R$100:$R$102,R$3) -> 0 | S56: =COUNTIF(Frameworks!$R$100:$R$102,S$3) -> 0 | T56: =COUNTIF(Frameworks!$R$100:$R$102,T$3) -> 0 | U56: =COUNTIF(Frameworks!$R$100:$R$102,U$3) -> 0 | V56: =COUNTA(Frameworks!$G$100:$G$102)-SUM(Q56:U56) -> 3
C57: Bản nháp - Draft preview | D57: Khung Import bên phải - Import panel | E57: =F57/G57 -> 0 | F57: =SUM(H57:L57) -> 0 | G57: =SUM(H57:M57) -> 2 | H57: =COUNTIF(Frameworks!$M$103:$M$104,H$3) -> 0 | I57: =COUNTIF(Frameworks!$M$103:$M$104,I$3) -> 0 | J57: =COUNTIF(Frameworks!$M$103:$M$104,J$3) -> 0 | K57: =COUNTIF(Frameworks!$M$103:$M$104,K$3) -> 0 | L57: =COUNTIF(Frameworks!$M$103:$M$104,L$3) -> 0 | M57: =COUNTA(Frameworks!$G$103:$G$104)-SUM(H57:L57) -> 2 | N57: =O57/P57 -> 0 | O57: =SUM(Q57:U57) -> 0 | P57: =SUM(Q57:V57) -> 2 | Q57: =COUNTIF(Frameworks!$R$103:$R$104,Q$3) -> 0 | R57: =COUNTIF(Frameworks!$R$103:$R$104,R$3) -> 0 | S57: =COUNTIF(Frameworks!$R$103:$R$104,S$3) -> 0 | T57: =COUNTIF(Frameworks!$R$103:$R$104,T$3) -> 0 | U57: =COUNTIF(Frameworks!$R$103:$R$104,U$3) -> 0 | V57: =COUNTA(Frameworks!$G$103:$G$104)-SUM(Q57:U57) -> 2
C58: Bản nháp - Draft preview | D58: Huỷ bản nháp - Discard draft | E58: =F58/G58 -> 0 | F58: =SUM(H58:L58) -> 0 | G58: =SUM(H58:M58) -> 5 | H58: =COUNTIF(Frameworks!$M$105:$M$109,H$3) -> 0 | I58: =COUNTIF(Frameworks!$M$105:$M$109,I$3) -> 0 | J58: =COUNTIF(Frameworks!$M$105:$M$109,J$3) -> 0 | K58: =COUNTIF(Frameworks!$M$105:$M$109,K$3) -> 0 | L58: =COUNTIF(Frameworks!$M$105:$M$109,L$3) -> 0 | M58: =COUNTA(Frameworks!$G$105:$G$109)-SUM(H58:L58) -> 5 | N58: =O58/P58 -> 0 | O58: =SUM(Q58:U58) -> 0 | P58: =SUM(Q58:V58) -> 5 | Q58: =COUNTIF(Frameworks!$R$105:$R$109,Q$3) -> 0 | R58: =COUNTIF(Frameworks!$R$105:$R$109,R$3) -> 0 | S58: =COUNTIF(Frameworks!$R$105:$R$109,S$3) -> 0 | T58: =COUNTIF(Frameworks!$R$105:$R$109,T$3) -> 0 | U58: =COUNTIF(Frameworks!$R$105:$R$109,U$3) -> 0 | V58: =COUNTA(Frameworks!$G$105:$G$109)-SUM(Q58:U58) -> 5
C59: Kích hoạt framework - Activate framework | D59: Hộp thoại Activate - Activate dialog | E59: =F59/G59 -> 0 | F59: =SUM(H59:L59) -> 0 | G59: =SUM(H59:M59) -> 7 | H59: =COUNTIF(Frameworks!$M$110:$M$116,H$3) -> 0 | I59: =COUNTIF(Frameworks!$M$110:$M$116,I$3) -> 0 | J59: =COUNTIF(Frameworks!$M$110:$M$116,J$3) -> 0 | K59: =COUNTIF(Frameworks!$M$110:$M$116,K$3) -> 0 | L59: =COUNTIF(Frameworks!$M$110:$M$116,L$3) -> 0 | M59: =COUNTA(Frameworks!$G$110:$G$116)-SUM(H59:L59) -> 7 | N59: =O59/P59 -> 0 | O59: =SUM(Q59:U59) -> 0 | P59: =SUM(Q59:V59) -> 7 | Q59: =COUNTIF(Frameworks!$R$110:$R$116,Q$3) -> 0 | R59: =COUNTIF(Frameworks!$R$110:$R$116,R$3) -> 0 | S59: =COUNTIF(Frameworks!$R$110:$R$116,S$3) -> 0 | T59: =COUNTIF(Frameworks!$R$110:$R$116,T$3) -> 0 | U59: =COUNTIF(Frameworks!$R$110:$R$116,U$3) -> 0 | V59: =COUNTA(Frameworks!$G$110:$G$116)-SUM(Q59:U59) -> 7
C60: Kích hoạt framework - Activate framework | D60: Hiển thị với khách hàng - Customer view | E60: =F60/G60 -> 0 | F60: =SUM(H60:L60) -> 0 | G60: =SUM(H60:M60) -> 2 | H60: =COUNTIF(Frameworks!$M$117:$M$118,H$3) -> 0 | I60: =COUNTIF(Frameworks!$M$117:$M$118,I$3) -> 0 | J60: =COUNTIF(Frameworks!$M$117:$M$118,J$3) -> 0 | K60: =COUNTIF(Frameworks!$M$117:$M$118,K$3) -> 0 | L60: =COUNTIF(Frameworks!$M$117:$M$118,L$3) -> 0 | M60: =COUNTA(Frameworks!$G$117:$G$118)-SUM(H60:L60) -> 2 | N60: =O60/P60 -> 0 | O60: =SUM(Q60:U60) -> 0 | P60: =SUM(Q60:V60) -> 2 | Q60: =COUNTIF(Frameworks!$R$117:$R$118,Q$3) -> 0 | R60: =COUNTIF(Frameworks!$R$117:$R$118,R$3) -> 0 | S60: =COUNTIF(Frameworks!$R$117:$R$118,S$3) -> 0 | T60: =COUNTIF(Frameworks!$R$117:$R$118,T$3) -> 0 | U60: =COUNTIF(Frameworks!$R$117:$R$118,U$3) -> 0 | V60: =COUNTA(Frameworks!$G$117:$G$118)-SUM(Q60:U60) -> 2
C61: Phân quyền - Permission | D61: SGS Admin | E61: =F61/G61 -> 0 | F61: =SUM(H61:L61) -> 0 | G61: =SUM(H61:M61) -> 3 | H61: =COUNTIF(Frameworks!$M$119:$M$121,H$3) -> 0 | I61: =COUNTIF(Frameworks!$M$119:$M$121,I$3) -> 0 | J61: =COUNTIF(Frameworks!$M$119:$M$121,J$3) -> 0 | K61: =COUNTIF(Frameworks!$M$119:$M$121,K$3) -> 0 | L61: =COUNTIF(Frameworks!$M$119:$M$121,L$3) -> 0 | M61: =COUNTA(Frameworks!$G$119:$G$121)-SUM(H61:L61) -> 3 | N61: =O61/P61 -> 0 | O61: =SUM(Q61:U61) -> 0 | P61: =SUM(Q61:V61) -> 3 | Q61: =COUNTIF(Frameworks!$R$119:$R$121,Q$3) -> 0 | R61: =COUNTIF(Frameworks!$R$119:$R$121,R$3) -> 0 | S61: =COUNTIF(Frameworks!$R$119:$R$121,S$3) -> 0 | T61: =COUNTIF(Frameworks!$R$119:$R$121,T$3) -> 0 | U61: =COUNTIF(Frameworks!$R$119:$R$121,U$3) -> 0 | V61: =COUNTA(Frameworks!$G$119:$G$121)-SUM(Q61:U61) -> 3
C62: Phân quyền - Permission | D62: SGS User | E62: =F62/G62 -> 0 | F62: =SUM(H62:L62) -> 0 | G62: =SUM(H62:M62) -> 2 | H62: =COUNTIF(Frameworks!$M$122:$M$123,H$3) -> 0 | I62: =COUNTIF(Frameworks!$M$122:$M$123,I$3) -> 0 | J62: =COUNTIF(Frameworks!$M$122:$M$123,J$3) -> 0 | K62: =COUNTIF(Frameworks!$M$122:$M$123,K$3) -> 0 | L62: =COUNTIF(Frameworks!$M$122:$M$123,L$3) -> 0 | M62: =COUNTA(Frameworks!$G$122:$G$123)-SUM(H62:L62) -> 2 | N62: =O62/P62 -> 0 | O62: =SUM(Q62:U62) -> 0 | P62: =SUM(Q62:V62) -> 2 | Q62: =COUNTIF(Frameworks!$R$122:$R$123,Q$3) -> 0 | R62: =COUNTIF(Frameworks!$R$122:$R$123,R$3) -> 0 | S62: =COUNTIF(Frameworks!$R$122:$R$123,S$3) -> 0 | T62: =COUNTIF(Frameworks!$R$122:$R$123,T$3) -> 0 | U62: =COUNTIF(Frameworks!$R$122:$R$123,U$3) -> 0 | V62: =COUNTA(Frameworks!$G$122:$G$123)-SUM(Q62:U62) -> 2
C63: Phân quyền - Permission | D63: SGS Consultant | E63: =F63/G63 -> 0 | F63: =SUM(H63:L63) -> 0 | G63: =SUM(H63:M63) -> 1 | H63: =COUNTIF(Frameworks!$M$124,H$3) -> 0 | I63: =COUNTIF(Frameworks!$M$124,I$3) -> 0 | J63: =COUNTIF(Frameworks!$M$124,J$3) -> 0 | K63: =COUNTIF(Frameworks!$M$124,K$3) -> 0 | L63: =COUNTIF(Frameworks!$M$124,L$3) -> 0 | M63: =COUNTA(Frameworks!$G$124)-SUM(H63:L63) -> 1 | N63: =O63/P63 -> 0 | O63: =SUM(Q63:U63) -> 0 | P63: =SUM(Q63:V63) -> 1 | Q63: =COUNTIF(Frameworks!$R$124,Q$3) -> 0 | R63: =COUNTIF(Frameworks!$R$124,R$3) -> 0 | S63: =COUNTIF(Frameworks!$R$124,S$3) -> 0 | T63: =COUNTIF(Frameworks!$R$124,T$3) -> 0 | U63: =COUNTIF(Frameworks!$R$124,U$3) -> 0 | V63: =COUNTA(Frameworks!$G$124)-SUM(Q63:U63) -> 1
C64: Phân quyền - Permission | D64: SGS Auditor/Certification | E64: =F64/G64 -> 0 | F64: =SUM(H64:L64) -> 0 | G64: =SUM(H64:M64) -> 2 | H64: =COUNTIF(Frameworks!$M$125:$M$126,H$3) -> 0 | I64: =COUNTIF(Frameworks!$M$125:$M$126,I$3) -> 0 | J64: =COUNTIF(Frameworks!$M$125:$M$126,J$3) -> 0 | K64: =COUNTIF(Frameworks!$M$125:$M$126,K$3) -> 0 | L64: =COUNTIF(Frameworks!$M$125:$M$126,L$3) -> 0 | M64: =COUNTA(Frameworks!$G$125:$G$126)-SUM(H64:L64) -> 2 | N64: =O64/P64 -> 0 | O64: =SUM(Q64:U64) -> 0 | P64: =SUM(Q64:V64) -> 2 | Q64: =COUNTIF(Frameworks!$R$125:$R$126,Q$3) -> 0 | R64: =COUNTIF(Frameworks!$R$125:$R$126,R$3) -> 0 | S64: =COUNTIF(Frameworks!$R$125:$R$126,S$3) -> 0 | T64: =COUNTIF(Frameworks!$R$125:$R$126,T$3) -> 0 | U64: =COUNTIF(Frameworks!$R$125:$R$126,U$3) -> 0 | V64: =COUNTA(Frameworks!$G$125:$G$126)-SUM(Q64:U64) -> 2
C65: Phân quyền - Permission | D65: Vai trò Customer | E65: =F65/G65 -> 0 | F65: =SUM(H65:L65) -> 0 | G65: =SUM(H65:M65) -> 4 | H65: =COUNTIF(Frameworks!$M$127:$M$130,H$3) -> 0 | I65: =COUNTIF(Frameworks!$M$127:$M$130,I$3) -> 0 | J65: =COUNTIF(Frameworks!$M$127:$M$130,J$3) -> 0 | K65: =COUNTIF(Frameworks!$M$127:$M$130,K$3) -> 0 | L65: =COUNTIF(Frameworks!$M$127:$M$130,L$3) -> 0 | M65: =COUNTA(Frameworks!$G$127:$G$130)-SUM(H65:L65) -> 4 | N65: =O65/P65 -> 0 | O65: =SUM(Q65:U65) -> 0 | P65: =SUM(Q65:V65) -> 4 | Q65: =COUNTIF(Frameworks!$R$127:$R$130,Q$3) -> 0 | R65: =COUNTIF(Frameworks!$R$127:$R$130,R$3) -> 0 | S65: =COUNTIF(Frameworks!$R$127:$R$130,S$3) -> 0 | T65: =COUNTIF(Frameworks!$R$127:$R$130,T$3) -> 0 | U65: =COUNTIF(Frameworks!$R$127:$R$130,U$3) -> 0 | V65: =COUNTA(Frameworks!$G$127:$G$130)-SUM(Q65:U65) -> 4
C66: Bảo mật - Security | D66: Dữ liệu trong file import - Imported data | E66: =F66/G66 -> 0 | F66: =SUM(H66:L66) -> 0 | G66: =SUM(H66:M66) -> 2 | H66: =COUNTIF(Frameworks!$M$131:$M$132,H$3) -> 0 | I66: =COUNTIF(Frameworks!$M$131:$M$132,I$3) -> 0 | J66: =COUNTIF(Frameworks!$M$131:$M$132,J$3) -> 0 | K66: =COUNTIF(Frameworks!$M$131:$M$132,K$3) -> 0 | L66: =COUNTIF(Frameworks!$M$131:$M$132,L$3) -> 0 | M66: =COUNTA(Frameworks!$G$131:$G$132)-SUM(H66:L66) -> 2 | N66: =O66/P66 -> 0 | O66: =SUM(Q66:U66) -> 0 | P66: =SUM(Q66:V66) -> 2 | Q66: =COUNTIF(Frameworks!$R$131:$R$132,Q$3) -> 0 | R66: =COUNTIF(Frameworks!$R$131:$R$132,R$3) -> 0 | S66: =COUNTIF(Frameworks!$R$131:$R$132,S$3) -> 0 | T66: =COUNTIF(Frameworks!$R$131:$R$132,T$3) -> 0 | U66: =COUNTIF(Frameworks!$R$131:$R$132,U$3) -> 0 | V66: =COUNTA(Frameworks!$G$131:$G$132)-SUM(Q66:U66) -> 2
C67: Bảo mật - Security | D67: Ghi vết - Audit log | E67: =F67/G67 -> 0 | F67: =SUM(H67:L67) -> 0 | G67: =SUM(H67:M67) -> 3 | H67: =COUNTIF(Frameworks!$M$133:$M$135,H$3) -> 0 | I67: =COUNTIF(Frameworks!$M$133:$M$135,I$3) -> 0 | J67: =COUNTIF(Frameworks!$M$133:$M$135,J$3) -> 0 | K67: =COUNTIF(Frameworks!$M$133:$M$135,K$3) -> 0 | L67: =COUNTIF(Frameworks!$M$133:$M$135,L$3) -> 0 | M67: =COUNTA(Frameworks!$G$133:$G$135)-SUM(H67:L67) -> 3 | N67: =O67/P67 -> 0 | O67: =SUM(Q67:U67) -> 0 | P67: =SUM(Q67:V67) -> 3 | Q67: =COUNTIF(Frameworks!$R$133:$R$135,Q$3) -> 0 | R67: =COUNTIF(Frameworks!$R$133:$R$135,R$3) -> 0 | S67: =COUNTIF(Frameworks!$R$133:$R$135,S$3) -> 0 | T67: =COUNTIF(Frameworks!$R$133:$R$135,T$3) -> 0 | U67: =COUNTIF(Frameworks!$R$133:$R$135,U$3) -> 0 | V67: =COUNTA(Frameworks!$G$133:$G$135)-SUM(Q67:U67) -> 3
C68: Total | E68: =F68/G68 -> 0 | F68: =SUM(H68:L68) -> 0 | G68: =SUM(H68:M68) -> 122 | H68: =SUM(H40:H67) -> 0 | I68: =SUM(I40:I67) -> 0 | J68: =SUM(J40:J67) -> 0 | K68: =SUM(K40:K67) -> 0 | L68: =SUM(L40:L67) -> 0 | M68: =SUM(M40:M67) -> 122 | N68: =O68/P68 -> 0 | O68: =SUM(Q68:U68) -> 0 | P68: =SUM(Q68:V68) -> 122 | Q68: =SUM(Q40:Q67) -> 0 | R68: =SUM(R40:R67) -> 0 | S68: =SUM(S40:S67) -> 0 | T68: =SUM(T40:T67) -> 0 | U68: =SUM(U40:U67) -> 0 | V68: =SUM(V40:V67) -> 122
B69: Users | C69: Điều hướng - Redirect | D69: Vào danh sách - User list | E69: =F69/G69 -> 0 | F69: =SUM(H69:L69) -> 0 | G69: =SUM(H69:M69) -> 2 | H69: =COUNTIF('Users'!$M$13:$M$14,H$3) -> 0 | I69: =COUNTIF('Users'!$M$13:$M$14,I$3) -> 0 | J69: =COUNTIF('Users'!$M$13:$M$14,J$3) -> 0 | K69: =COUNTIF('Users'!$M$13:$M$14,K$3) -> 0 | L69: =COUNTIF('Users'!$M$13:$M$14,L$3) -> 0 | M69: =COUNTA('Users'!$G$13:$G$14)-SUM(H69:L69) -> 2 | N69: =O69/P69 -> 0 | O69: =SUM(Q69:U69) -> 0 | P69: =SUM(Q69:V69) -> 2 | Q69: =COUNTIF('Users'!$R$13:$R$14,Q$3) -> 0 | R69: =COUNTIF('Users'!$R$13:$R$14,R$3) -> 0 | S69: =COUNTIF('Users'!$R$13:$R$14,S$3) -> 0 | T69: =COUNTIF('Users'!$R$13:$R$14,T$3) -> 0 | U69: =COUNTIF('Users'!$R$13:$R$14,U$3) -> 0 | V69: =COUNTA('Users'!$G$13:$G$14)-SUM(Q69:U69) -> 2
C70: Điều hướng - Redirect | D70: Vào chi tiết - User detail | E70: =F70/G70 -> 0 | F70: =SUM(H70:L70) -> 0 | G70: =SUM(H70:M70) -> 1 | H70: =COUNTIF('Users'!$M$15:$M$15,H$3) -> 0 | I70: =COUNTIF('Users'!$M$15:$M$15,I$3) -> 0 | J70: =COUNTIF('Users'!$M$15:$M$15,J$3) -> 0 | K70: =COUNTIF('Users'!$M$15:$M$15,K$3) -> 0 | L70: =COUNTIF('Users'!$M$15:$M$15,L$3) -> 0 | M70: =COUNTA('Users'!$G$15:$G$15)-SUM(H70:L70) -> 1 | N70: =O70/P70 -> 0 | O70: =SUM(Q70:U70) -> 0 | P70: =SUM(Q70:V70) -> 1 | Q70: =COUNTIF('Users'!$R$15:$R$15,Q$3) -> 0 | R70: =COUNTIF('Users'!$R$15:$R$15,R$3) -> 0 | S70: =COUNTIF('Users'!$R$15:$R$15,S$3) -> 0 | T70: =COUNTIF('Users'!$R$15:$R$15,T$3) -> 0 | U70: =COUNTIF('Users'!$R$15:$R$15,U$3) -> 0 | V70: =COUNTA('Users'!$G$15:$G$15)-SUM(Q70:U70) -> 1
C71: Danh sách người dùng - User list | D71: Phạm vi dữ liệu - Boundary | E71: =F71/G71 -> 0 | F71: =SUM(H71:L71) -> 0 | G71: =SUM(H71:M71) -> 2 | H71: =COUNTIF('Users'!$M$16:$M$17,H$3) -> 0 | I71: =COUNTIF('Users'!$M$16:$M$17,I$3) -> 0 | J71: =COUNTIF('Users'!$M$16:$M$17,J$3) -> 0 | K71: =COUNTIF('Users'!$M$16:$M$17,K$3) -> 0 | L71: =COUNTIF('Users'!$M$16:$M$17,L$3) -> 0 | M71: =COUNTA('Users'!$G$16:$G$17)-SUM(H71:L71) -> 2 | N71: =O71/P71 -> 0 | O71: =SUM(Q71:U71) -> 0 | P71: =SUM(Q71:V71) -> 2 | Q71: =COUNTIF('Users'!$R$16:$R$17,Q$3) -> 0 | R71: =COUNTIF('Users'!$R$16:$R$17,R$3) -> 0 | S71: =COUNTIF('Users'!$R$16:$R$17,S$3) -> 0 | T71: =COUNTIF('Users'!$R$16:$R$17,T$3) -> 0 | U71: =COUNTIF('Users'!$R$16:$R$17,U$3) -> 0 | V71: =COUNTA('Users'!$G$16:$G$17)-SUM(Q71:U71) -> 2
C72: Danh sách người dùng - User list | D72: Người được mời - Invited user | E72: =F72/G72 -> 0 | F72: =SUM(H72:L72) -> 0 | G72: =SUM(H72:M72) -> 1 | H72: =COUNTIF('Users'!$M$18:$M$18,H$3) -> 0 | I72: =COUNTIF('Users'!$M$18:$M$18,I$3) -> 0 | J72: =COUNTIF('Users'!$M$18:$M$18,J$3) -> 0 | K72: =COUNTIF('Users'!$M$18:$M$18,K$3) -> 0 | L72: =COUNTIF('Users'!$M$18:$M$18,L$3) -> 0 | M72: =COUNTA('Users'!$G$18:$G$18)-SUM(H72:L72) -> 1 | N72: =O72/P72 -> 0 | O72: =SUM(Q72:U72) -> 0 | P72: =SUM(Q72:V72) -> 1 | Q72: =COUNTIF('Users'!$R$18:$R$18,Q$3) -> 0 | R72: =COUNTIF('Users'!$R$18:$R$18,R$3) -> 0 | S72: =COUNTIF('Users'!$R$18:$R$18,S$3) -> 0 | T72: =COUNTIF('Users'!$R$18:$R$18,T$3) -> 0 | U72: =COUNTIF('Users'!$R$18:$R$18,U$3) -> 0 | V72: =COUNTA('Users'!$G$18:$G$18)-SUM(Q72:U72) -> 1
C73: Chi tiết người dùng - User detail | D73: Nội dung - Content | E73: =F73/G73 -> 0 | F73: =SUM(H73:L73) -> 0 | G73: =SUM(H73:M73) -> 2 | H73: =COUNTIF('Users'!$M$19:$M$20,H$3) -> 0 | I73: =COUNTIF('Users'!$M$19:$M$20,I$3) -> 0 | J73: =COUNTIF('Users'!$M$19:$M$20,J$3) -> 0 | K73: =COUNTIF('Users'!$M$19:$M$20,K$3) -> 0 | L73: =COUNTIF('Users'!$M$19:$M$20,L$3) -> 0 | M73: =COUNTA('Users'!$G$19:$G$20)-SUM(H73:L73) -> 2 | N73: =O73/P73 -> 0 | O73: =SUM(Q73:U73) -> 0 | P73: =SUM(Q73:V73) -> 2 | Q73: =COUNTIF('Users'!$R$19:$R$20,Q$3) -> 0 | R73: =COUNTIF('Users'!$R$19:$R$20,R$3) -> 0 | S73: =COUNTIF('Users'!$R$19:$R$20,S$3) -> 0 | T73: =COUNTIF('Users'!$R$19:$R$20,T$3) -> 0 | U73: =COUNTIF('Users'!$R$19:$R$20,U$3) -> 0 | V73: =COUNTA('Users'!$G$19:$G$20)-SUM(Q73:U73) -> 2
C74: Mời người dùng - Invite user | D74: Vai trò được chọn - Role options | E74: =F74/G74 -> 0 | F74: =SUM(H74:L74) -> 0 | G74: =SUM(H74:M74) -> 2 | H74: =COUNTIF('Users'!$M$21:$M$22,H$3) -> 0 | I74: =COUNTIF('Users'!$M$21:$M$22,I$3) -> 0 | J74: =COUNTIF('Users'!$M$21:$M$22,J$3) -> 0 | K74: =COUNTIF('Users'!$M$21:$M$22,K$3) -> 0 | L74: =COUNTIF('Users'!$M$21:$M$22,L$3) -> 0 | M74: =COUNTA('Users'!$G$21:$G$22)-SUM(H74:L74) -> 2 | N74: =O74/P74 -> 0 | O74: =SUM(Q74:U74) -> 0 | P74: =SUM(Q74:V74) -> 2 | Q74: =COUNTIF('Users'!$R$21:$R$22,Q$3) -> 0 | R74: =COUNTIF('Users'!$R$21:$R$22,R$3) -> 0 | S74: =COUNTIF('Users'!$R$21:$R$22,S$3) -> 0 | T74: =COUNTIF('Users'!$R$21:$R$22,T$3) -> 0 | U74: =COUNTIF('Users'!$R$21:$R$22,U$3) -> 0 | V74: =COUNTA('Users'!$G$21:$G$22)-SUM(Q74:U74) -> 2
C75: Mời người dùng - Invite user | D75: Gửi lời mời - Send invitation | E75: =F75/G75 -> 0 | F75: =SUM(H75:L75) -> 0 | G75: =SUM(H75:M75) -> 14 | H75: =COUNTIF('Users'!$M$23:$M$36,H$3) -> 0 | I75: =COUNTIF('Users'!$M$23:$M$36,I$3) -> 0 | J75: =COUNTIF('Users'!$M$23:$M$36,J$3) -> 0 | K75: =COUNTIF('Users'!$M$23:$M$36,K$3) -> 0 | L75: =COUNTIF('Users'!$M$23:$M$36,L$3) -> 0 | M75: =COUNTA('Users'!$G$23:$G$36)-SUM(H75:L75) -> 14 | N75: =O75/P75 -> 0 | O75: =SUM(Q75:U75) -> 0 | P75: =SUM(Q75:V75) -> 14 | Q75: =COUNTIF('Users'!$R$23:$R$36,Q$3) -> 0 | R75: =COUNTIF('Users'!$R$23:$R$36,R$3) -> 0 | S75: =COUNTIF('Users'!$R$23:$R$36,S$3) -> 0 | T75: =COUNTIF('Users'!$R$23:$R$36,T$3) -> 0 | U75: =COUNTIF('Users'!$R$23:$R$36,U$3) -> 0 | V75: =COUNTA('Users'!$G$23:$G$36)-SUM(Q75:U75) -> 14
C76: Mời người dùng - Invite user | D76: Lời mời đang chờ - Pending invitation | E76: =F76/G76 -> 0 | F76: =SUM(H76:L76) -> 0 | G76: =SUM(H76:M76) -> 4 | H76: =COUNTIF('Users'!$M$37:$M$40,H$3) -> 0 | I76: =COUNTIF('Users'!$M$37:$M$40,I$3) -> 0 | J76: =COUNTIF('Users'!$M$37:$M$40,J$3) -> 0 | K76: =COUNTIF('Users'!$M$37:$M$40,K$3) -> 0 | L76: =COUNTIF('Users'!$M$37:$M$40,L$3) -> 0 | M76: =COUNTA('Users'!$G$37:$G$40)-SUM(H76:L76) -> 4 | N76: =O76/P76 -> 0 | O76: =SUM(Q76:U76) -> 0 | P76: =SUM(Q76:V76) -> 4 | Q76: =COUNTIF('Users'!$R$37:$R$40,Q$3) -> 0 | R76: =COUNTIF('Users'!$R$37:$R$40,R$3) -> 0 | S76: =COUNTIF('Users'!$R$37:$R$40,S$3) -> 0 | T76: =COUNTIF('Users'!$R$37:$R$40,T$3) -> 0 | U76: =COUNTIF('Users'!$R$37:$R$40,U$3) -> 0 | V76: =COUNTA('Users'!$G$37:$G$40)-SUM(Q76:U76) -> 4
C77: Đổi vai trò - Change role | D77: Đổi vai trò - Change role | E77: =F77/G77 -> 0 | F77: =SUM(H77:L77) -> 0 | G77: =SUM(H77:M77) -> 9 | H77: =COUNTIF('Users'!$M$41:$M$49,H$3) -> 0 | I77: =COUNTIF('Users'!$M$41:$M$49,I$3) -> 0 | J77: =COUNTIF('Users'!$M$41:$M$49,J$3) -> 0 | K77: =COUNTIF('Users'!$M$41:$M$49,K$3) -> 0 | L77: =COUNTIF('Users'!$M$41:$M$49,L$3) -> 0 | M77: =COUNTA('Users'!$G$41:$G$49)-SUM(H77:L77) -> 9 | N77: =O77/P77 -> 0 | O77: =SUM(Q77:U77) -> 0 | P77: =SUM(Q77:V77) -> 9 | Q77: =COUNTIF('Users'!$R$41:$R$49,Q$3) -> 0 | R77: =COUNTIF('Users'!$R$41:$R$49,R$3) -> 0 | S77: =COUNTIF('Users'!$R$41:$R$49,S$3) -> 0 | T77: =COUNTIF('Users'!$R$41:$R$49,T$3) -> 0 | U77: =COUNTIF('Users'!$R$41:$R$49,U$3) -> 0 | V77: =COUNTA('Users'!$G$41:$G$49)-SUM(Q77:U77) -> 9
C78: Quyền theo scope - Scope access | D78: Cấp quyền - Grant | E78: =F78/G78 -> 0 | F78: =SUM(H78:L78) -> 0 | G78: =SUM(H78:M78) -> 6 | H78: =COUNTIF('Users'!$M$50:$M$55,H$3) -> 0 | I78: =COUNTIF('Users'!$M$50:$M$55,I$3) -> 0 | J78: =COUNTIF('Users'!$M$50:$M$55,J$3) -> 0 | K78: =COUNTIF('Users'!$M$50:$M$55,K$3) -> 0 | L78: =COUNTIF('Users'!$M$50:$M$55,L$3) -> 0 | M78: =COUNTA('Users'!$G$50:$G$55)-SUM(H78:L78) -> 6 | N78: =O78/P78 -> 0 | O78: =SUM(Q78:U78) -> 0 | P78: =SUM(Q78:V78) -> 6 | Q78: =COUNTIF('Users'!$R$50:$R$55,Q$3) -> 0 | R78: =COUNTIF('Users'!$R$50:$R$55,R$3) -> 0 | S78: =COUNTIF('Users'!$R$50:$R$55,S$3) -> 0 | T78: =COUNTIF('Users'!$R$50:$R$55,T$3) -> 0 | U78: =COUNTIF('Users'!$R$50:$R$55,U$3) -> 0 | V78: =COUNTA('Users'!$G$50:$G$55)-SUM(Q78:U78) -> 6
C79: Quyền theo scope - Scope access | D79: Gỡ quyền - Remove | E79: =F79/G79 -> 0 | F79: =SUM(H79:L79) -> 0 | G79: =SUM(H79:M79) -> 4 | H79: =COUNTIF('Users'!$M$56:$M$59,H$3) -> 0 | I79: =COUNTIF('Users'!$M$56:$M$59,I$3) -> 0 | J79: =COUNTIF('Users'!$M$56:$M$59,J$3) -> 0 | K79: =COUNTIF('Users'!$M$56:$M$59,K$3) -> 0 | L79: =COUNTIF('Users'!$M$56:$M$59,L$3) -> 0 | M79: =COUNTA('Users'!$G$56:$G$59)-SUM(H79:L79) -> 4 | N79: =O79/P79 -> 0 | O79: =SUM(Q79:U79) -> 0 | P79: =SUM(Q79:V79) -> 4 | Q79: =COUNTIF('Users'!$R$56:$R$59,Q$3) -> 0 | R79: =COUNTIF('Users'!$R$56:$R$59,R$3) -> 0 | S79: =COUNTIF('Users'!$R$56:$R$59,S$3) -> 0 | T79: =COUNTIF('Users'!$R$56:$R$59,T$3) -> 0 | U79: =COUNTIF('Users'!$R$56:$R$59,U$3) -> 0 | V79: =COUNTA('Users'!$G$56:$G$59)-SUM(Q79:U79) -> 4
C80: Quyền theo scope - Scope access | D80: Đối tượng được cấp - Who can be granted | E80: =F80/G80 -> 0 | F80: =SUM(H80:L80) -> 0 | G80: =SUM(H80:M80) -> 2 | H80: =COUNTIF('Users'!$M$60:$M$61,H$3) -> 0 | I80: =COUNTIF('Users'!$M$60:$M$61,I$3) -> 0 | J80: =COUNTIF('Users'!$M$60:$M$61,J$3) -> 0 | K80: =COUNTIF('Users'!$M$60:$M$61,K$3) -> 0 | L80: =COUNTIF('Users'!$M$60:$M$61,L$3) -> 0 | M80: =COUNTA('Users'!$G$60:$G$61)-SUM(H80:L80) -> 2 | N80: =O80/P80 -> 0 | O80: =SUM(Q80:U80) -> 0 | P80: =SUM(Q80:V80) -> 2 | Q80: =COUNTIF('Users'!$R$60:$R$61,Q$3) -> 0 | R80: =COUNTIF('Users'!$R$60:$R$61,R$3) -> 0 | S80: =COUNTIF('Users'!$R$60:$R$61,S$3) -> 0 | T80: =COUNTIF('Users'!$R$60:$R$61,T$3) -> 0 | U80: =COUNTIF('Users'!$R$60:$R$61,U$3) -> 0 | V80: =COUNTA('Users'!$G$60:$G$61)-SUM(Q80:U80) -> 2
C81: Ma trận quyền - Role permissions | D81: Xem ma trận - View | E81: =F81/G81 -> 0 | F81: =SUM(H81:L81) -> 0 | G81: =SUM(H81:M81) -> 2 | H81: =COUNTIF('Users'!$M$62:$M$63,H$3) -> 0 | I81: =COUNTIF('Users'!$M$62:$M$63,I$3) -> 0 | J81: =COUNTIF('Users'!$M$62:$M$63,J$3) -> 0 | K81: =COUNTIF('Users'!$M$62:$M$63,K$3) -> 0 | L81: =COUNTIF('Users'!$M$62:$M$63,L$3) -> 0 | M81: =COUNTA('Users'!$G$62:$G$63)-SUM(H81:L81) -> 2 | N81: =O81/P81 -> 0 | O81: =SUM(Q81:U81) -> 0 | P81: =SUM(Q81:V81) -> 2 | Q81: =COUNTIF('Users'!$R$62:$R$63,Q$3) -> 0 | R81: =COUNTIF('Users'!$R$62:$R$63,R$3) -> 0 | S81: =COUNTIF('Users'!$R$62:$R$63,S$3) -> 0 | T81: =COUNTIF('Users'!$R$62:$R$63,T$3) -> 0 | U81: =COUNTIF('Users'!$R$62:$R$63,U$3) -> 0 | V81: =COUNTA('Users'!$G$62:$G$63)-SUM(Q81:U81) -> 2
C82: Phân quyền - Permission | D82: Customer User | E82: =F82/G82 -> 0 | F82: =SUM(H82:L82) -> 0 | G82: =SUM(H82:M82) -> 3 | H82: =COUNTIF('Users'!$M$64:$M$66,H$3) -> 0 | I82: =COUNTIF('Users'!$M$64:$M$66,I$3) -> 0 | J82: =COUNTIF('Users'!$M$64:$M$66,J$3) -> 0 | K82: =COUNTIF('Users'!$M$64:$M$66,K$3) -> 0 | L82: =COUNTIF('Users'!$M$64:$M$66,L$3) -> 0 | M82: =COUNTA('Users'!$G$64:$G$66)-SUM(H82:L82) -> 3 | N82: =O82/P82 -> 0 | O82: =SUM(Q82:U82) -> 0 | P82: =SUM(Q82:V82) -> 3 | Q82: =COUNTIF('Users'!$R$64:$R$66,Q$3) -> 0 | R82: =COUNTIF('Users'!$R$64:$R$66,R$3) -> 0 | S82: =COUNTIF('Users'!$R$64:$R$66,S$3) -> 0 | T82: =COUNTIF('Users'!$R$64:$R$66,T$3) -> 0 | U82: =COUNTIF('Users'!$R$64:$R$66,U$3) -> 0 | V82: =COUNTA('Users'!$G$64:$G$66)-SUM(Q82:U82) -> 3
C83: Phân quyền - Permission | D83: Customer Viewer | E83: =F83/G83 -> 0 | F83: =SUM(H83:L83) -> 0 | G83: =SUM(H83:M83) -> 1 | H83: =COUNTIF('Users'!$M$67:$M$67,H$3) -> 0 | I83: =COUNTIF('Users'!$M$67:$M$67,I$3) -> 0 | J83: =COUNTIF('Users'!$M$67:$M$67,J$3) -> 0 | K83: =COUNTIF('Users'!$M$67:$M$67,K$3) -> 0 | L83: =COUNTIF('Users'!$M$67:$M$67,L$3) -> 0 | M83: =COUNTA('Users'!$G$67:$G$67)-SUM(H83:L83) -> 1 | N83: =O83/P83 -> 0 | O83: =SUM(Q83:U83) -> 0 | P83: =SUM(Q83:V83) -> 1 | Q83: =COUNTIF('Users'!$R$67:$R$67,Q$3) -> 0 | R83: =COUNTIF('Users'!$R$67:$R$67,R$3) -> 0 | S83: =COUNTIF('Users'!$R$67:$R$67,S$3) -> 0 | T83: =COUNTIF('Users'!$R$67:$R$67,T$3) -> 0 | U83: =COUNTIF('Users'!$R$67:$R$67,U$3) -> 0 | V83: =COUNTA('Users'!$G$67:$G$67)-SUM(Q83:U83) -> 1
C84: Phân quyền - Permission | D84: Vai trò SGS - SGS roles | E84: =F84/G84 -> 0 | F84: =SUM(H84:L84) -> 0 | G84: =SUM(H84:M84) -> 1 | H84: =COUNTIF('Users'!$M$68:$M$68,H$3) -> 0 | I84: =COUNTIF('Users'!$M$68:$M$68,I$3) -> 0 | J84: =COUNTIF('Users'!$M$68:$M$68,J$3) -> 0 | K84: =COUNTIF('Users'!$M$68:$M$68,K$3) -> 0 | L84: =COUNTIF('Users'!$M$68:$M$68,L$3) -> 0 | M84: =COUNTA('Users'!$G$68:$G$68)-SUM(H84:L84) -> 1 | N84: =O84/P84 -> 0 | O84: =SUM(Q84:U84) -> 0 | P84: =SUM(Q84:V84) -> 1 | Q84: =COUNTIF('Users'!$R$68:$R$68,Q$3) -> 0 | R84: =COUNTIF('Users'!$R$68:$R$68,R$3) -> 0 | S84: =COUNTIF('Users'!$R$68:$R$68,S$3) -> 0 | T84: =COUNTIF('Users'!$R$68:$R$68,T$3) -> 0 | U84: =COUNTIF('Users'!$R$68:$R$68,U$3) -> 0 | V84: =COUNTA('Users'!$G$68:$G$68)-SUM(Q84:U84) -> 1
C85: Bảo mật - Security | D85: Cách ly tenant - Tenant isolation | E85: =F85/G85 -> 0 | F85: =SUM(H85:L85) -> 0 | G85: =SUM(H85:M85) -> 3 | H85: =COUNTIF('Users'!$M$69:$M$71,H$3) -> 0 | I85: =COUNTIF('Users'!$M$69:$M$71,I$3) -> 0 | J85: =COUNTIF('Users'!$M$69:$M$71,J$3) -> 0 | K85: =COUNTIF('Users'!$M$69:$M$71,K$3) -> 0 | L85: =COUNTIF('Users'!$M$69:$M$71,L$3) -> 0 | M85: =COUNTA('Users'!$G$69:$G$71)-SUM(H85:L85) -> 3 | N85: =O85/P85 -> 0 | O85: =SUM(Q85:U85) -> 0 | P85: =SUM(Q85:V85) -> 3 | Q85: =COUNTIF('Users'!$R$69:$R$71,Q$3) -> 0 | R85: =COUNTIF('Users'!$R$69:$R$71,R$3) -> 0 | S85: =COUNTIF('Users'!$R$69:$R$71,S$3) -> 0 | T85: =COUNTIF('Users'!$R$69:$R$71,T$3) -> 0 | U85: =COUNTIF('Users'!$R$69:$R$71,U$3) -> 0 | V85: =COUNTA('Users'!$G$69:$G$71)-SUM(Q85:U85) -> 3
C86: Bảo mật - Security | D86: Phạm vi affiliate - Affiliate boundary | E86: =F86/G86 -> 0 | F86: =SUM(H86:L86) -> 0 | G86: =SUM(H86:M86) -> 1 | H86: =COUNTIF('Users'!$M$72:$M$72,H$3) -> 0 | I86: =COUNTIF('Users'!$M$72:$M$72,I$3) -> 0 | J86: =COUNTIF('Users'!$M$72:$M$72,J$3) -> 0 | K86: =COUNTIF('Users'!$M$72:$M$72,K$3) -> 0 | L86: =COUNTIF('Users'!$M$72:$M$72,L$3) -> 0 | M86: =COUNTA('Users'!$G$72:$G$72)-SUM(H86:L86) -> 1 | N86: =O86/P86 -> 0 | O86: =SUM(Q86:U86) -> 0 | P86: =SUM(Q86:V86) -> 1 | Q86: =COUNTIF('Users'!$R$72:$R$72,Q$3) -> 0 | R86: =COUNTIF('Users'!$R$72:$R$72,R$3) -> 0 | S86: =COUNTIF('Users'!$R$72:$R$72,S$3) -> 0 | T86: =COUNTIF('Users'!$R$72:$R$72,T$3) -> 0 | U86: =COUNTIF('Users'!$R$72:$R$72,U$3) -> 0 | V86: =COUNTA('Users'!$G$72:$G$72)-SUM(Q86:U86) -> 1
C87: Bảo mật - Security | D87: Dữ liệu nhập - Input | E87: =F87/G87 -> 0 | F87: =SUM(H87:L87) -> 0 | G87: =SUM(H87:M87) -> 1 | H87: =COUNTIF('Users'!$M$73:$M$73,H$3) -> 0 | I87: =COUNTIF('Users'!$M$73:$M$73,I$3) -> 0 | J87: =COUNTIF('Users'!$M$73:$M$73,J$3) -> 0 | K87: =COUNTIF('Users'!$M$73:$M$73,K$3) -> 0 | L87: =COUNTIF('Users'!$M$73:$M$73,L$3) -> 0 | M87: =COUNTA('Users'!$G$73:$G$73)-SUM(H87:L87) -> 1 | N87: =O87/P87 -> 0 | O87: =SUM(Q87:U87) -> 0 | P87: =SUM(Q87:V87) -> 1 | Q87: =COUNTIF('Users'!$R$73:$R$73,Q$3) -> 0 | R87: =COUNTIF('Users'!$R$73:$R$73,R$3) -> 0 | S87: =COUNTIF('Users'!$R$73:$R$73,S$3) -> 0 | T87: =COUNTIF('Users'!$R$73:$R$73,T$3) -> 0 | U87: =COUNTIF('Users'!$R$73:$R$73,U$3) -> 0 | V87: =COUNTA('Users'!$G$73:$G$73)-SUM(Q87:U87) -> 1
C88: Bảo mật - Security | D88: Ghi vết - Audit log | E88: =F88/G88 -> 0 | F88: =SUM(H88:L88) -> 0 | G88: =SUM(H88:M88) -> 1 | H88: =COUNTIF('Users'!$M$74:$M$74,H$3) -> 0 | I88: =COUNTIF('Users'!$M$74:$M$74,I$3) -> 0 | J88: =COUNTIF('Users'!$M$74:$M$74,J$3) -> 0 | K88: =COUNTIF('Users'!$M$74:$M$74,K$3) -> 0 | L88: =COUNTIF('Users'!$M$74:$M$74,L$3) -> 0 | M88: =COUNTA('Users'!$G$74:$G$74)-SUM(H88:L88) -> 1 | N88: =O88/P88 -> 0 | O88: =SUM(Q88:U88) -> 0 | P88: =SUM(Q88:V88) -> 1 | Q88: =COUNTIF('Users'!$R$74:$R$74,Q$3) -> 0 | R88: =COUNTIF('Users'!$R$74:$R$74,R$3) -> 0 | S88: =COUNTIF('Users'!$R$74:$R$74,S$3) -> 0 | T88: =COUNTIF('Users'!$R$74:$R$74,T$3) -> 0 | U88: =COUNTIF('Users'!$R$74:$R$74,U$3) -> 0 | V88: =COUNTA('Users'!$G$74:$G$74)-SUM(Q88:U88) -> 1
C89: Total | E89: =F89/G89 -> 0 | F89: =SUM(H89:L89) -> 0 | G89: =SUM(H89:M89) -> 62 | H89: =SUM(H69:H88) -> 0 | I89: =SUM(I69:I88) -> 0 | J89: =SUM(J69:J88) -> 0 | K89: =SUM(K69:K88) -> 0 | L89: =SUM(L69:L88) -> 0 | M89: =SUM(M69:M88) -> 62 | N89: =O89/P89 -> 0 | O89: =SUM(Q89:U89) -> 0 | P89: =SUM(Q89:V89) -> 62 | Q89: =SUM(Q69:Q88) -> 0 | R89: =SUM(R69:R88) -> 0 | S89: =SUM(S69:S88) -> 0 | T89: =SUM(T69:T88) -> 0 | U89: =SUM(U69:U88) -> 0 | V89: =SUM(V69:V88) -> 62
B90: Profile | C90: Điều hướng - Redirect | D90: Chỗ đổi ngôn ngữ - Language setting | E90: =F90/G90 -> 0 | F90: =SUM(H90:L90) -> 0 | G90: =SUM(H90:M90) -> 1 | H90: =COUNTIF('Profile'!$M$13:$M$13,H$3) -> 0 | I90: =COUNTIF('Profile'!$M$13:$M$13,I$3) -> 0 | J90: =COUNTIF('Profile'!$M$13:$M$13,J$3) -> 0 | K90: =COUNTIF('Profile'!$M$13:$M$13,K$3) -> 0 | L90: =COUNTIF('Profile'!$M$13:$M$13,L$3) -> 0 | M90: =COUNTA('Profile'!$G$13:$G$13)-SUM(H90:L90) -> 1 | N90: =O90/P90 -> 0 | O90: =SUM(Q90:U90) -> 0 | P90: =SUM(Q90:V90) -> 1 | Q90: =COUNTIF('Profile'!$R$13:$R$13,Q$3) -> 0 | R90: =COUNTIF('Profile'!$R$13:$R$13,R$3) -> 0 | S90: =COUNTIF('Profile'!$R$13:$R$13,S$3) -> 0 | T90: =COUNTIF('Profile'!$R$13:$R$13,T$3) -> 0 | U90: =COUNTIF('Profile'!$R$13:$R$13,U$3) -> 0 | V90: =COUNTA('Profile'!$G$13:$G$13)-SUM(Q90:U90) -> 1
C91: Đổi ngôn ngữ - Switch language | D91: Giao diện - Interface | E91: =F91/G91 -> 0 | F91: =SUM(H91:L91) -> 0 | G91: =SUM(H91:M91) -> 2 | H91: =COUNTIF('Profile'!$M$14:$M$15,H$3) -> 0 | I91: =COUNTIF('Profile'!$M$14:$M$15,I$3) -> 0 | J91: =COUNTIF('Profile'!$M$14:$M$15,J$3) -> 0 | K91: =COUNTIF('Profile'!$M$14:$M$15,K$3) -> 0 | L91: =COUNTIF('Profile'!$M$14:$M$15,L$3) -> 0 | M91: =COUNTA('Profile'!$G$14:$G$15)-SUM(H91:L91) -> 2 | N91: =O91/P91 -> 0 | O91: =SUM(Q91:U91) -> 0 | P91: =SUM(Q91:V91) -> 2 | Q91: =COUNTIF('Profile'!$R$14:$R$15,Q$3) -> 0 | R91: =COUNTIF('Profile'!$R$14:$R$15,R$3) -> 0 | S91: =COUNTIF('Profile'!$R$14:$R$15,S$3) -> 0 | T91: =COUNTIF('Profile'!$R$14:$R$15,T$3) -> 0 | U91: =COUNTIF('Profile'!$R$14:$R$15,U$3) -> 0 | V91: =COUNTA('Profile'!$G$14:$G$15)-SUM(Q91:U91) -> 2
C92: Đổi ngôn ngữ - Switch language | D92: Nội dung framework - Framework content | E92: =F92/G92 -> 0 | F92: =SUM(H92:L92) -> 0 | G92: =SUM(H92:M92) -> 3 | H92: =COUNTIF('Profile'!$M$16:$M$18,H$3) -> 0 | I92: =COUNTIF('Profile'!$M$16:$M$18,I$3) -> 0 | J92: =COUNTIF('Profile'!$M$16:$M$18,J$3) -> 0 | K92: =COUNTIF('Profile'!$M$16:$M$18,K$3) -> 0 | L92: =COUNTIF('Profile'!$M$16:$M$18,L$3) -> 0 | M92: =COUNTA('Profile'!$G$16:$G$18)-SUM(H92:L92) -> 3 | N92: =O92/P92 -> 0 | O92: =SUM(Q92:U92) -> 0 | P92: =SUM(Q92:V92) -> 3 | Q92: =COUNTIF('Profile'!$R$16:$R$18,Q$3) -> 0 | R92: =COUNTIF('Profile'!$R$16:$R$18,R$3) -> 0 | S92: =COUNTIF('Profile'!$R$16:$R$18,S$3) -> 0 | T92: =COUNTIF('Profile'!$R$16:$R$18,T$3) -> 0 | U92: =COUNTIF('Profile'!$R$16:$R$18,U$3) -> 0 | V92: =COUNTA('Profile'!$G$16:$G$18)-SUM(Q92:U92) -> 3
C93: Lưu lựa chọn - Persistence | D93: Theo người dùng - Per user | E93: =F93/G93 -> 0 | F93: =SUM(H93:L93) -> 0 | G93: =SUM(H93:M93) -> 5 | H93: =COUNTIF('Profile'!$M$19:$M$23,H$3) -> 0 | I93: =COUNTIF('Profile'!$M$19:$M$23,I$3) -> 0 | J93: =COUNTIF('Profile'!$M$19:$M$23,J$3) -> 0 | K93: =COUNTIF('Profile'!$M$19:$M$23,K$3) -> 0 | L93: =COUNTIF('Profile'!$M$19:$M$23,L$3) -> 0 | M93: =COUNTA('Profile'!$G$19:$G$23)-SUM(H93:L93) -> 5 | N93: =O93/P93 -> 0 | O93: =SUM(Q93:U93) -> 0 | P93: =SUM(Q93:V93) -> 5 | Q93: =COUNTIF('Profile'!$R$19:$R$23,Q$3) -> 0 | R93: =COUNTIF('Profile'!$R$19:$R$23,R$3) -> 0 | S93: =COUNTIF('Profile'!$R$19:$R$23,S$3) -> 0 | T93: =COUNTIF('Profile'!$R$19:$R$23,T$3) -> 0 | U93: =COUNTIF('Profile'!$R$19:$R$23,U$3) -> 0 | V93: =COUNTA('Profile'!$G$19:$G$23)-SUM(Q93:U93) -> 5
C94: Phân quyền - Permission | D94: Vai trò SGS - SGS roles | E94: =F94/G94 -> 0 | F94: =SUM(H94:L94) -> 0 | G94: =SUM(H94:M94) -> 1 | H94: =COUNTIF('Profile'!$M$24:$M$24,H$3) -> 0 | I94: =COUNTIF('Profile'!$M$24:$M$24,I$3) -> 0 | J94: =COUNTIF('Profile'!$M$24:$M$24,J$3) -> 0 | K94: =COUNTIF('Profile'!$M$24:$M$24,K$3) -> 0 | L94: =COUNTIF('Profile'!$M$24:$M$24,L$3) -> 0 | M94: =COUNTA('Profile'!$G$24:$G$24)-SUM(H94:L94) -> 1 | N94: =O94/P94 -> 0 | O94: =SUM(Q94:U94) -> 0 | P94: =SUM(Q94:V94) -> 1 | Q94: =COUNTIF('Profile'!$R$24:$R$24,Q$3) -> 0 | R94: =COUNTIF('Profile'!$R$24:$R$24,R$3) -> 0 | S94: =COUNTIF('Profile'!$R$24:$R$24,S$3) -> 0 | T94: =COUNTIF('Profile'!$R$24:$R$24,T$3) -> 0 | U94: =COUNTIF('Profile'!$R$24:$R$24,U$3) -> 0 | V94: =COUNTA('Profile'!$G$24:$G$24)-SUM(Q94:U94) -> 1
C95: Phân quyền - Permission | D95: Customer Viewer | E95: =F95/G95 -> 0 | F95: =SUM(H95:L95) -> 0 | G95: =SUM(H95:M95) -> 1 | H95: =COUNTIF('Profile'!$M$25:$M$25,H$3) -> 0 | I95: =COUNTIF('Profile'!$M$25:$M$25,I$3) -> 0 | J95: =COUNTIF('Profile'!$M$25:$M$25,J$3) -> 0 | K95: =COUNTIF('Profile'!$M$25:$M$25,K$3) -> 0 | L95: =COUNTIF('Profile'!$M$25:$M$25,L$3) -> 0 | M95: =COUNTA('Profile'!$G$25:$G$25)-SUM(H95:L95) -> 1 | N95: =O95/P95 -> 0 | O95: =SUM(Q95:U95) -> 0 | P95: =SUM(Q95:V95) -> 1 | Q95: =COUNTIF('Profile'!$R$25:$R$25,Q$3) -> 0 | R95: =COUNTIF('Profile'!$R$25:$R$25,R$3) -> 0 | S95: =COUNTIF('Profile'!$R$25:$R$25,S$3) -> 0 | T95: =COUNTIF('Profile'!$R$25:$R$25,T$3) -> 0 | U95: =COUNTIF('Profile'!$R$25:$R$25,U$3) -> 0 | V95: =COUNTA('Profile'!$G$25:$G$25)-SUM(Q95:U95) -> 1
C96: Total | E96: =F96/G96 -> 0 | F96: =SUM(H96:L96) -> 0 | G96: =SUM(H96:M96) -> 13 | H96: =SUM(H90:H95) -> 0 | I96: =SUM(I90:I95) -> 0 | J96: =SUM(J90:J95) -> 0 | K96: =SUM(K90:K95) -> 0 | L96: =SUM(L90:L95) -> 0 | M96: =SUM(M90:M95) -> 13 | N96: =O96/P96 -> 0 | O96: =SUM(Q96:U96) -> 0 | P96: =SUM(Q96:V96) -> 13 | Q96: =SUM(Q90:Q95) -> 0 | R96: =SUM(R90:R95) -> 0 | S96: =SUM(S90:S95) -> 0 | T96: =SUM(T90:T95) -> 0 | U96: =SUM(U90:U95) -> 0 | V96: =SUM(V90:V95) -> 13
B97: Total | E97: =F97/G97 -> 0 | F97: =SUM(F14,F39,F68,F89,F96) -> 0 | G97: =SUM(G14,G39,G68,G89,G96) -> 385 | H97: =SUM(H14,H39,H68,H89,H96) -> 0 | I97: =SUM(I14,I39,I68,I89,I96) -> 0 | J97: =SUM(J14,J39,J68,J89,J96) -> 0 | K97: =SUM(K14,K39,K68,K89,K96) -> 0 | L97: =SUM(L14,L39,L68,L89,L96) -> 0 | M97: =SUM(M14,M39,M68,M89,M96) -> 385 | N97: =O97/P97 -> 0 | O97: =SUM(O14,O39,O68,O89,O96) -> 0 | P97: =SUM(P14,P39,P68,P89,P96) -> 385 | Q97: =SUM(Q14,Q39,Q68,Q89,Q96) -> 0 | R97: =SUM(R14,R39,R68,R89,R96) -> 0 | S97: =SUM(S14,S39,S68,S89,S96) -> 0 | T97: =SUM(T14,T39,T68,T89,T96) -> 0 | U97: =SUM(U14,U39,U68,U89,U96) -> 0 | V97: =SUM(V14,V39,V68,V89,V96) -> 385

Sheet Login
B3: Function Name | C3: AUTH-L0001_Đăng nhập | K3: Round | L3: Total | M3: Passed | N3: Failed | O3: Pending | P3: Blocked | Q3: NA | R3: Not execute
B4: Screen Name | C4: Login · Customer Portal | K4: Round 1 | L4: =COUNTA($G$13:$G$112) -> 52 | M4: =COUNTIF($M$13:$M941,M3) -> 0 | N4: =COUNTIF($M$13:$M941,N3) -> 0 | O4: =COUNTIF($M$13:$M941,O3) -> 0 | P4: =COUNTIF($M$13:$M941,P3) -> 0 | Q4: =COUNTIF($M$13:$M941,Q3) -> 0 | R4: =L4-SUM(M4:Q4) -> 52
B5: Creator | C5: Hanna | M5: =M4/$L$4 -> 0 | N5: =N4/$L$4 -> 0 | O5: =O4/$L$4 -> 0 | P5: =P4/$L$4 -> 0 | Q5: =Q4/$L$4 -> 0 | R5: =R4/$L$4 -> 1
B6: Created date | C6: 01/10/2026 | K6: Round 2 | L6: =COUNTA($G$13:$G$112) -> 52 | M6: =COUNTIF($R$13:$R$115,M3) -> 0 | N6: =COUNTIF($R$13:$R$115,N3) -> 0 | O6: =COUNTIF($R$13:$R$115,O3) -> 0 | P6: =COUNTIF($R$13:$R$115,P3) -> 0 | Q6: =COUNTIF($R$13:$R$115,Q3) -> 0 | R6: =L6-SUM(M6:Q6) -> 52
B7: Reference | C7: Figma SGS-DTP-DS · Screens 01 Authentication · Customer / Sign in | M7: =M6/$L$6 -> 0 | N7: =N6/$L$6 -> 0 | O7: =O6/$L$6 -> 0 | P7: =P6/$L$6 -> 0 | Q7: =Q6/$L$6 -> 0 | R7: =R6/$L$6 -> 1
M10: Round 1 | R10: Round 2
B11: Classification | F11: Priority | G11: TVP_ID | H11: Test case name/ Test view point | I11: Pre-condition | J11: Step | K11: Expected result | L11: Dev test | M11: Result | N11: Test person | O11: Test date | P11: Bug_ID | Q11: Remark | R11: Result | S11: Test person | T11: Test date | U11: Bug_ID | V11: Remark | W11: Open question | X11: UC
A12: No. | B12: I | C12: II | D12: III | E12: IV
A13: 1 | B13: Đăng nhập - Login | C13: Điều hướng - Redirect | D13: Vào màn hình | E13: Chưa đăng nhập | F13: High | G13: TC_001 | H13: Kiểm tra đường dẫn vào màn hình đăng nhập | I13: Chưa đăng nhập | J13: 1. Mở {{url.customer}} | K13: - Chuyển sang màn hình Đăng nhập - Hiển thị đủ: logo SGS, tiêu đề Digital Trust Platform, phụ đề Customer Portal | X13: UC-AUTH-001
A14: 2 | E14: Đã đăng nhập | F14: Medium | G14: TC_002 | H14: Kiểm tra khi đã đăng nhập mà mở lại màn đăng nhập | I14: Đã đăng nhập bằng {{user.cust_admin}} | J14: 1. Mở lại {{url.customer}}/login | W14: Chưa rõ: vào thẳng Home hay vẫn hiện màn đăng nhập → Q-L-12 | X14: UC-AUTH-001
A15: 3 | E15: Mở link sâu khi chưa đăng nhập | F15: High | G15: TC_003 | H15: Kiểm tra mở trang nội bộ bằng URL khi chưa đăng nhập | I15: Chưa đăng nhập | J15: 1. Dán URL một trang nội bộ, ví dụ {{url.customer}}/scopes 2. Enter | K15: - Chuyển sang màn hình Đăng nhập, không hiển thị nội dung trang nội bộ | W15: Sau khi đăng nhập có quay lại đúng trang vừa mở không → Q-L-12 | X15: UC-ROL-001
A16: 4 | C16: Hiển thị - Display | D16: Khối bên trái | E16: Thương hiệu | F16: Low | G16: TC_004 | H16: Kiểm tra hiển thị khối thương hiệu bên trái | I16: Chưa đăng nhập | J16: 1. Mở {{url.customer}} 2. Kiểm tra khối bên trái | K16: - Hiển thị hoạ tiết thương hiệu SGS - Tiêu đề: Digital Trust Platform - Phụ đề: Customer Portal | X16: UC-AUTH-001
A17: 5 | D17: Khối bên phải | E17: Logo và tiêu đề | F17: Low | G17: TC_005 | H17: Kiểm tra hiển thị logo và tiêu đề khối đăng nhập | I17: Chưa đăng nhập | J17: 1. Mở {{url.customer}} 2. Kiểm tra phần đầu khối bên phải | K17: - Logo SGS - Tiêu đề: Digital Trust Platform - Phụ đề: Customer Portal | X17: UC-AUTH-001
A18: 6 | E18: Tiêu đề trình duyệt | F18: Low | G18: TC_006 | H18: Kiểm tra tiêu đề tab trình duyệt | I18: Chưa đăng nhập | J18: 1. Mở {{url.customer}} 2. Kiểm tra tiêu đề tab | W18: Chưa có text tiêu đề tab trong thiết kế | X18: UC-AUTH-001
A19: 7 | E19: Màn hình hẹp | F19: Low | G19: TC_007 | H19: Kiểm tra hiển thị ở màn hình hẹp | I19: Chưa đăng nhập | J19: 1. Mở {{url.customer}} 2. Thu nhỏ cửa sổ xuống dưới 768px 3. Kiểm tra bố cục | W19: Thiết kế chưa có bản màn hình hẹp | X19: UC-AUTH-001
A20: 8 | C20: Ngôn ngữ - Language | D20: Bộ chọn ngôn ngữ | E20: Hiển thị mặc định | F20: Medium | G20: TC_008 | H20: Kiểm tra hiển thị mặc định của bộ chọn ngôn ngữ | I20: Chưa đăng nhập | J20: 1. Mở {{url.customer}} 2. Kiểm tra góc trên bên phải | K20: - Hiển thị icon quả địa cầu - Giá trị mặc định: EN - Có mũi tên mở danh sách | W20: Mặc định lấy theo trình duyệt hay cố định EN → Q-L-08 | X20: UC-AUTH-001
A21: 9 | E21: Mở danh sách | F21: Medium | G21: TC_009 | H21: Kiểm tra hiển thị khi mở danh sách ngôn ngữ | I21: Chưa đăng nhập | J21: 1. Mở {{url.customer}} 2. Bấm vào bộ chọn ngôn ngữ | W21: Danh sách ngôn ngữ gồm những gì → Q-L-08 | X21: UC-AUTH-001
A22: 10 | E22: Chọn ngôn ngữ khác | F22: Medium | G22: TC_010 | H22: Kiểm tra khi chọn một ngôn ngữ khác | I22: Chưa đăng nhập | J22: 1. Mở {{url.customer}} 2. Mở danh sách 3. Chọn một ngôn ngữ khác EN | W22: Bản dịch của màn đăng nhập chưa có → Q-L-08 | X22: UC-AUTH-001
A23: 11 | E23: Giữ lựa chọn | F23: Low | G23: TC_011 | H23: Kiểm tra giữ ngôn ngữ đã chọn sau khi tải lại trang | I23: Chưa đăng nhập | J23: 1. Mở {{url.customer}} 2. Chọn ngôn ngữ khác 3. Tải lại trang | W23: Có lưu lựa chọn không → Q-L-08 | X23: UC-AUTH-001
A24: 12 | C24: Email | D24: Hiển thị | E24: Mặc định | F24: High | G24: TC_012 | H24: Kiểm tra hiển thị mặc định của trường Email | I24: Chưa đăng nhập | J24: 1. Mở {{url.customer}} 2. Kiểm tra trường Email | K24: - Nhãn: Email kèm dấu * đỏ - Placeholder: name@company.com - Ô rỗng, không có thông báo lỗi | X24: UC-AUTH-001
A25: 13 | E25: Khi focus | F25: Low | G25: TC_013 | H25: Kiểm tra hiển thị khi đặt con trỏ vào trường Email | I25: Chưa đăng nhập | J25: 1. Mở {{url.customer}} 2. Bấm vào trường Email | K25: - Trường được làm nổi - Placeholder vẫn hiển thị khi chưa gõ | X25: UC-AUTH-001
A26: 14 | D26: Nhập liệu | E26: Nhập hợp lệ | F26: High | G26: TC_014 | H26: Kiểm tra nhập email đúng định dạng | I26: Chưa đăng nhập | J26: 1. Mở {{url.customer}} 2. Nhập {{user.cust_admin}} | K26: - Hiển thị đúng text đã nhập - Không có thông báo lỗi | X26: UC-AUTH-001
A27: 15 | E27: Giới hạn ký tự | F27: Medium | G27: TC_015 | H27: Kiểm tra nhập quá giới hạn ký tự | I27: Chưa đăng nhập | J27: 1. Mở {{url.customer}} 2. Nhập chuỗi dài hơn giới hạn cho phép | W27: Giới hạn ký tự của Email là bao nhiêu → Q-L-10 | X27: UC-AUTH-001
A28: 16 | E28: Ký tự đặc biệt và câu lệnh SQL | F28: High | G28: TC_016 | H28: Kiểm tra nhập ký tự đặc biệt và câu lệnh SQL | I28: Chưa đăng nhập | J28: 1. Mở {{url.customer}} 2. Nhập chuỗi chứa ' OR 1=1 -- và thẻ <script> 3. Bấm Sign in | K28: - Không đăng nhập được - Không có lỗi hệ thống, không lộ thông tin kỹ thuật | W28: Text lỗi hiển thị là gì → Q-L-02 | X28: UC-ROL-001
A29: 17 | E29: Khoảng trắng đầu cuối | F29: Low | G29: TC_017 | H29: Kiểm tra nhập email có khoảng trắng ở đầu và cuối | I29: Chưa đăng nhập | J29: 1. Mở {{url.customer}} 2. Nhập ' {{user.cust_admin}} ' 3. Bấm Sign in | W29: Có tự cắt khoảng trắng không → Q-L-02 | X29: UC-AUTH-001
A30: 18 | E30: Chữ hoa chữ thường | F30: Low | G30: TC_018 | H30: Kiểm tra nhập email viết hoa | I30: Chưa đăng nhập | J30: 1. Mở {{url.customer}} 2. Nhập email đúng nhưng viết hoa toàn bộ 3. Bấm Sign in | W30: Email có phân biệt hoa thường không → Q-L-02 | X30: UC-AUTH-001
A31: 19 | D31: Kiểm tra dữ liệu | E31: Bỏ trống | F31: High | G31: TC_019 | H31: Kiểm tra bỏ trống Email rồi đăng nhập | I31: Chưa đăng nhập | J31: 1. Mở {{url.customer}} 2. Để trống Email 3. Nhập mật khẩu hợp lệ 4. Bấm Sign in | K31: - Không gọi đăng nhập - Hiển thị thông báo lỗi ngay dưới trường Email | W31: Text lỗi nguyên văn → Q-L-01 | X31: UC-AUTH-001
A32: 20 | E32: Sai định dạng | F32: High | G32: TC_020 | H32: Kiểm tra nhập email sai định dạng | I32: Chưa đăng nhập | J32: 1. Mở {{url.customer}} 2. Nhập 'abc@' 3. Nhập mật khẩu hợp lệ 4. Bấm Sign in | K32: - Không gọi đăng nhập - Hiển thị thông báo lỗi ngay dưới trường Email | W32: Text lỗi nguyên văn → Q-L-02 | X32: UC-AUTH-001
A33: 21 | C33: Mật khẩu - Password | D33: Hiển thị | E33: Mặc định | F33: High | G33: TC_021 | H33: Kiểm tra hiển thị mặc định của trường Mật khẩu | I33: Chưa đăng nhập | J33: 1. Mở {{url.customer}} 2. Kiểm tra trường Password | K33: - Nhãn: Password kèm dấu * đỏ - Placeholder: Enter your password - Ô rỗng, không có thông báo lỗi | X33: UC-AUTH-001
A34: 22 | E34: Che ký tự | F34: High | G34: TC_022 | H34: Kiểm tra ký tự mật khẩu được che | I34: Chưa đăng nhập | J34: 1. Mở {{url.customer}} 2. Nhập mật khẩu bất kỳ | K34: - Mọi ký tự hiển thị dạng chấm tròn, không hiện text gốc | X34: UC-AUTH-001
A35: 23 | E35: Nút hiện mật khẩu | F35: Medium | G35: TC_023 | H35: Kiểm tra nút hiện/ẩn mật khẩu | I35: Chưa đăng nhập | J35: 1. Mở {{url.customer}} 2. Kiểm tra bên trong trường Password | W35: Thiết kế không có nút hiện/ẩn mật khẩu — có hay không → Q-L-11 | X35: UC-AUTH-001
A36: 24 | D36: Nhập liệu | E36: Giới hạn ký tự | F36: Medium | G36: TC_024 | H36: Kiểm tra nhập quá giới hạn ký tự | I36: Chưa đăng nhập | J36: 1. Mở {{url.customer}} 2. Nhập chuỗi dài hơn giới hạn cho phép | W36: Giới hạn ký tự của Password là bao nhiêu → Q-L-10 | X36: UC-AUTH-001
A37: 25 | E37: Dán nội dung | F37: Low | G37: TC_025 | H37: Kiểm tra dán mật khẩu từ bộ nhớ tạm | I37: Chưa đăng nhập | J37: 1. Mở {{url.customer}} 2. Dán chuỗi vào trường Password | K37: - Cho phép dán - Ký tự vẫn được che | X37: UC-AUTH-001
A38: 26 | D38: Kiểm tra dữ liệu | E38: Bỏ trống | F38: High | G38: TC_026 | H38: Kiểm tra bỏ trống Mật khẩu rồi đăng nhập | I38: Chưa đăng nhập | J38: 1. Mở {{url.customer}} 2. Nhập Email hợp lệ 3. Để trống Password 4. Bấm Sign in | K38: - Không gọi đăng nhập - Hiển thị thông báo lỗi ngay dưới trường Password | W38: Text lỗi nguyên văn → Q-L-01 | X38: UC-AUTH-001
A39: 27 | E39: Bỏ trống cả hai | F39: High | G39: TC_027 | H39: Kiểm tra bỏ trống cả hai trường rồi đăng nhập | I39: Chưa đăng nhập | J39: 1. Mở {{url.customer}} 2. Để trống cả hai 3. Bấm Sign in | K39: - Không gọi đăng nhập - Hiển thị lỗi ở cả hai trường | W39: Text lỗi nguyên văn → Q-L-01 | X39: UC-AUTH-001
A40: 28 | C40: Ghi nhớ đăng nhập | D40: Checkbox | E40: Mặc định | F40: Medium | G40: TC_028 | H40: Kiểm tra trạng thái mặc định của checkbox | I40: Chưa đăng nhập | J40: 1. Mở {{url.customer}} 2. Kiểm tra checkbox Keep me signed in | K40: - Checkbox ở trạng thái chưa tích - Nhãn: Keep me signed in | X40: UC-AUTH-001
A41: 29 | E41: Tích và bỏ tích | F41: Low | G41: TC_029 | H41: Kiểm tra tích và bỏ tích checkbox | I41: Chưa đăng nhập | J41: 1. Mở {{url.customer}} 2. Tích checkbox 3. Bỏ tích | K41: - Trạng thái đổi theo thao tác | X41: UC-AUTH-001
A42: 30 | D42: Phiên đăng nhập | E42: Có tích | F42: Medium | G42: TC_030 | H42: Kiểm tra thời hạn phiên khi có tích | I42: Chưa đăng nhập | J42: 1. Mở {{url.customer}} 2. Tích checkbox 3. Đăng nhập thành công 4. Đóng trình duyệt rồi mở lại | W42: Thời hạn phiên khi có tích là bao lâu → Q-L-06 | X42: UC-AUTH-001
A43: 31 | E43: Không tích | F43: Medium | G43: TC_031 | H43: Kiểm tra thời hạn phiên khi không tích | I43: Chưa đăng nhập | J43: 1. Mở {{url.customer}} 2. Không tích checkbox 3. Đăng nhập thành công 4. Đóng trình duyệt rồi mở lại | W43: Thời hạn phiên khi không tích là bao lâu → Q-L-06 | X43: UC-AUTH-001
A44: 32 | C44: Đăng nhập - Sign in | D44: Thành công | E44: Đúng cặp email và mật khẩu | F44: High | G44: TC_032 | H44: Kiểm tra đăng nhập với thông tin hợp lệ | I44: Chưa đăng nhập; có tài khoản {{user.cust_admin}} đang hoạt động | J44: 1. Mở {{url.customer}} 2. Nhập {{user.cust_admin}} 3. Nhập mật khẩu đúng 4. Bấm Sign in | K44: - Đăng nhập thành công, không có thông báo lỗi - Rời khỏi màn hình đăng nhập | X44: UC-AUTH-001
A45: 33 | E45: Màn hình sau khi đăng nhập | F45: High | G45: TC_033 | H45: Kiểm tra màn hình hiển thị sau khi đăng nhập | I45: Chưa đăng nhập; có tài khoản {{user.cust_admin}} đang hoạt động | J45: 1. Mở {{url.customer}} 2. Đăng nhập thành công 3. Kiểm tra màn hình | K45: - Hiển thị màn hình Home của Customer Portal - Menu trái hiện đúng các mục theo vai trò | W45: Xác nhận màn hình đích là Home → Q-L-12 | X45: UC-AUTH-001
A46: 34 | E46: Nhấn Enter để gửi | F46: Low | G46: TC_034 | H46: Kiểm tra đăng nhập bằng phím Enter | I46: Chưa đăng nhập; có tài khoản {{user.cust_admin}} đang hoạt động | J46: 1. Mở {{url.customer}} 2. Nhập đủ email và mật khẩu 3. Nhấn phím Enter | K46: - Gửi biểu mẫu, kết quả giống khi bấm Sign in | X46: UC-AUTH-001
A47: 35 | E47: Vai trò khác | F47: Medium | G47: TC_035 | H47: Kiểm tra đăng nhập bằng vai trò chỉ đọc | I47: Chưa đăng nhập; có tài khoản {{user.cust_viewer}} đang hoạt động | J47: 1. Mở {{url.customer}} 2. Đăng nhập bằng {{user.cust_viewer}} | K47: - Đăng nhập thành công - Menu và nút hành động hiển thị theo đúng quyền của vai trò | X47: UC-ROL-001
A48: 36 | D48: Không thành công | E48: Sai mật khẩu | F48: High | G48: TC_036 | H48: Kiểm tra đăng nhập với mật khẩu sai | I48: Chưa đăng nhập; có tài khoản {{user.cust_admin}} đang hoạt động | J48: 1. Mở {{url.customer}} 2. Nhập email đúng 3. Nhập mật khẩu sai 4. Bấm Sign in | K48: - Không đăng nhập được, vẫn ở màn hình đăng nhập - Hiển thị thông báo lỗi | W48: Text lỗi nguyên văn → Q-L-03 | X48: UC-AUTH-001
A49: 37 | E49: Email không tồn tại | F49: High | G49: TC_037 | H49: Kiểm tra đăng nhập với email không tồn tại | I49: Chưa đăng nhập | J49: 1. Mở {{url.customer}} 2. Nhập email chưa đăng ký 3. Nhập mật khẩu bất kỳ 4. Bấm Sign in | K49: - Không đăng nhập được - Thông báo lỗi KHÔNG được tiết lộ email có tồn tại trên hệ thống hay không | W49: Text lỗi nguyên văn, và có dùng chung text với sai mật khẩu không → Q-L-03 | X49: UC-AUTH-001
A50: 38 | E50: Tài khoản chưa kích hoạt | F50: High | G50: TC_038 | H50: Kiểm tra đăng nhập bằng tài khoản chưa kích hoạt | I50: Chưa đăng nhập; có tài khoản ở trạng thái chưa kích hoạt | J50: 1. Mở {{url.customer}} 2. Nhập email của tài khoản chưa kích hoạt 3. Nhập mật khẩu 4. Bấm Sign in | K50: - Không đăng nhập được | W50: Điều kiện và text của trạng thái Inactive → Q-L-05 | X50: UC-AUTH-005
A51: 39 | E51: Tài khoản bị khoá | F51: High | G51: TC_039 | H51: Kiểm tra đăng nhập bằng tài khoản bị khoá | I51: Chưa đăng nhập; có tài khoản ở trạng thái bị khoá | J51: 1. Mở {{url.customer}} 2. Nhập email của tài khoản bị khoá 3. Nhập mật khẩu đúng 4. Bấm Sign in | K51: - Không đăng nhập được | W51: Điều kiện khoá và text → Q-L-04 | X51: UC-AUTH-001
A52: 40 | E52: Sai nhiều lần liên tiếp | F52: High | G52: TC_040 | H52: Kiểm tra nhập sai mật khẩu nhiều lần liên tiếp | I52: Chưa đăng nhập; có tài khoản {{user.cust_admin}} đang hoạt động | J52: 1. Mở {{url.customer}} 2. Nhập sai mật khẩu nhiều lần liên tiếp 3. Kiểm tra sau mỗi lần | W52: Sai bao nhiêu lần thì khoá, khoá bao lâu, có CAPTCHA không → Q-L-04, Q-L-13 | X52: UC-AUTH-001
A53: 41 | E53: Tài khoản bị tạm ngừng | F53: Medium | G53: TC_041 | H53: Kiểm tra đăng nhập khi tài khoản khách hàng bị tạm ngừng | I53: Chưa đăng nhập; tài khoản khách hàng ở trạng thái tạm ngừng (UC-ACC-009) | J53: 1. Mở {{url.customer}} 2. Đăng nhập bằng người dùng thuộc tenant đó | K53: - Không truy cập được nền tảng | W53: Hiển thị thông báo gì → Q-L-05 | X53: UC-ACC-009
A54: 42 | C54: Nút Sign in | D54: Trạng thái nút | E54: Mặc định | F54: Medium | G54: TC_042 | H54: Kiểm tra trạng thái mặc định của nút Sign in | I54: Chưa đăng nhập | J54: 1. Mở {{url.customer}} 2. Kiểm tra nút Sign in khi hai trường còn rỗng | W54: Nút bật hay tắt khi chưa nhập gì → Q-L-01 | X54: UC-AUTH-001
A55: 43 | E55: Đang xử lý | F55: Medium | G55: TC_043 | H55: Kiểm tra trạng thái nút khi đang gửi | I55: Chưa đăng nhập; có tài khoản {{user.cust_admin}} đang hoạt động | J55: 1. Mở {{url.customer}} 2. Nhập đủ thông tin 3. Bấm Sign in 4. Quan sát nút trong lúc chờ | W55: Thiết kế chưa có trạng thái đang xử lý | X55: UC-AUTH-001
A56: 44 | E56: Bấm nhiều lần | F56: Medium | G56: TC_044 | H56: Kiểm tra bấm Sign in nhiều lần liên tiếp | I56: Chưa đăng nhập; có tài khoản {{user.cust_admin}} đang hoạt động | J56: 1. Mở {{url.customer}} 2. Nhập đủ thông tin 3. Bấm Sign in liên tiếp nhiều lần | K56: - Chỉ tạo một phiên đăng nhập, không gửi trùng yêu cầu | X56: UC-AUTH-001
A57: 45 | C57: Hỗ trợ - Support | D57: Liên kết | E57: Contact SGS support | F57: Medium | G57: TC_045 | H57: Kiểm tra hiển thị dòng hỗ trợ | I57: Chưa đăng nhập | J57: 1. Mở {{url.customer}} 2. Kiểm tra dòng dưới nút Sign in | K57: - Text: Need help? - Liên kết: Contact SGS support, có gạch chân | X57: UC-AUTH-001
A58: 46 | E58: Bấm vào liên kết | F58: Medium | G58: TC_046 | H58: Kiểm tra khi bấm Contact SGS support | I58: Chưa đăng nhập | J58: 1. Mở {{url.customer}} 2. Bấm Contact SGS support | W58: Liên kết dẫn tới đâu: email, trang hỗ trợ hay cửa sổ chat → Q-L-09 | X58: UC-AUTH-001
A59: 47 | D59: Quên mật khẩu | E59: Lối vào | F59: High | G59: TC_047 | H59: Kiểm tra lối vào chức năng quên mật khẩu | I59: Chưa đăng nhập | J59: 1. Mở {{url.customer}} 2. Tìm liên kết quên mật khẩu trên màn hình đăng nhập | W59: Màn hình không có liên kết quên mật khẩu, trong khi UC-AUTH-003 có chức năng này. Vào từ đâu → Q-L-07 | X59: UC-AUTH-003
A60: 48 | C60: Bảo mật - Security | D60: Lộ thông tin | E60: Mật khẩu trong DOM | F60: High | G60: TC_048 | H60: Kiểm tra mật khẩu không bị lộ trong mã trang | I60: Chưa đăng nhập | J60: 1. Mở {{url.customer}} 2. Nhập mật khẩu 3. Mở công cụ nhà phát triển, xem phần tử trường Password | K60: - Thuộc tính type là password - Giá trị không hiển thị dạng text thường | X60: UC-ROL-001
A61: 49 | E61: Mật khẩu trong yêu cầu mạng | F61: High | G61: TC_049 | H61: Kiểm tra mật khẩu không nằm trên URL | I61: Chưa đăng nhập | J61: 1. Mở {{url.customer}} 2. Mở tab Network 3. Đăng nhập 4. Kiểm tra yêu cầu đăng nhập | K61: - Gửi bằng phương thức POST qua HTTPS - Mật khẩu không nằm trong chuỗi truy vấn của URL | X61: UC-ROL-001
A62: 50 | D62: Phiên làm việc | E62: Quay lại sau khi đăng xuất | F62: High | G62: TC_050 | H62: Kiểm tra dùng nút Quay lại sau khi đăng xuất | I62: Đã đăng nhập rồi đăng xuất | J62: 1. Bấm nút Quay lại của trình duyệt 2. Kiểm tra hiển thị | K62: - Không hiển thị nội dung trang nội bộ - Chuyển về màn hình đăng nhập | X62: UC-ROL-001
A63: 51 | E63: Gọi thẳng API khi chưa đăng nhập | F63: High | G63: TC_051 | H63: Kiểm tra gọi API khi chưa có phiên | I63: Chưa đăng nhập | J63: 1. Gọi thẳng một API nội bộ không kèm token | K63: - Trả về 401, không trả dữ liệu | X63: UC-ROL-001
A64: 52 | D64: Ghi vết | E64: Ghi nhận lần đăng nhập | F64: Medium | G64: TC_052 | H64: Kiểm tra ghi vết đăng nhập thành công và thất bại | I64: Chưa đăng nhập; có tài khoản {{user.cust_admin}} đang hoạt động | J64: 1. Mở {{url.customer}} 2. Đăng nhập sai một lần 3. Đăng nhập đúng một lần 4. Mở Audit Trail bằng {{user.sgs_admin}} | K64: - Có bản ghi cho cả lần thất bại và lần thành công, đúng người, đúng thời điểm | W64: MVP có ghi vết lần đăng nhập thất bại không | X64: UC-AUD-001

Sheet Scopes
B3: Function Name | C3: SCP-L0001_Quản lý scope | K3: Round | L3: Total | M3: Passed | N3: Failed | O3: Pending | P3: Blocked | Q3: NA | R3: Not execute
B4: Screen Name | C4: Scopes · Customer Portal | K4: Round 1 | L4: =COUNTA($G$13:$G$148) -> 136 | M4: =COUNTIF($M$13:$M$148,M3) -> 0 | N4: =COUNTIF($M$13:$M$148,N3) -> 0 | O4: =COUNTIF($M$13:$M$148,O3) -> 0 | P4: =COUNTIF($M$13:$M$148,P3) -> 0 | Q4: =COUNTIF($M$13:$M$148,Q3) -> 0 | R4: =L4-SUM(M4:Q4) -> 136
B5: Creator | C5: Hanna | M5: =M4/$L$4 -> 0 | N5: =N4/$L$4 -> 0 | O5: =O4/$L$4 -> 0 | P5: =P4/$L$4 -> 0 | Q5: =Q4/$L$4 -> 0 | R5: =R4/$L$4 -> 1
B6: Created date | C6: 01/10/2026 | K6: Round 2 | L6: =COUNTA($G$13:$G$148) -> 136 | M6: =COUNTIF($R$13:$R$148,M3) -> 0 | N6: =COUNTIF($R$13:$R$148,N3) -> 0 | O6: =COUNTIF($R$13:$R$148,O3) -> 0 | P6: =COUNTIF($R$13:$R$148,P3) -> 0 | Q6: =COUNTIF($R$13:$R$148,Q3) -> 0 | R6: =L6-SUM(M6:Q6) -> 136
B7: Reference | C7: Figma SGS-DTP-DS · Screens 05 Scopes · prototype | M7: =M6/$L$6 -> 0 | N7: =N6/$L$6 -> 0 | O7: =O6/$L$6 -> 0 | P7: =P6/$L$6 -> 0 | Q7: =Q6/$L$6 -> 0 | R7: =R6/$L$6 -> 1
M10: Round 1 | R10: Round 2
B11: Classification | F11: Priority | G11: TVP_ID | H11: Test case name/ Test view point | I11: Pre-condition | J11: Step | K11: Expected result | L11: Dev test | M11: Result | N11: Test person | O11: Test date | P11: Bug_ID | Q11: Remark | R11: Result | S11: Test person | T11: Test date | U11: Bug_ID | V11: Remark | W11: Open question | X11: UC
A12: No. | B12: I | C12: II | D12: III | E12: IV
A13: 1 | B13: Điều hướng - Redirect | C13: Vào danh sách - Scope list | D13: Từ menu | E13: Bấm Scopes ở menu trái | F13: High | G13: Scope_001 | H13: Kiểm tra vào màn Scopes từ menu trái | I13: Đăng nhập account Customer Admin | J13: 1. Bấm mục Scopes ở menu trái | K13: - Chuyển sang màn Scopes - Breadcrumb: Scopes - Mục Scopes ở menu trái được tô nền | X13: UC-SCP-001
A14: 2 | D14: Bằng URL | E14: Đã đăng nhập | F14: Medium | G14: Scope_002 | H14: Kiểm tra mở màn Scopes bằng URL | I14: Đăng nhập account Customer Admin | J14: 1. Mở thẳng vào scopes | K14: - Hiển thị màn Scopes - Mục Scopes ở menu trái được tô nền | X14: UC-SCP-001
A15: 3 | C15: Vào chi tiết - Scope detail | D15: Từ danh sách | E15: Bấm tên scope | F15: High | G15: Scope_003 | H15: Kiểm tra mở chi tiết scope từ danh sách | I15: Đăng nhập account Customer Admin | J15: 1. Vào màn hình Scopes | K15: - Chuyển sang màn chi tiết, đúng dạng URL - Tiêu đề trang đúng định dạng | X15: UC-SCP-002
A16: 4 | D16: Bằng URL | E16: Mã scope hợp lệ | F16: Medium | G16: Scope_004 | H16: Kiểm tra mở chi tiết scope bằng URL | I16: Đăng nhập account Customer Admin | J16: 1. Mở url đúng định dạng | K16: - Hiển thị màn chi tiết của màn hình scope | X16: UC-SCP-002
A17: 5 | E17: Mã scope không tồn tại | F17: Medium | G17: Scope_005 | H17: Kiểm tra mở chi tiết bằng mã scope không tồn tại | I17: Đăng nhập account Customer Admin | J17: 1. Mở url sai định dạng | K17: - Hiển thị lỗi: "This scope doesn’t exist It may have been removed, or it belongs to an organisation you can’t see." | W17: Hiện trang lỗi, thông báo, hay quay về danh sách → Q-S-26 | X17: UC-SCP-002
A18: 6 | B18: Danh sách scope - Scope list | C18: Tiêu đề trang - Title | D18: Hiển thị | E18: Breadcrumb, tiêu đề, mô tả | F18: Medium | G18: Scope_006 | H18: Kiểm tra phần đầu màn Scopes | I18: Đăng nhập account Customer Admin | J18: 1. Mở màn Scopes 2. Kiểm tra phần đầu trang | K18: - Breadcrumb: Scopes - Tiêu đề: Scopes - Mô tả: The parts of [tenant.short] you prepare for a framework: the organisation, a product or a system. | W18: Mô tả dùng tên ngắn (ABC Trading), màn chi tiết dùng tên đầy đủ (ABC Trading Co., Ltd.) → Q-S-02 | X18: UC-SCP-001
A19: 7 | C19: Trạng thái rỗng - Empty | D19: Chưa có scope | E19: Customer Admin | F19: Medium | G19: Scope_007 | H19: Kiểm tra màn Scopes khi tenant chưa có scope nào | I19: Đăng nhập Customer Admin của tenant chưa có scope nào | J19: 1. Mở màn Scopes | K19: - Hiển thị thông tin: "Create your first scope A scope is the part of your organisation you want to prepare: the whole organisation, a product, or one system. Link a framework to it to start collecting evidence." | W19: Figma có frame Scopes / Empty, chưa đối chiếu được text → Q-S-10 | X19: UC-SCP-001
A20: 8 | C20: Tạo scope - Create scope | D20: Hiển thị | E20: Nút tạo scope | F20: High | G20: Scope_008 | H20: Kiểm tra hiển thị nút tạo scope | I20: Đăng nhập account Customer Admin | J20: 1. Mở màn Scopes 2. Kiểm tra góc trên bên phải | K20: - Có nút tạo scope ở góc trên bên phải | W20: Nhãn: Figma 'Create scope', prototype '+ Create scope' → Q-S-03 | X20: UC-SCP-003
A21: 9 | D21: Mở hộp thoại | E21: Bấm nút tạo scope | F21: High | G21: Scope_009 | H21: Kiểm tra mở hộp thoại Create scope | I21: Đăng nhập account Customer Admin | J21: 1. Mở màn Scopes 2. Bấm nút tạo scope | K21: - Mở hộp thoại tiêu đề Create scope, có nút đóng × - Có nút Cancel và nút Create scope | X21: UC-SCP-003
A22: 10 | E22: Trạng thái mặc định | F22: High | G22: Scope_010 | H22: Kiểm tra các trường mặc định của hộp thoại Create scope | I22: Đăng nhập account Customer Admin | J22: 1. Mở màn Scopes 2. Mở hộp thoại Create scope 3. Kiểm tra từ trên xuống | K22: - Type * gồm 3 lựa chọn, chưa chọn sẵn lựa chọn nào: Organization — The whole company or one legal entity Product — A product or service you offer System — One information system; can belong to an organisation and a product - Name * rỗng - What is in scope * rỗng - What is out of scope (optional) rỗng, placeholder: e.g. Marketing email tool run by a supplier | X22: UC-SCP-003
A23: 11 | D23: Chọn loại | E23: Chọn System | F23: High | G23: Scope_011 | H23: Kiểm tra các trường hiện thêm khi chọn System | I23: Đăng nhập account Customer Admin | J23: 1. Mở màn Scopes 2. Mở hộp thoại Create scope 3. Chọn System | K23: - Lựa chọn System được đánh dấu - Hiện thêm hai trường: Belongs to organisation (placeholder Choose) và Belongs to product (optional) (mặc định None) | W23: Belongs to organisation không có * cũng không ghi (optional) → Q-S-04 | X23: UC-SCP-003
A24: 12 | E24: Đổi từ System sang loại khác | F24: Medium | G24: Scope_012 | H24: Kiểm tra đổi loại sau khi đã chọn System | I24: Đăng nhập account Customer Admin | J24: 1. Mở màn Scopes 2. Mở hộp thoại, chọn System, chọn một giá trị Belongs to organisation 3. Đổi sang Organization 4. Đổi sang Product | K24: - Ở bước 2 và 3 không còn hai trường Belongs to organisation, Belongs to product (optional) | W24: Giá trị Belongs to đã chọn có bị bỏ khi đổi loại → Q-S-04 | X24: UC-SCP-003
A25: 13 | D25: Danh sách chọn | E25: Belongs to organisation | F25: Medium | G25: Scope_013 | H25: Kiểm tra danh sách chọn của Belongs to organisation | I25: Đăng nhập account Customer Admin | J25: 1. Mở màn Scopes 2. Mở hộp thoại, chọn System 3. Mở danh sách Belongs to organisation | K25: - Chỉ liệt kê scope loại Organization của tenant - Không có scope loại Product, System | X25: UC-SCP-003
A26: 14 | E26: Belongs to product | F26: Medium | G26: Scope_014 | H26: Kiểm tra danh sách chọn của Belongs to product (optional) | I26: Đăng nhập account Customer Admin | J26: 1. Mở màn Scopes 2. Mở hộp thoại, chọn System 3. Mở danh sách Belongs to product (optional) | K26: - Có lựa chọn None - Liệt kê scope loại Product của tenant - Không có scope loại Organization, System | X26: UC-SCP-003
A27: 15 | D27: Không thành công | E27: Không chọn Type | F27: High | G27: Scope_015 | H27: Kiểm tra tạo scope khi chưa chọn Type | I27: Đăng nhập account Customer Admin | J27: 1. Mở màn Scopes 2. Mở hộp thoại 3. Nhập Name, What is in scope; không chọn Type 4. Bấm Create scope | K27: - Không tạo scope, hộp thoại vẫn mở - Hiện lỗi tại Type: "Choose the type of scope." | W27: Text lỗi nguyên văn → Q-S-05 | X27: UC-SCP-003
A28: 16 | E28: Bỏ trống Name | F28: High | G28: Scope_016 | H28: Kiểm tra tạo scope khi bỏ trống Name | I28: Đăng nhập account Customer Admin | J28: 1. Mở màn Scopes 2. Mở hộp thoại 3. Chọn Organization, nhập What is in scope, để trống Name 4. Bấm Create scope | K28: - Không tạo scope, hộp thoại vẫn mở - Hiện lỗi tại Name: "Enter a name." | W28: Text lỗi nguyên văn → Q-S-05 | X28: UC-SCP-003
A29: 17 | E29: Name chỉ có khoảng trắng | F29: Medium | G29: Scope_017 | H29: Kiểm tra tạo scope khi Name chỉ có khoảng trắng | I29: Đăng nhập account Customer Admin | J29: 1. Mở màn Scopes 2. Mở hộp thoại 3. Chọn Organization, nhập Name là ba dấu cách, nhập What is in scope 4. Bấm Create scope | K29: - Không tạo scope, hộp thoại vẫn mở - Hiện lỗi tại Name: "Enter a name." | W29: Khoảng trắng có bị coi là rỗng → Q-S-05 | X29: UC-SCP-003
A30: 18 | E30: Bỏ trống What is in scope | F30: High | G30: Scope_018 | H30: Kiểm tra tạo scope khi bỏ trống What is in scope | I30: Đăng nhập account Customer Admin | J30: 1. Mở màn Scopes 2. Mở hộp thoại 3. Chọn Organization, nhập Name, để trống What is in scope 4. Bấm Create scope | K30: - Không tạo scope, hộp thoại vẫn mở - Hiện lỗi tại What is in scope: "Describe what is in scope." | W30: Text lỗi nguyên văn → Q-S-05 | X30: UC-SCP-003
A31: 19 | E31: What is in scope chỉ có khoảng trắng | F31: Medium | G31: Scope_019 | H31: Kiểm tra tạo scope khi What is in scope chỉ có khoảng trắng | I31: Đăng nhập account Customer Admin | J31: 1. Mở màn Scopes 2. Mở hộp thoại 3. Chọn Organization, nhập Name, nhập What is in scope là ba dấu cách 4. Bấm Create scope | K31: - Không tạo scope, hộp thoại vẫn mở - Hiện lỗi tại What is in scope: "Describe what is in scope." | W31: Khoảng trắng có bị coi là rỗng → Q-S-05 | X31: UC-SCP-003
A32: 20 | E32: Trùng tên | F32: High | G32: Scope_020 | H32: Kiểm tra tạo scope trùng tên scope đang có | I32: Đăng nhập account Customer Admin | J32: 1. Mở màn Scopes 2. Mở hộp thoại 3. Nhập Name trùng tên [Organization], nhập đủ trường bắt buộc 4. Bấm Create scope | K32: - Không tạo scope, hộp thoại vẫn mở - Hiện lỗi tại Name: "A scope with this name already exists." | W32: Chặn hay cho phép trùng tên; có phân biệt hoa thường → Q-S-05 | X32: UC-SCP-003
A33: 21 | E33: Quá giới hạn ký tự | F33: Medium | G33: Scope_021 | H33: Kiểm tra nhập quá giới hạn ký tự | I33: Đăng nhập account Customer Admin | J33: 1. Mở màn Scopes 2. Nhập Name, What is in scope, What is out of scope dài hơn giới hạn | W33: Giới hạn ký tự từng trường → Q-S-05 | X33: UC-SCP-003
A34: 22 | E34: Bấm Cancel | F34: Medium | G34: Scope_022 | H34: Kiểm tra huỷ tạo scope bằng Cancel | I34: Đăng nhập account Customer Admin | J34: 1. Mở màn Scopes 2. Mở hộp thoại, chọn loại, nhập Name 3. Bấm Cancel | K34: - Hộp thoại đóng - Bảng không có dòng mới, dòng đếm giữ nguyên | W34: Đang nhập dở có hỏi xác nhận không → Q-S-06 | X34: UC-SCP-003
A35: 23 | E35: Bấm × | F35: Low | G35: Scope_023 | H35: Kiểm tra đóng hộp thoại tạo scope bằng nút × | I35: Đăng nhập account Customer Admin | J35: 1. Mở màn Scopes 2. Mở hộp thoại, nhập Name 3. Bấm × | K35: - Hộp thoại đóng, không tạo scope | X35: UC-SCP-003
A36: 24 | E36: Nhấn Esc | F36: Low | G36: Scope_024 | H36: Kiểm tra nhấn Esc khi đang mở hộp thoại tạo scope | I36: Đăng nhập account Customer Admin | J36: 1. Mở màn Scopes 2. Mở hộp thoại, nhập Name 3. Nhấn Esc | K36: - Hộp thoại đóng, không tạo scope | W36: Thiết kế không ghi; prototype đóng hộp thoại ngay → Q-S-06 | X36: UC-SCP-003
A37: 25 | D37: Thành công | E37: Organization — hiện ở danh sách | F37: High | G37: Scope_025 | H37: Kiểm tra thông tin vừa tạo | I37: Đăng nhập account Customer Admin | J37: 1. Mở màn Scopes 2. Bấm nút tạo scope để mở hộp thoại Create scope 3. Chọn Type: Organization 4. Nhập - Name: abc - What is in scope: abc - What is out of scope (optional): abc 5. Bấm Create scope, tạo thành công 6. Kiểm tra dòng vừa tạo trong danh sách | K37: - Hộp thoại đóng, tạo thành công - Danh sách có dòng với Name: abc, nhãn loại Organization - Cột Belongs to: — - Dòng đếm tăng 1 | W37: Danh sách scope có hiển thị What is in scope / What is out of scope không? Yêu cầu của Hanna: kiểm tra cả 4 thông tin trên Danh sách; Figma chỉ có các cột Scope, Belongs to, Frameworks, Users, Evidence coverage → Q-S-28 | X37: UC-SCP-003
A38: 26 | E38: Product — hiện ở danh sách | F38: High | G38: Scope_026 | H38: Kiểm tra thông tin vừa tạo | I38: Đăng nhập account Customer Admin | J38: 1. Mở màn Scopes 2. Bấm nút tạo scope để mở hộp thoại Create scope 3. Chọn Type: Product 4. Nhập - Name: abc - What is in scope: abc - What is out of scope (optional): abc 5. Bấm Create scope, tạo thành công 6. Kiểm tra dòng vừa tạo trong danh sách | K38: - Hộp thoại đóng, tạo thành công - Danh sách có dòng với + Name: abc + Nhãn loại: Product - Cột Belongs to: — - Dòng đếm tăng 1 | W38: Danh sách scope có hiển thị What is in scope / What is out of scope không? Yêu cầu của Hanna: kiểm tra cả 4 thông tin trên Danh sách; Figma chỉ có các cột Scope, Belongs to, Frameworks, Users, Evidence coverage → Q-S-28 | X38: UC-SCP-003
A39: 27 | E39: System — hiện ở danh sách | F39: High | G39: Scope_027 | H39: Kiểm tra scope System vừa tạo hiện ở danh sách | I39: Đăng nhập account Customer Admin | J39: 1. Mở màn Scopes 2. Bấm nút tạo scope để mở hộp thoại Create scope 3. Chọn Type: System 4. Nhập - Name: abc - What is in scope: abc - What is out of scope (optional): abc 5. Chọn - Belongs to organisation: [Organization] - Belongs to product (optional): [Product] 6. Bấm Create scope, tạo thành công 7. Kiểm tra dòng vừa tạo trong danh sách | K39: - Hộp thoại đóng, tạo thành công - Danh sách có dòng với + Name: abc + Nhãn loại: System - Cột Belongs to: [Organization], [Product] - Dòng đếm tăng 1 | W39: Danh sách scope có hiển thị What is in scope / What is out of scope không? Yêu cầu của Hanna: kiểm tra cả 4 thông tin trên Danh sách; Figma chỉ có các cột Scope, Belongs to, Frameworks, Users, Evidence coverage → Q-S-28 | X39: UC-SCP-003
A40: 28 | C40: Thanh công cụ - Toolbar | D40: Dòng đếm | E40: Tổng số scope | F40: Medium | G40: Scope_028 | H40: Kiểm tra dòng đếm số scope | I40: Đăng nhập account Customer Admin | J40: 1. Mở màn Scopes 2. Kiểm tra dòng phía trên bảng, bên trái | K40: - Hiển thị <n> scopes, n bằng tổng số scope trong bảng (cộng mọi trang) | X40: UC-SCP-001
A41: 29 | D41: Tìm kiếm | E41: Hiển thị ô tìm kiếm | F41: Low | G41: Scope_029 | H41: Kiểm tra ô tìm kiếm | I41: Đăng nhập account Customer Admin | J41: 1. Mở màn Scopes 2. Kiểm tra phía trên bảng, bên phải | K41: - Ô tìm kiếm có icon kính lúp, placeholder: Search scopes | X41: UC-SCP-001
A42: 30 | E42: Một phần tên | F42: High | G42: Scope_030 | H42: Kiểm tra tìm theo một phần tên scope | I42: Đăng nhập account Customer Admin | J42: 1. Mở màn Scopes 2. Nhập [từ khóa] là một phần tên scope vào ô tìm kiếm | K42: - Bảng chỉ còn các scope có tên chứa [từ khóa] - Dòng phân trang cập nhật theo số kết quả, ví dụ 1–2 of 2 items | W42: Dòng đếm có đổi theo kết quả không (prototype giữ nguyên tổng) → Q-S-07 | X42: UC-SCP-001
A43: 31 | E43: Chữ hoa | F43: Medium | G43: Scope_031 | H43: Kiểm tra tìm kiếm khi nhập chữ hoa | I43: Đăng nhập account Customer Admin | J43: 1. Mở màn Scopes 2. Nhập [từ khóa] viết hoa vào ô tìm kiếm | K43: - Hệ thống hiển thị data đúng định dạng, không phân biệt chữ hoa hay không | W43: Có phân biệt hoa thường không (prototype không phân biệt) → Q-S-07 | X43: UC-SCP-001
A44: 32 | E44: Không có kết quả | F44: High | G44: Scope_032 | H44: Kiểm tra tìm kiếm không ra kết quả | I44: Đăng nhập account Customer Admin | J44: 1. Mở màn Scopes 2. Nhập [từ khóa] không khớp tên scope nào vào ô tìm kiếm | K44: - Bảng và dòng phân trang ẩn - Thông báo: No results for “[từ khóa]” - Dòng phụ: Try a different search term. | W44: Text lấy từ prototype, Figma chưa có trạng thái này → Q-S-07 | X44: UC-SCP-001
A45: 33 | E45: Ký tự đặc biệt | F45: Medium | G45: Scope_033 | H45: Kiểm tra nhập ký tự đặc biệt vào ô tìm kiếm | I45: Đăng nhập account Customer Admin | J45: 1. Mở màn Scopes 2. Nhập ' OR 1=1 -- vào ô tìm kiếm | K45: - Không có lỗi hệ thống, không lộ thông tin kỹ thuật - Chuỗi được tìm như văn bản thường | X45: UC-SCP-001
A46: 34 | E46: Xoá từ khoá | F46: Medium | G46: Scope_034 | H46: Kiểm tra xoá từ khoá tìm kiếm | I46: Đăng nhập account Customer Admin | J46: 1. Mở màn Scopes 2. Nhập từ khóa 3. Xoá hết nội dung ô tìm kiếm | K46: - Bảng hiển thị lại toàn bộ scope - Dòng phân trang trở về như lúc mở màn | X46: UC-SCP-001
A47: 35 | C47: Bảng danh sách - Table | D47: Hiển thị | E47: Tiêu đề cột | F47: High | G47: Scope_035 | H47: Kiểm tra tiêu đề các cột | I47: Đăng nhập account Customer Admin | J47: 1. Mở màn Scopes 2. Kiểm tra hàng tiêu đề của bảng | K47: - 5 cột theo thứ tự: Scope · Belongs to · Frameworks · Users · Evidence coverage | W47: Cột Evidence coverage có trong MVP không → Q-S-11 | X47: UC-SCP-001
A48: 36 | E48: Cột Scope | F48: High | G48: Scope_036 | H48: Kiểm tra cột Scope | I48: Đăng nhập account Customer Admin | J48: 1. Mở màn Scopes 2. Kiểm tra từng dòng ở cột Scope | K48: - Tên scope dạng liên kết - Dưới tên có nhãn loại Organization, Product hoặc System, đúng loại của scope | X48: UC-SCP-001
A49: 37 | E49: Cột Belongs to | F49: High | G49: Scope_037 | H49: Kiểm tra cột Belongs to với scope Organization | I49: Đăng nhập account Customer Admin | J49: 1. Mở màn Scopes 2. Kiểm tra cột Belongs to của type: Organization | K49: - Hiển thị Belongs to: — | X49: UC-SCP-001
A50: 38 | F50: High | G50: Scope_038 | H50: Kiểm tra cột Belongs to với scope Product | I50: Đăng nhập account Customer Admin | J50: 1. Mở màn Scopes 2. Kiểm tra cột Belongs to của type: Product | K50: - Hiển thị Belongs to: — | X50: UC-SCP-001
A51: 39 | F51: High | G51: Scope_039 | H51: Kiểm tra cột Belongs to với scope System | I51: Đăng nhập account Customer Admin | J51: 1. Tạo scope với type: System chọn - Belongs to organisation: [Organization] - Belongs to product (optional): [Product] 2. Tạo thành công Scope 3. Kiểm tra cột Belongs to của type: System | K51: - Hiển thị Belongs to đúng thông tin đã chọn Belongs to organisation và Belongs to product (optional), phân cách nhau bởi dấu phẩy | X51: UC-SCP-001
A52: 40 | F52: High | G52: Scope_040 | H52: Kiểm tra cột Belongs to với scope System và bỏ trống lựa chọn Belongs to organisation và Belongs to product (optional) | I52: Đăng nhập account Customer Admin | J52: 1. Tạo scope với type: System bỏ trống - Belongs to organisation: - Belongs to product (optional): 2. Tạo thành công Scope 3. Kiểm tra cột Belongs to của type: System | K52: - Hiển thị Belongs to: — | X52: UC-SCP-001
A53: 41 | E53: Cột Frameworks — đã gắn | F53: High | G53: Scope_041 | H53: Kiểm tra cột Frameworks của scope đã gắn framework | I53: Đăng nhập account Customer Admin | J53: 1. Mở màn Scopes 2. Đã gắn link Frameworks 3. Kiểm tra cột Frameworks | K53: - Mỗi framework một dòng dạng <tên> · <phiên bản>, ví dụ ISO/IEC 27001 · 2022 - Framework có tier thêm · <tier>, ví dụ Appendix 10 · 2022 · Medium | X53: UC-SCP-001
A54: 42 | E54: Cột Frameworks — chưa gắn | F54: Medium | G54: Scope_042 | H54: Kiểm tra cột Frameworks của scope chưa gắn framework | I54: Đăng nhập account Customer Admin; trên Scopes đã tạo abc (Organization) chưa gắn framework | J54: 1. Mở màn Scopes 2. Chưa gắn link Frameworks 3. Kiểm tra cột Frameworks của abc | K54: - Hiển thị: None linked yet | W54: Text theo Figma, prototype chưa có dữ liệu để đối chiếu → Q-S-13 | X54: UC-SCP-001
A55: 43 | E55: Cột Users | F55: Medium | G55: Scope_043 | H55: Kiểm tra cột Users khớp với màn chi tiết | I55: Đăng nhập account Customer Admin | J55: 1. Mở màn Scopes 2. Ghi số ở cột Users 3. Mở chi tiết, đếm số dòng ở khối Users | K55: - Hai số bằng nhau | W55: Có tính Customer Admin không → Q-S-12 | X55: UC-SCP-001
A56: 44 | E56: Cột Evidence coverage | F56: High | G56: Scope_044 | H56: Evidence coverage có nhiều framework | I56: Đăng nhập account Customer Admin | J56: 1. Mở màn hình Scopes 2. Tạo Frameworks với: - Framework A: 74/116; - Framework B: 6/31; - Framework C: 0/78 | K56: - Hiển thị Evidence coverage = (74+6+0)/(116+31+78) × 100 = 35.56% → 36% | X56: UC-RDN-004
A57: 45 | F57: High | G57: Scope_045 | H57: Evidence coverage có 2 framework | I57: Đăng nhập account Customer Admin | J57: 1. Mở màn hình Scopes 2. Tạo Frameworks với: - Framework A: 16/40; - Framework B: 38/61; | K57: - Hiển thị Evidence coverage = (16+38)/(40+61) × 100 = 53.47% → 53% | X57: UC-RDN-004
A58: 46 | F58: High | G58: Scope_046 | H58: Tất cả requirement đều có mandatory evidence | I58: Đăng nhập account Customer Admin | J58: 1. Mở màn hình Scopes 2. Tạo Frameworks với: - Framework A: 40/40; - Framework B: 61/61; | K58: - Hiển thị Evidence coverage = 101/101 × 100 = 100% | X58: UC-RDN-004
A59: 47 | F59: High | G59: Scope_047 | H59: Không có requirement nào có mandatory evidence | I59: Đăng nhập account Customer Admin | J59: 1. Mở màn hình Scopes 2. Tạo Frameworks với: - Framework A: 0/116; - Framework B: 0/31; | K59: - Hiển thị Evidence coverage = 0/147 × 100 = 0% | X59: UC-RDN-004
A60: 48 | F60: High | G60: Scope_048 | H60: Chỉ có 1 framework được gắn link | I60: Đăng nhập account Customer Admin | J60: 1. Mở màn hình Scopes 2. Tạo Frameworks với: - Framework A: 16/40; | K60: - Hiển thị Evidence coverage = 16/40 × 100 = 40% | X60: UC-RDN-004
A61: 49 | F61: High | G61: Scope_049 | H61: Một framework đạt 100%, một framework đạt 0% | I61: Đăng nhập account Customer Admin | J61: 1. Mở màn hình Scopes 2. Tạo Frameworks với: - Framework A: 40/40; - Framework B: 0/60; | K61: - Hiển thị Evidence coverage = 40/100 × 100 = 40% | W61: [ĐỀ XUẤT LÙI] RDN-004 0 giờ, LTS đề xuất Phase 2. Prototype: 54% = (74+6)/(116+31) → Q-S-11 | X61: UC-RDN-004
A62: 50 | F62: Medium | G62: Scope_050 | H62: Kiểm tra Evidence coverage khi scope chưa gắn framework nào | I62: Đăng nhập account Customer Admin | J62: 1. Mở màn hình Scopes 2. Kiểm tra cột Evidence coverage của scope chưa gắn framework | K62: - Hiển thị Evidence coverage:— | W62: Scope chưa gắn framework: cột Evidence coverage hiện —, 0% hay để trống → Q-S-13 | X62: UC-RDN-004
A63: 51 | F63: Medium | G63: Scope_051 | H63: Kiểm tra Evidence coverage khi phần thập phân đúng bằng .5 | I63: Đăng nhập account Customer Admin | J63: 1. Mở màn hình Scopes 2. Tạo Frameworks với: - Framework A: 1/8 | K63: - Hiển thị Evidence coverage = 1/8 × 100 = 12.5% → 13% | W63: 1/8 × 100 = 12.5%: hiển thị 12% hay 13% (cách làm tròn khi phần thập phân đúng bằng .5) → Q-S-11 | X63: UC-RDN-004
A64: 52 | F64: Medium | G64: Scope_052 | H64: Kiểm tra Evidence coverage khi kết quả trên 0% và dưới 0.5% | I64: Đăng nhập account Customer Admin | J64: 1. Mở màn hình Scopes 2. Tạo Frameworks với: - Framework A: 1/250 | K64: - Hiển thị Evidence coverage = 1/250 × 100 = 0.4% → 0%. | W64: 1/250 × 100 = 0.4%: làm tròn như các case trên thì ra 0% dù đã có 1 requirement đủ evidence; hiển thị 0%, 1% hay <1% → Q-S-11 | X64: UC-RDN-004
A65: 53 | F65: Medium | G65: Scope_053 | H65: Kiểm tra Evidence coverage khi kết quả từ 99.5% đến dưới 100% | I65: Đăng nhập account Customer Admin | J65: 1. Mở màn hình Scopes 2. Tạo Frameworks với: - Framework A: 249/250 | K65: - Hiển thị Evidence coverage = 249/250 × 100 = 99.6% → 100%. | W65: 249/250 × 100 = 99.6%: làm tròn như các case trên thì ra 100% dù còn 1 requirement chưa đủ evidence; hiển thị 100% hay 99% → Q-S-11 | X65: UC-RDN-004
A66: 54 | D66: Sắp xếp | E66: Thứ tự mặc định | F66: Medium | G66: Scope_054 | H66: Kiểm tra thứ tự mặc định của danh sách | I66: Đăng nhập account Customer Admin | J66: 1. Mở màn Scopes, kiểm tra thứ tự các dòng | K66: - Hiển thị theo thứ tự thời gian cũ nhất xuống mới nhất | W66: Mặc định sắp theo gì (prototype không theo tên) → Q-S-08 | X66: UC-SCP-001
A67: 55 | E67: Bấm lần 1 | F67: Medium | G67: Scope_055 | H67: Kiểm tra sắp xếp tăng dần theo tên | I67: Đăng nhập account Customer Admin | J67: 1. Mở màn Scopes 2. Bấm tiêu đề cột Scope | K67: - Các dòng xếp theo tên từ A đến Z | W67: Figma không có icon sắp xếp → Q-S-08 | X67: UC-SCP-001
A68: 56 | E68: Bấm lần 2 | F68: Medium | G68: Scope_056 | H68: Kiểm tra sắp xếp giảm dần theo tên | I68: Đăng nhập account Customer Admin | J68: 1. Mở màn Scopes 2. Bấm tiêu đề cột Scope hai lần | K68: - Các dòng xếp theo tên từ Z đến A | W68: Figma không có icon sắp xếp → Q-S-08 | X68: UC-SCP-001
A69: 57 | C69: Phân trang - Paging | D69: Hiển thị | E69: Mặc định | F69: Medium | G69: Scope_057 | H69: Kiểm tra dòng phân trang mặc định | I69: Đăng nhập account Customer Admin | J69: 1. Mở màn Scopes 2. Kiểm tra thông tin: Items per page | K69: - Hiển thị mặc định là 10 items | W69: Figma: 1–4 of 4 items · Page 1 of 1. Prototype: Items per page 10 · 1–4 of 4 items · [1] of 1 page · ‹ › → Q-S-09 | X69: UC-SCP-001
A70: 58 | E70: Các giá trị khác | F70: Medium | G70: Scope_058 | H70: Kiểm tra các giá trị trong Items per page | I70: Đăng nhập account Customer Admin | J70: 1. Mở màn Scopes 2. Click vào Items per page 3. Kiểm tra hiển thị | K70: - Hiển thị các giá trị: + 10 items + 25 items + 50 items + 100 items | X70: UC-SCP-001
A71: 59 | D71: Đổi số dòng | E71: Chọn giá trị khác | F71: Medium | G71: Scope_059 | H71: Kiểm tra đổi số dòng mỗi trang | I71: Đăng nhập Customer Admin của tenant có từ 11 scope trở lên | J71: 1. Mở màn Scopes 2. Mở Items per page 3. Chọn 25 | K71: - Hiển thị đủ 11 items trên bảng dữ liệu | W71: Có chọn số dòng không; giá trị 10/25/50/100 theo prototype → Q-S-09 | X71: UC-SCP-001
A72: 60 | D72: Chuyển trang | E72: Chỉ có một trang | F72: Low | G72: Scope_060 | H72: Kiểm tra nút chuyển trang khi chỉ có một trang | I72: Đăng nhập account Customer Admin | J72: 1. Mở màn Scopes 2. Kiểm tra hai nút ‹ › | K72: - Cả hai nút ở trạng thái không bấm được | X72: UC-SCP-001
A73: 61 | E73: Sang trang 2 | F73: Medium | G73: Scope_061 | H73: Kiểm tra chuyển sang trang 2 | I73: Đăng nhập Customer Admin của tenant có từ 11 scope trở lên | J73: 1. Mở màn Scopes 2. Bấm nút › | K73: - Bảng hiển thị từ scope thứ 11 - Dòng phân trang: 11–<n> of <n> items | W73: Số dòng mỗi trang mặc định → Q-S-09 | X73: UC-SCP-001
A74: 62 | B74: Chi tiết scope - Scope detail | C74: Phần đầu - Header | D74: Hiển thị | E74: Các thành phần | F74: High | G74: Scope_062 | H74: Kiểm tra phần đầu màn chi tiết | I74: Đăng nhập account Customer Admin | J74: 1. Mở chi tiết scope Organization (bấm tên scope ở màn Scopes) 2. Kiểm tra phần đầu trang, từ trái sang phải | K74: - Nút quay lại ← - Tiêu đề: tên scope - Dòng phụ: Organization scope · [Tên Organization] - Nhãn Active - Nút ⋮ ở góc phải | W74: Ngoài Active còn trạng thái nào → Q-S-14 | X74: UC-SCP-002
A75: 63 | E75: Dòng phụ theo loại | F75: Medium | G75: Scope_063 | H75: Kiểm tra dòng phụ theo loại scope Organization | I75: Đăng nhập account Customer Admin | J75: 1. Mở chi tiết scope Organization | K75: - Hiển thị title: Organization scope · [Tên Organization] | X75: UC-SCP-002
A76: 64 | F76: Medium | G76: Scope_064 | H76: Kiểm tra dòng phụ theo loại scope Product | I76: Đăng nhập account Customer Admin | J76: 1. Mở chi tiết scope Product | K76: - Hiển thị title: Product scope · [Tên Organization] | X76: UC-SCP-002
A77: 65 | F77: Medium | G77: Scope_065 | H77: Kiểm tra dòng phụ theo loại scope System | I77: Đăng nhập account Customer Admin | J77: 1. Mở chi tiết scope System | K77: - Hiển thị title: System scope · [Tên Organization] | X77: UC-SCP-002
A78: 66 | D78: Nút quay lại | E78: Bấm ← | F78: Medium | G78: Scope_066 | H78: Kiểm tra nút quay lại | I78: Đăng nhập account Customer Admin | J78: 1. Mở chi tiết scope (bấm tên scope ở màn Scopes) 2. Bấm nút ← | K78: - Quay về màn Scopes | X78: UC-SCP-002
A79: 67 | D79: Menu ⋮ | E79: Các mục | F79: Medium | G79: Scope_067 | H79: Kiểm tra menu ⋮ của scope | I79: Đăng nhập account Customer Admin | J79: 1. Mở chi tiết scope (bấm tên scope ở màn Scopes) 2. Bấm nút ⋮ | K79: - Menu chỉ có một mục: Edit scope | W79: Không có Archive, Delete: SCP-005 lùi Phase 2, nhưng WBS CP-06 ghi CRUD → Q-S-14 | X79: UC-SCP-004
A80: 68 | E80: Bấm Edit scope | F80: Medium | G80: Scope_068 | H80: Kiểm tra mục Edit scope trong menu ⋮ | I80: Đăng nhập account Customer Admin | J80: 1. Mở chi tiết scope (bấm tên scope ở màn Scopes) 2. Bấm nút ⋮ 3. Bấm Edit scope | K80: - Mở hộp thoại Edit scope | W80: Figma không có frame sửa scope → Q-S-15 | X80: UC-SCP-004
A81: 69 | C81: Điều hướng trong màn - Section nav | D81: Hiển thị | E81: Ba mục | F81: Low | G81: Scope_069 | H81: Kiểm tra cột điều hướng bên trái | I81: Đăng nhập account Customer Admin | J81: 1. Mở chi tiết scope (bấm tên scope ở màn Scopes) 2. Kiểm tra cột bên trái | K81: - Ba mục theo thứ tự: + Overview + Frameworks + Users - Mục Overview được tô nền khi mới mở | X81: UC-SCP-002
A82: 70 | D82: Bấm mục | E82: Frameworks, Users | F82: Low | G82: Scope_070 | H82: Kiểm tra bấm mục trong cột điều hướng | I82: Đăng nhập account Customer Admin | J82: 1. Mở chi tiết scope (bấm tên scope ở màn Scopes) 2. Bấm Frameworks 3. Bấm Users | K82: - Sau bước 2: trang cuộn tới khối Frameworks - Sau bước 3: trang cuộn tới khối Users | X82: UC-SCP-002
A83: 71 | C83: Tổng quan - Overview | D83: Hiển thị | E83: Scope Organization | F83: High | G83: Scope_071 | H83: Kiểm tra khối Overview của scope Organization | I83: Đăng nhập account Customer Admin; scope Organization đã có scope System thuộc về | J83: 1. Mở chi tiết scope Organization 2. Kiểm tra khối số 1 Overview | K83: - Tiêu đề khối: Overview, có nút Edit - Type: Organization - Contains: [System] (system) - In scope: [What is in scope] - Out of scope: [What is out of scope] | X83: UC-SCP-002
A84: 72 | E84: Scope Product | F84: Medium | G84: Scope_072 | H84: Kiểm tra khối Overview của scope Product | I84: Đăng nhập account Customer Admin; scope Product đã có scope System thuộc về | J84: 1. Mở chi tiết scope Product 2. Kiểm tra khối số 1 Overview | K84: - Type: Product - Contains: [System] (system) - In scope: [What is in scope] - Out of scope: [What is out of scope] | X84: UC-SCP-002
A85: 73 | E85: Scope System | F85: High | G85: Scope_073 | H85: Kiểm tra khối Overview của scope System | I85: Đăng nhập account Customer Admin; scope System đã chọn Belongs to organisation: [Organization], Belongs to product (optional): [Product] | J85: 1. Mở chi tiết scope System 2. Kiểm tra khối số 1 Overview | K85: - Type: System - Không có trường Contains - Belongs to: [Organization], [Product] - In scope: [What is in scope] - Out of scope: [What is out of scope] | X85: UC-SCP-002
A86: 74 | E86: Trường không có dữ liệu | F86: Low | G86: Scope_074 | H86: Kiểm tra trường không có dữ liệu | I86: Đăng nhập account Customer Admin; scope Product chưa có scope System thuộc về, What is out of scope (optional) để trống | J86: 1. Mở chi tiết scope Product 2. Kiểm tra khối số 1 Overview | K86: - Contains: — - Out of scope: — | X86: UC-SCP-002
A87: 75 | C87: Sửa scope - Edit scope | D87: Mở hộp thoại | E87: Bấm Edit | F87: High | G87: Scope_075 | H87: Kiểm tra mở hộp thoại Edit scope | I87: Đăng nhập account Customer Admin | J87: 1. Mở chi tiết scope (bấm tên scope ở màn Scopes) 2. Bấm nút Edit ở khối Overview | K87: - Mở hộp thoại Edit scope, có nút đóng × - Các trường điền sẵn giá trị hiện tại: + Name * + What is in scope * + What is out of scope (optional) - Không có trường Type, Belongs to - Có nút Cancel và nút Save | W87: Figma không có frame sửa scope; không cho đổi Type, Belongs to có đúng chủ ý → Q-S-15 | X87: UC-SCP-004
A88: 76 | D88: Không thành công | E88: Xoá trống Name | F88: High | G88: Scope_076 | H88: Kiểm tra lưu khi xoá trống Name | I88: Đăng nhập account Customer Admin | J88: 1. Mở chi tiết scope (bấm tên scope ở màn Scopes) 2. Mở Edit scope 3. Xoá hết Name 4. Bấm Save | K88: - Không lưu, hộp thoại vẫn mở - Hiện lỗi tại Name: "Enter a name." | W88: Text lỗi nguyên văn → Q-S-05 | X88: UC-SCP-004
A89: 77 | E89: Xoá trống What is in scope | F89: High | G89: Scope_077 | H89: Kiểm tra lưu khi xoá trống What is in scope | I89: Đăng nhập account Customer Admin | J89: 1. Mở chi tiết scope (bấm tên scope ở màn Scopes) 2. Mở Edit scope 3. Xoá hết What is in scope 4. Bấm Save | K89: - Không lưu, hộp thoại vẫn mở - Hiện lỗi tại What is in scope: "Describe what is in scope." | W89: Text lỗi nguyên văn → Q-S-05 | X89: UC-SCP-004
A90: 78 | E90: Trùng tên scope khác | F90: Medium | G90: Scope_078 | H90: Kiểm tra đổi Name trùng tên scope khác | I90: Đăng nhập account Customer Admin | J90: 1. Mở chi tiết scope (bấm tên scope ở màn Scopes) 2. Mở Edit scope 3. Đổi Name thành tên của một scope khác đang có 4. Bấm Save | K90: - Không lưu, hộp thoại vẫn mở - Hiện lỗi tại Name: "A scope with this name already exists." | W90: Chặn hay cho phép trùng tên → Q-S-05 | X90: UC-SCP-004
A91: 79 | E91: Bấm Cancel | F91: Medium | G91: Scope_079 | H91: Kiểm tra huỷ sửa scope | I91: Đăng nhập account Customer Admin | J91: 1. Mở chi tiết scope (bấm tên scope ở màn Scopes) 2. Mở Edit scope, đổi Name 3. Bấm Cancel | K91: - Hộp thoại đóng - Tiêu đề và khối Overview giữ giá trị cũ | X91: UC-SCP-004
A92: 80 | E92: Scope đang có audit | F92: High | G92: Scope_080 | H92: Kiểm tra sửa scope khi đang có audit | I92: Đăng nhập account Customer Admin; scope đang có audit chạy trên một framework | J92: 1. Mở chi tiết scope đang có audit 2. Bấm nút Edit ở khối Overview | K92: - Không mở hộp thoại Edit scope - Hiện thông báo: "The scope can't be edited while an audit is running." | W92: Quy tắc và text lấy từ prototype, UC không ghi → Q-S-16 | X92: UC-SCP-004
A93: 81 | D93: Thành công | E93: Đổi Name — tiêu đề chi tiết | F93: High | G93: Scope_081 | H93: Kiểm tra tên mới ở màn chi tiết sau khi sửa | I93: Đăng nhập account Customer Admin | J93: 1. Mở chi tiết scope (bấm tên scope ở màn Scopes) 2. Mở Edit scope 3. Đổi Name thành: abc1 4. Bấm Save | K93: - Hộp thoại đóng - Tiêu đề trang đổi thành abc1 | X93: UC-SCP-004
A94: 82 | E94: Đổi Name — danh sách | F94: High | G94: Scope_082 | H94: Kiểm tra tên mới ở màn danh sách | I94: Đăng nhập account Customer Admin | J94: 1. Mở chi tiết scope (bấm tên scope ở màn Scopes) 2. Mở Edit scope 3. Đổi Name thành: abc1 4. Bấm Save 5. Bấm nút ← để về màn Scopes 6. Kiểm tra dòng của scope vừa sửa | K94: - Cột Scope hiển thị tên mới: abc1 | X94: UC-SCP-004
A95: 83 | E95: Sửa In scope, Out of scope | F95: Medium | G95: Scope_083 | H95: Kiểm tra sửa In scope và Out of scope | I95: Đăng nhập account Customer Admin | J95: 1. Mở chi tiết scope (bấm tên scope ở màn Scopes) 2. Mở Edit scope 3. Sửa - What is in scope: abc1 - What is out of scope (optional): xoá trống 4. Bấm Save | K95: - Hộp thoại đóng - Khối Overview: + In scope: abc1 + Out of scope: — | X95: UC-SCP-004
A96: 84 | C96: Khối Frameworks - Frameworks | D96: Trạng thái rỗng | E96: Chưa gắn framework | F96: Medium | G96: Scope_084 | H96: Kiểm tra khối Frameworks khi scope chưa gắn framework | I96: Đăng nhập account Customer Admin | J96: 1. Mở chi tiết scope chưa gắn framework 2. Kiểm tra khối số 2 Frameworks | K96: - Hiển thị title: "No framework linked yet. Link one to create a workspace and start collecting evidence." | W96: Khối Frameworks khi chưa gắn framework hiển thị gì → Q-S-13 | X96: UC-SCP-002
A97: 85 | D97: Hiển thị | E97: Tiêu đề khối và cột | F97: High | G97: Scope_085 | H97: Kiểm tra khối Frameworks | I97: Đăng nhập account Customer Admin | J97: 1. Mở chi tiết scope đã gắn framework 2. Kiểm tra khối số 2 Frameworks | K97: - Tiêu đề: Frameworks - Mô tả: Each framework gets its own workspace - Có nút gắn framework - Bảng 4 cột theo thứ tự: + Framework · version + Tier + Coverage + Status | W97: Nhãn nút: Figma 'Link framework', prototype '+ Link framework' → Q-S-03 | X97: UC-SCP-002
A98: 86 | E98: Cột Framework · version | F98: Medium | G98: Scope_086 | H98: Kiểm tra cột Framework · version | I98: Đăng nhập account Customer Admin | J98: 1. Mở chi tiết scope đã gắn framework 2. Kiểm tra cột đầu của bảng ở khối Frameworks | K98: - Mỗi dòng dạng <tên framework> · <phiên bản>, ví dụ ISO/IEC 27001 · 2022 - Tên framework dạng liên kết | X98: UC-SCP-002
A99: 87 | E99: Cột Tier | F99: High | G99: Scope_087 | H99: Kiểm tra cột Tier của framework có tier | I99: Đăng nhập account Customer Admin | J99: 1. Mở chi tiết scope đã gắn framework có tier 2. Kiểm tra cột Tier của framework đó | K99: - Hiển thị tier hiện tại của framework | W99: Prototype ghi 'Medium · 中' ở đây nhưng 'Medium' ở danh sách và Summary; tier có phải 'obligation level' của SCP-002 → Q-S-17 | X99: UC-SCP-002
A100: 88 | F100: Medium | G100: Scope_088 | H100: Kiểm tra cột Tier của framework không phân tier | I100: Đăng nhập account Customer Admin | J100: 1. Mở chi tiết scope đã gắn framework không phân tier 2. Kiểm tra cột Tier của framework đó | K100: - Hiển thị: No tiers | X100: UC-SCP-002
A101: 89 | E101: Cột Coverage | F101: High | G101: Scope_089 | H101: Kiểm tra cột Coverage khi kết quả phải làm tròn lên | I101: Đăng nhập account Customer Admin | J101: 1. Mở chi tiết scope 2. Tạo Frameworks với: - Framework A: 74/116 3. Kiểm tra cột Coverage của Framework A | K101: - Hiển thị Coverage = 74/116 × 100 = 63.79% → 64% | W101: [ĐỀ XUẤT LÙI] RDN-004. Cách tính và làm tròn lấy theo cột Evidence coverage ở danh sách; prototype hiện <%> + thanh tiến trình + <đã có>/<tổng> → Q-S-11 | X101: UC-RDN-004
A102: 90 | F102: Medium | G102: Scope_090 | H102: Kiểm tra cột Coverage khi kết quả phải làm tròn xuống | I102: Đăng nhập account Customer Admin | J102: 1. Mở chi tiết scope 2. Tạo Frameworks với: - Framework A: 6/31 3. Kiểm tra cột Coverage của Framework A | K102: - Hiển thị Coverage = 6/31 × 100 = 19.35% → 19% | W102: [ĐỀ XUẤT LÙI] RDN-004. Cách tính và làm tròn lấy theo cột Evidence coverage ở danh sách; prototype hiện <%> + thanh tiến trình + <đã có>/<tổng> → Q-S-11 | X102: UC-RDN-004
A103: 91 | F103: Medium | G103: Scope_091 | H103: Kiểm tra cột Coverage khi chưa requirement nào đủ evidence | I103: Đăng nhập account Customer Admin | J103: 1. Mở chi tiết scope 2. Tạo Frameworks với: - Framework A: 0/78 3. Kiểm tra cột Coverage của Framework A | K103: - Hiển thị Coverage = 0/78 × 100 = 0% | W103: [ĐỀ XUẤT LÙI] RDN-004. Cách tính và làm tròn lấy theo cột Evidence coverage ở danh sách; prototype hiện <%> + thanh tiến trình + <đã có>/<tổng> → Q-S-11 | X103: UC-RDN-004
A104: 92 | F104: Medium | G104: Scope_092 | H104: Kiểm tra cột Coverage khi mọi requirement đều đủ evidence | I104: Đăng nhập account Customer Admin | J104: 1. Mở chi tiết scope 2. Tạo Frameworks với: - Framework A: 61/61 3. Kiểm tra cột Coverage của Framework A | K104: - Hiển thị Coverage = 61/61 × 100 = 100% | W104: [ĐỀ XUẤT LÙI] RDN-004. Cách tính và làm tròn lấy theo cột Evidence coverage ở danh sách; prototype hiện <%> + thanh tiến trình + <đã có>/<tổng> → Q-S-11 | X104: UC-RDN-004
...

Sheet Frameworks
B3: Function Name | C3: FWK-L0001_Quản lý framework | K3: Round | L3: Total | M3: Passed | N3: Failed | O3: Pending | P3: Blocked | Q3: NA | R3: Not execute
B4: Screen Name | C4: Frameworks · SGS Portal | K4: Round 1 | L4: =COUNTA($G$13:$G$135) -> 123 | M4: =COUNTIF($M$13:$M$135,M3) -> 0 | N4: =COUNTIF($M$13:$M$135,N3) -> 0 | O4: =COUNTIF($M$13:$M$135,O3) -> 0 | P4: =COUNTIF($M$13:$M$135,P3) -> 0 | Q4: =COUNTIF($M$13:$M$135,Q3) -> 0 | R4: =L4-SUM(M4:Q4) -> 123
B5: Creator | C5: Hanna | M5: =M4/$L$4 -> 0 | N5: =N4/$L$4 -> 0 | O5: =O4/$L$4 -> 0 | P5: =P4/$L$4 -> 0 | Q5: =Q4/$L$4 -> 0 | R5: =R4/$L$4 -> 1
B6: Created date | C6: 08/10/2026 | K6: Round 2 | L6: =COUNTA($G$13:$G$135) -> 123 | M6: =COUNTIF($R$13:$R$135,M3) -> 0 | N6: =COUNTIF($R$13:$R$135,N3) -> 0 | O6: =COUNTIF($R$13:$R$135,O3) -> 0 | P6: =COUNTIF($R$13:$R$135,P3) -> 0 | Q6: =COUNTIF($R$13:$R$135,Q3) -> 0 | R6: =L6-SUM(M6:Q6) -> 123
B7: Reference | C7: Figma SGS-DTP-DS · Screens 04 Frameworks · prototype · UC v4 FWK-01…07 | M7: =M6/$L$6 -> 0 | N7: =N6/$L$6 -> 0 | O7: =O6/$L$6 -> 0 | P7: =P6/$L$6 -> 0 | Q7: =Q6/$L$6 -> 0 | R7: =R6/$L$6 -> 1
M10: Round 1 | R10: Round 2
B11: Classification | F11: Priority | G11: TVP_ID | H11: Test case name/ Test view point | I11: Pre-condition | J11: Step | K11: Expected result | L11: Dev test | M11: Result | N11: Test person | O11: Test date | P11: Bug_ID | Q11: Remark | R11: Result | S11: Test person | T11: Test date | U11: Bug_ID | V11: Remark | W11: Open question | X11: UC
A12: No. | B12: I | C12: II | D12: III | E12: IV
A13: 1 | B13: Điều hướng - Redirect | C13: Vào danh sách - Framework list | D13: Từ menu | E13: Bấm Frameworks ở menu trái | F13: High | G13: Framework_001 | H13: Kiểm tra vào màn Frameworks từ menu trái | I13: Đăng nhập account SGS Admin | J13: 1. Bấm mục Frameworks ở menu trái | K13: - Chuyển sang màn Frameworks - Breadcrumb: Frameworks - Mục Frameworks ở menu trái được tô nền | X13: UC-FWK-01
A14: 2 | C14: Vào chi tiết - Framework detail | D14: Từ danh sách | E14: Bấm tên framework Active (mở tab Overview) | F14: High | G14: Framework_002 | H14: Kiểm tra mở chi tiết framework Active từ danh sách | I14: Đăng nhập account SGS Admin Có sẵn một framework Active: [Framework Active] | J14: 1. Mở màn Frameworks 2. Bấm tên một framework Active | K14: - Chuyển sang màn chi tiết framework, mở tab Overview - Hiển thị chip Active cạnh tên framework | X14: UC-FWK-02
A15: 3 | E15: Bấm tên framework Draft (mở màn Draft preview) | F15: High | G15: Framework_003 | H15: Kiểm tra mở màn Draft preview từ danh sách | I15: Đăng nhập account SGS Admin Có sẵn một framework Draft: [Framework Draft] | J15: 1. Mở màn Frameworks 2. Bấm tên một framework Draft | K15: - Chuyển sang màn Draft preview - Hiển thị chip Draft · not active cạnh tên framework | X15: UC-FWK-02
A16: 4 | C16: Quay lại - Back | D16: Từ chi tiết | E16: Bấm nút mũi tên quay lại ở chi tiết framework Active | F16: Medium | G16: Framework_004 | H16: Kiểm tra nút quay lại ở chi tiết framework Active | I16: Đăng nhập account SGS Admin Có sẵn một framework Active: [Framework Active] | J16: 1. Mở màn Frameworks 2. Bấm tên một framework Active 3. Bấm nút mũi tên quay lại | K16: - Quay về màn Frameworks | X16: UC-FWK-02
A17: 5 | E17: Bấm nút mũi tên quay lại ở Draft preview | F17: Medium | G17: Framework_005 | H17: Kiểm tra nút quay lại ở Draft preview | I17: Đăng nhập account SGS Admin Có sẵn một framework Draft: [Framework Draft] | J17: 1. Mở màn Frameworks 2. Bấm tên một framework Draft 3. Bấm nút mũi tên quay lại | K17: - Quay về màn Frameworks | X17: UC-FWK-02
A18: 6 | B18: Danh sách framework - Framework list | C18: Tiêu đề trang - Page header | D18: Hiển thị | E18: Breadcrumb, tiêu đề và dòng mô tả | F18: High | G18: Framework_006 | H18: Kiểm tra breadcrumb, tiêu đề và dòng mô tả của màn Frameworks | I18: Đăng nhập account SGS Admin | J18: 1. Mở màn Frameworks 2. Kiểm tra phần đầu trang | K18: - Breadcrumb: Frameworks - Tiêu đề: Frameworks - Dòng mô tả: Frameworks customers can activate on their scopes. Import one from the Excel template. | X18: UC-FWK-01
A19: 7 | E19: Nút Download template | F19: Medium | G19: Framework_007 | H19: Kiểm tra nút Download template ở đầu danh sách | I19: Đăng nhập account SGS Admin | J19: 1. Mở màn Frameworks 2. Kiểm tra phần đầu trang, bên phải | K19: - Có nút Download template (không nền) | X19: [NGOÀI UC] Tải file mẫu: UC FWK-03 chỉ nêu file XLSX, không nêu nút tải mẫu
A20: 8 | E20: Nút Import framework | F20: High | G20: Framework_008 | H20: Kiểm tra nút Import framework | I20: Đăng nhập account SGS Admin | J20: 1. Mở màn Frameworks 2. Kiểm tra phần đầu trang, bên phải | K20: - Có nút Import framework (nền màu chính) | X20: UC-FWK-03
A21: 9 | C21: Thanh công cụ - Toolbar | D21: Hiển thị | E21: Dòng đếm "<n> frameworks" | F21: Medium | G21: Framework_009 | H21: Kiểm tra dòng đếm số framework | I21: Đăng nhập account SGS Admin | J21: 1. Mở màn Frameworks 2. Kiểm tra dòng phía trên bảng, bên trái | K21: - Hiển thị <n> frameworks, n bằng tổng số framework trong bảng | X21: UC-FWK-01
A22: 10 | E22: Ô tìm kiếm và chữ gợi ý | F22: Low | G22: Framework_010 | H22: Kiểm tra ô tìm kiếm | I22: Đăng nhập account SGS Admin | J22: 1. Mở màn Frameworks 2. Kiểm tra phía trên bảng, bên phải | K22: - Ô tìm kiếm có icon kính lúp, placeholder: Search code or name | X22: UC-FWK-01
A23: 11 | D23: Tìm kiếm | E23: Tìm theo mã (code) | F23: High | G23: Framework_011 | H23: Kiểm tra tìm theo mã framework | I23: Đăng nhập account SGS Admin | J23: 1. Mở màn Frameworks 2. Nhập [mã framework] vào ô tìm kiếm | K23: - Hệ thống không phân biệt chữ HOA, chữ thường hiển thị đúng theo mã framwork | X23: UC-FWK-01
A24: 12 | E24: Tìm theo tên (name) | F24: High | G24: Framework_012 | H24: Kiểm tra tìm theo tên framework | I24: Đăng nhập account SGS Admin | J24: 1. Mở màn Frameworks 2. Nhập [một phần tên framework] vào ô tìm kiếm | K24: - Hệ thống không phân biệt chữ HOA, chữ thường hiển thị đúng theo tên framwork | X24: UC-FWK-01
E25: Tìm theo Issue by | F25: High | G25: Framework_011 | H25: Kiểm tra tìm theo Issue by | I25: Đăng nhập account SGS Admin | J25: 1. Mở màn Frameworks 2. Nhập [Issue by] vào ô tìm kiếm | K25: - Hệ thống không phân biệt chữ HOA, chữ thường hiển thị đúng theo Issue by
E26: Tìm theo Requirements | F26: High | G26: Framework_011 | H26: Kiểm tra tìm theo Requirements | I26: Đăng nhập account SGS Admin | J26: 1. Mở màn Frameworks 2. Nhập [Requirements] vào ô tìm kiếm | K26: - Hệ thống không phân biệt chữ HOA, chữ thường hiển thị đúng theo Requirements
E27: Tìm theo Status | F27: High | G27: Framework_011 | H27: Kiểm tra tìm theo Status | I27: Đăng nhập account SGS Admin | J27: 1. Mở màn Frameworks 2. Nhập [Status] vào ô tìm kiếm | K27: - Hệ thống không phân biệt chữ HOA, chữ thường hiển thị đúng theo Status
E28: Tìm theo thời gian Updated (hh:mm) | F28: High | G28: Framework_011 | H28: Kiểm tra tìm theo thời gian Updated (hh:mm) | I28: Đăng nhập account SGS Admin | J28: 1. Mở màn Frameworks 2. Nhập [hh:mm] vào ô tìm kiếm | K28: - Hệ thống không phân biệt chữ HOA, chữ thường hiển thị đúng theo thời gian Update
A29: 13 | E29: Không có kết quả | F29: Medium | G29: Framework_013 | H29: Kiểm tra tìm không có kết quả | I29: Đăng nhập account SGS Admin | J29: 1. Mở màn Frameworks 2. Nhập zzz vào ô tìm kiếm | K29: - Bảng không có dòng nào - Hiển thị "No results for “zzz”" - Hiển thị "Try a different search term." - Dòng đếm không đổi | X29: UC-FWK-01
A30: 14 | E30: Xoá chữ tìm, danh sách trở lại đủ dòng | F30: Medium | G30: Framework_014 | H30: Kiểm tra xoá chữ tìm | I30: Đăng nhập account SGS Admin | J30: 1. Mở màn Frameworks 2. Nhập zzz vào ô tìm kiếm 3. Xoá chữ trong ô tìm kiếm | K30: - Text biến mất - Ô tìm kiếm có icon kính lúp, placeholder: Search code or name | X30: UC-FWK-01
A31: 15 | C31: Bảng danh sách - Table | D31: Hiển thị cột | E31: Tiêu đề cột và thứ tự: Framework, Version, Issued by, Tiers, Requirements, Status, Updated | F31: High | G31: Framework_015 | H31: Kiểm tra tiêu đề cột của bảng | I31: Đăng nhập account SGS Admin | J31: 1. Mở màn Frameworks 2. Kiểm tra hàng tiêu đề của bảng | K31: - Các cột theo thứ tự: Framework, Version, Issued by, Tiers, Requirements, Status, Updated - Cột cuối là cột icon tải, không có tiêu đề | X31: UC-FWK-01
A32: 16 | D32: Hiển thị dòng theo loại | E32: Framework Active có tier | F32: High | G32: Framework_016 | H32: Kiểm tra dòng framework Active có tier | I32: Đăng nhập account SGS Admin Có sẵn một framework Active có tier: [Framework Active có tier] | J32: 1. Mở màn Frameworks 2. Kiểm tra dòng của framework Active có tier | K32: - Framework: tên và mã (code) - Version, Issued by, Requirements có giá trị - Tiers: hiển thị các tier của framework - Status: chip Active - Updated: ngày cập nhật | X32: UC-FWK-01
A33: 17 | E33: Framework Active không tier (cột Tiers hiện "—") | F33: High | G33: Framework_017 | H33: Kiểm tra dòng framework Active không tier | I33: Đăng nhập account SGS Admin Có sẵn một framework Active không tier: [Framework Active không tier] | J33: 1. Mở màn Frameworks 2. Kiểm tra dòng của framework Active không tier | K33: - Cột Tiers hiển thị — - Status: chip Active | X33: UC-FWK-01
A34: 18 | E34: Framework Draft (chip "Draft · not active", Updated dạng "Today, hh:mm") | F34: High | G34: Framework_018 | H34: Kiểm tra dòng framework Draft | I34: Đăng nhập account SGS Admin Có sẵn một framework Draft: [Framework Draft] | J34: 1. Mở màn Frameworks 2. Kiểm tra dòng của framework Draft | K34: - Status: chip Draft · not active - Updated: dạng Today, hh:mm | X34: UC-FWK-01
A35: 19 | E35: Hai phiên bản của cùng một mã hiện thành hai dòng | F35: Medium | G35: Framework_019 | H35: Kiểm tra hai phiên bản của cùng một mã | I35: Đăng nhập account SGS Admin Có hai phiên bản của cùng một mã: [Framework hai phiên bản] | J35: 1. Mở màn Frameworks 2. Kiểm tra các dòng có cùng mã framework, khác Version | K35: - Mỗi phiên bản một dòng riêng, cột Version khác nhau | X35: UC-FWK-01
A36: 20 | D36: Sắp xếp | E36: Thứ tự mặc định | F36: Medium | G36: Framework_024 | H36: Kiểm tra thứ tự mặc định của danh sách | I36: Đăng nhập account Customer Admin | J36: 1. Mở màn Scopes, kiểm tra thứ tự các dòng của Framework/Version/Issued by/Requirements | K36: - Hiển thị theo thứ tự thời gian cũ nhất xuống mới nhất | X36: UC-FWK-01
A37: 21 | E37: Bấm lần 1 | F37: Medium | G37: Framework_024 | H37: Kiểm tra sắp xếp tăng dần theo tên | I37: Đăng nhập account Customer Admin | J37: 1. Mở màn Scopes 2. Bấm tiêu đề cột Scope của Framework/Version/Issued by/Requirements | K37: - Các dòng xếp theo tên từ A đến Z | X37: UC-FWK-01
A38: 22 | E38: Bấm lần 2 | F38: Medium | G38: Framework_024 | H38: Kiểm tra sắp xếp giảm dần theo tên | I38: Đăng nhập account Customer Admin | J38: 1. Mở màn Scopes 2. Bấm tiêu đề cột Scope hai lần của Framework/Version/Issued by/Requirements | K38: - Các dòng xếp theo tên từ Z đến A | X38: UC-FWK-01
D39: Biểu tượng tải ở mỗi dòng | E39: Hover vào biểu tượng tải | F39: Low | G39: Framework_024 | H39: Kiểm tra hiển thị khi hover vào icon tải | I39: Đăng nhập account Customer Admin | J39: 1. Mở màn Frameworks 2. Hover vào icon tải ở cuối một dòng | K39: - Hiển thị thông báo: "Download source file of <tên> · <version>"
A40: 24 | E40: Bấm biểu tượng tải ở một dòng | F40: Low | G40: Framework_024 | H40: Kiểm tra biểu tượng tải ở một dòng | I40: Đăng nhập account SGS Admin | J40: 1. Mở màn Frameworks 2. Bấm icon tải ở cuối một dòng | K40: - Hiển thị thông báo: "<version> would download here. The prototype has no real files."
A41: 25 | C41: Phân trang - Pagination | D41: Hiển thị | E41: Dòng "1–<n> of <n> items" và "1 of 1 page" | F41: Medium | G41: Framework_025 | H41: Kiểm tra dòng phân trang | I41: Đăng nhập account SGS Admin | J41: 1. Mở màn Frameworks 2. Kiểm tra phần dưới bảng | K41: - Hiển thị 1–<n> of <n> items - Hiển thị Page 1 of 1 khi chỉ có một trang | X41: UC-FWK-01
A42: 26 | E42: Chọn Items per page: 10, 25, 50, 100 | F42: Low | G42: Framework_026 | H42: Kiểm tra chọn Items per page | I42: Đăng nhập account SGS Admin | J42: 1. Mở màn Frameworks 2. Bấm ô Items per page 3. Kiểm tra các lựa chọn | K42: - Có 4 lựa chọn: 10, 25, 50, 100 | X42: UC-FWK-01
A43: 27 | B43: Chi tiết framework - Framework detail | C43: Phần đầu - Header | D43: Hiển thị | E43: Framework Active: tên, chip Active, dòng "code · version · issuing body", nút quay lại, nút ba chấm | F43: High | G43: Framework_027 | H43: Kiểm tra phần đầu chi tiết framework Active | I43: Đăng nhập account SGS Admin Có sẵn một framework Active: [Framework Active] | J43: 1. Mở màn Frameworks 2. Bấm tên một framework Active 3. Kiểm tra phần đầu trang | K43: - Nút mũi tên quay lại - Tên framework, chip Active - Dòng "mã · version · issuing body" - Nút ba chấm | X43: UC-FWK-02
A44: 28 | E44: Framework Draft: chip "Draft · not active", nút Discard draft và Activate (không có nút ba chấm) | F44: High | G44: Framework_028 | H44: Kiểm tra phần đầu Draft preview | I44: Đăng nhập account SGS Admin Có sẵn một framework Draft: [Framework Draft] | J44: 1. Mở màn Frameworks 2. Bấm tên một framework Draft 3. Kiểm tra phần đầu trang | K44: - Tên framework, chip Draft · not active - Dòng "mã · version · issuing body" - Nút Discard draft và nút Activate - Không có nút ba chấm | X44: UC-FWK-06
C45: Menu ba chấm - More menu | D45: Mở menu | E45: Mở menu ở framework Active, chỉ có mục "Import new version" | F45: Medium | G45: Framework_029 | H45: Kiểm tra menu ba chấm của framework Active | I45: Đăng nhập account SGS Admin Có sẵn một framework Active: [Framework Active] | J45: 1. Mở màn Frameworks 2. Bấm tên một framework Active 3. Bấm nút ba chấm | K45: - Menu có một mục: Import new version
A46: 29 | D46: Click vào Import new version | E46: Mở Import new version | F46: Medium | G46: Framework_029 | H46: Kiểm tra hiển thị khi click vào Import new version | I46: Đăng nhập account SGS Admin Có sẵn một framework Active: [Framework Active] | J46: 1. Mở màn Frameworks 2. Bấm tên một framework Active 3. Bấm nút ba chấm 4. Click vào Import new version | K46: - Hiển thị hộp thoại Import - Import dialog | X46: UC-FWK-03
A47: 30 | C47: Điều hướng trong màn - In-page tabs | D47: Chuyển tab | E47: Framework Active có 3 mục: Overview, Requirements, Other versions; mặc định Overview | F47: High | G47: Framework_030 | H47: Kiểm tra các mục của framework Active | I47: Đăng nhập account SGS Admin Có sẵn một framework Active: [Framework Active] | J47: 1. Mở màn Frameworks 2. Bấm tên một framework Active 3. Kiểm tra thanh mục | K47: - Có 3 mục: Overview, Requirements, Other versions - Mặc định mở Overview | X47: UC-FWK-02
A48: 31 | E48: Framework Draft có 3 mục: Framework, Tiers, Requirements | F48: High | G48: Framework_031 | H48: Kiểm tra các mục của Draft preview | I48: Đăng nhập account SGS Admin Có sẵn một framework Draft: [Framework Draft] | J48: 1. Mở màn Frameworks 2. Bấm tên một framework Draft 3. Kiểm tra cột mục bên trái | K48: - Có 3 mục: Framework, Tiers, Requirements | X48: UC-FWK-02
A49: 32 | C49: Tổng quan - Overview | D49: Hiển thị khối Framework | E49: Framework Active: Code, Issued by, Version, Effective date, Description | F49: High | G49: Framework_032 | H49: Kiểm tra khối Framework của framework Active | I49: Đăng nhập account SGS Admin Có sẵn một framework Active: [Framework Active] | J49: 1. Mở màn Frameworks 2. Bấm tên một framework Active 3. Kiểm tra khối Framework ở tab Overview | K49: - Hiển thị Code, Issued by, Version, Effective date, Description | X49: UC-FWK-02
A50: 33 | D50: Hiển thị khối Tiers | E50: Framework có tier: bảng Code, Tier, Rank, New at this tier, Total to meet | F50: High | G50: Framework_033 | H50: Kiểm tra khối Tiers của framework có tier | I50: Đăng nhập account SGS Admin Có sẵn một framework Active có tier: [Framework Active có tier] | J50: 1. Mở màn Frameworks 2. Bấm tên một framework Active có tier 3. Kiểm tra khối Tiers ở tab Overview | K50: - Bảng có các cột Code, Tier, Rank, New at this tier, Total to meet - Mỗi tier một dòng | X50: UC-FWK-02
A51: 34 | E51: Framework không tier: không có khối Tiers | F51: Medium | G51: Framework_034 | H51: Kiểm tra framework không tier không có khối Tiers | I51: Đăng nhập account SGS Admin Có sẵn một framework Active không tier: [Framework Active không tier] | J51: 1. Mở màn Frameworks 2. Bấm tên một framework Active không tier 3. Kiểm tra tab Overview | K51: - Không có khối Tiers | X51: UC-FWK-02
A52: 35 | D52: Giá trị tính toán: Total to meet | E52: Tier Basic: New at this tier 44, Total to meet 44 | F52: High | G52: Framework_035 | H52: Kiểm tra Total to meet của tier Basic | I52: Đăng nhập account SGS Admin Có framework Appendix 10 · 2022 (Active) | J52: 1. Mở màn Frameworks 2. Bấm tên framework Appendix 10 · 2022 (Active) 3. Kiểm tra khối Tiers dòng Basic | K52: - New at this tier: 44 - Total to meet: 44 | W52: Chờ Hanna chọn cách ghi giá trị tính toán (FB-048, phương án A hoặc B) | X52: UC-FWK-02
A53: 36 | E53: Tier Medium: New 17, Total 61 | F53: High | G53: Framework_036 | H53: Kiểm tra Total to meet của tier Medium | I53: Đăng nhập account SGS Admin Có framework Appendix 10 · 2022 (Active) | J53: 1. Mở màn Frameworks 2. Bấm tên framework Appendix 10 · 2022 (Active) 3. Kiểm tra khối Tiers dòng Medium | K53: - New at this tier: 17 - Total to meet: 61 (44 + 17) | W53: Chờ Hanna chọn cách ghi giá trị tính toán (FB-048, phương án A hoặc B) | X53: UC-FWK-02
A54: 37 | E54: Tier High: New 15, Total 76 | F54: High | G54: Framework_037 | H54: Kiểm tra Total to meet của tier High | I54: Đăng nhập account SGS Admin Có framework Appendix 10 · 2022 (Active) | J54: 1. Mở màn Frameworks 2. Bấm tên framework Appendix 10 · 2022 (Active) 3. Kiểm tra khối Tiers dòng High | W54: Q-F-10: Figma Detail ghi 18 và 79, khối Content cùng màn ghi 76 requirement; hệ thống ghi 15 và 76. Chưa biết số nào đúng | X54: UC-FWK-02
A55: 38 | D55: Hiển thị khối Content theo loại | E55: Framework có tier: Dimensions, Control measures, Requirements, Expected evidence items | F55: Medium | G55: Framework_038 | H55: Kiểm tra khối Content của framework có tier | I55: Đăng nhập account SGS Admin Có sẵn một framework Active có tier: [Framework Active có tier] | J55: 1. Mở màn Frameworks 2. Bấm tên một framework Active có tier 3. Kiểm tra khối Content ở tab Overview | K55: - Hiển thị Dimensions, Control measures, Requirements, Expected evidence items | X55: UC-FWK-02
A56: 39 | E56: Framework không tier: Clauses, Requirements, Expected evidence items | F56: Medium | G56: Framework_039 | H56: Kiểm tra khối Content của framework không tier | I56: Đăng nhập account SGS Admin Có sẵn một framework Active không tier: [Framework Active không tier] | J56: 1. Mở màn Frameworks 2. Bấm tên một framework Active không tier 3. Kiểm tra khối Content ở tab Overview | K56: - Hiển thị Clauses, Requirements, Expected evidence items - Không có Dimensions và Control measures | X56: UC-FWK-02
A57: 40 | C57: Yêu cầu - Requirements | D57: Hiển thị | E57: Tiêu đề và dòng tóm tắt "… Read only — import a new version to change them." | F57: High | G57: Framework_040 | H57: Kiểm tra phần đầu tab Requirements | I57: Đăng nhập account SGS Admin Có sẵn một framework Active: [Framework Active] | J57: 1. Mở màn Frameworks 2. Bấm tên một framework Active 3. Bấm tab Requirements | K57: - Tiêu đề và dòng tóm tắt dạng "<n> dimensions · <n> control measures · <n> requirements. Read only — import a new version to change them." | X57: UC-FWK-02
A58: 41 | E58: Cây: dimension kèm số, mở ra thấy requirement kèm chip Basic, From Medium, From High | F58: High | G58: Framework_041 | H58: Kiểm tra cây requirement | I58: Đăng nhập account SGS Admin Có sẵn một framework Active có tier: [Framework Active có tier] | J58: 1. Mở màn Frameworks 2. Bấm tên một framework Active có tier 3. Bấm tab Requirements 4. Mở một dimension | K58: - Mỗi dimension hiển thị tên kèm số - Mở ra thấy control measure và requirement - Mỗi requirement kèm chip Basic, From Medium hoặc From High | X58: UC-FWK-02
A59: 42 | E59: Chọn một requirement: khung bên phải hiện code, tiêu đề, mô tả, Applies to, Not required for, Sort order, Source, Expected evidence | F59: High | G59: Framework_042 | H59: Kiểm tra khung chi tiết requirement | I59: Đăng nhập account SGS Admin Có sẵn một framework Active có tier: [Framework Active có tier] | J59: 1. Mở màn Frameworks 2. Bấm tên một framework Active có tier 3. Bấm tab Requirements 4. Bấm một requirement | K59: - Khung bên phải hiển thị code, tiêu đề, mô tả - Có Applies to, Not required for, Sort order, Source - Có Expected evidence kèm số lượng và chip Mandatory | X59: UC-FWK-02
A60: 43 | D60: Chỉ đọc | E60: Không có nút thêm, sửa hoặc retire requirement | F60: High | G60: Framework_043 | H60: Kiểm tra requirement chỉ đọc | I60: Đăng nhập account SGS Admin Có sẵn một framework Active: [Framework Active] | J60: 1. Mở màn Frameworks 2. Bấm tên một framework Active 3. Bấm tab Requirements 4. Kiểm tra màn và khung chi tiết requirement | K60: - Không có nút thêm, sửa hoặc retire requirement | X60: UC-FWK-02
A61: 44 | D61: Tìm kiếm | E61: Tìm theo mã requirement | F61: High | G61: Framework_044 | H61: Kiểm tra tìm requirement theo mã | I61: Đăng nhập account SGS Admin Có sẵn một framework Active: [Framework Active] | J61: 1. Mở màn Frameworks 2. Bấm tên một framework Active 3. Bấm tab Requirements 4. Nhập [mã requirement] vào ô Search | K61: - Hiển thị đúng data theo mã requirement | X61: UC-FWK-02
A62: 45 | E62: Tìm theo tiêu đề | F62: Medium | G62: Framework_045 | H62: Kiểm tra tìm requirement theo tiêu đề | I62: Đăng nhập account SGS Admin Có sẵn một framework Active: [Framework Active] | J62: 1. Mở màn Frameworks 2. Bấm tên một framework Active 3. Bấm tab Requirements 4. Nhập [một phần tiêu đề] vào ô Search | K62: - Hiển thị đúng data theo mã tiêu đề | X62: UC-FWK-02
A63: 46 | E63: Không có kết quả | F63: Medium | G63: Framework_046 | H63: Kiểm tra tìm requirement không có kết quả | I63: Đăng nhập account SGS Admin Có sẵn một framework Active: [Framework Active] | J63: 1. Mở màn Frameworks 2. Bấm tên một framework Active 3. Bấm tab Requirements 4. Nhập zzz vào ô Search | K63: - Không có kết quả và hiển thị thông báo: - "No matching requirements" - "Try another search or filter." | X63: UC-FWK-02
A64: 47 | D64: Lọc theo tier | E64: Chọn Basic | F64: Medium | G64: Framework_047 | H64: Kiểm tra lọc requirement: Basic | I64: Đăng nhập account SGS Admin Có sẵn một framework Active có tier: [Framework Active có tier] | J64: 1. Mở màn Frameworks 2. Bấm tên một framework Active có tier 3. Bấm tab Requirements 4. Chọn Basic ở ô lọc tier | K64: - Hiển thị đúng data theo tier Basic | X64: UC-FWK-02
A65: 48 | E65: Chọn Medium | F65: Medium | G65: Framework_048 | H65: Kiểm tra lọc requirement: Medium | I65: Đăng nhập account SGS Admin Có sẵn một framework Active có tier: [Framework Active có tier] | J65: 1. Mở màn Frameworks 2. Bấm tên một framework Active có tier 3. Bấm tab Requirements 4. Chọn Medium ở ô lọc tier | K65: - Hiển thị đúng data theo tier Medium | X65: UC-FWK-02
A66: 49 | E66: Chọn High | F66: Medium | G66: Framework_049 | H66: Kiểm tra lọc requirement: High | I66: Đăng nhập account SGS Admin Có sẵn một framework Active có tier: [Framework Active có tier] | J66: 1. Mở màn Frameworks 2. Bấm tên một framework Active có tier 3. Bấm tab Requirements 4. Chọn High ở ô lọc tier | K66: - Hiển thị đúng data theo tier High | X66: UC-FWK-02
A67: 50 | E67: Chọn All tiers | F67: Medium | G67: Framework_050 | H67: Kiểm tra lọc requirement: All tiers | I67: Đăng nhập account SGS Admin Có sẵn một framework Active có tier: [Framework Active có tier] | J67: 1. Mở màn Frameworks 2. Bấm tên một framework Active có tier 3. Bấm tab Requirements 4. Chọn All tiers ở ô lọc tier | K67: - Hiển thị đúng toàn bộ data theo All tier | X67: UC-FWK-02
A68: 51 | D68: Giá trị tính toán: số đếm theo dimension | E68: Cộng số của 7 dimension bằng số Requirements (76) | F68: High | G68: Framework_051 | H68: Kiểm tra tổng số requirement của framework Appendix 10 · 2022 | I68: Đăng nhập account SGS Admin Có framework Appendix 10 · 2022 (Active) | J68: 1. Mở màn Frameworks 2. Bấm tên framework Appendix 10 · 2022 (Active) 3. Bấm tab Requirements 4. Cộng số của 7 dimension | K68: - Dimension lần lượt - Tổng bằng 76 - Bằng số Requirements ở tab Overview | W68: Không nên viết số từng loại mà nên viết rule hiển thị, tính toán của trường này | X68: UC-FWK-02
A69: 52 | E69: Cùng kiểm với framework có 79 requirement (bản Draft) | F69: Medium | G69: Framework_052 | H69: Kiểm tra tổng số requirement của bản Draft Appendix 10 amended | I69: Đăng nhập account SGS Admin Có framework Appendix 10 amended (Draft) | J69: 1. Mở màn Frameworks 2. Bấm tên framework Appendix 10 amended (Draft) 3. Bấm mục Requirements 4. Cộng số của 7 dimension | K69: - Số của 7 dimension lần lượt: 14, 14, 8, 11, 15, 7, 10 - Tổng bằng 79 - Bằng số requirement ở khối Requirements | W69: Không nên viết số từng loại mà nên viết rule hiển thị, tính toán của trường này | X69: UC-FWK-02
A70: 53 | B70: Nhập framework - Import framework | C70: Hộp thoại Import - Import dialog | D70: Mở hộp thoại | E70: Mở từ nút Import framework ở danh sách | F70: High | G70: Framework_053 | H70: Kiểm tra mở hộp thoại Import từ danh sách | I70: Đăng nhập account SGS Admin | J70: 1. Mở màn Frameworks 2. Bấm Import framework | K70: - Mở hộp thoại Import a framework | X70: UC-FWK-03
A71: 54 | E71: Mở từ mục "Import new version" ở chi tiết framework Active | F71: Medium | G71: Framework_054 | H71: Kiểm tra mở hộp thoại Import từ Import new version | I71: Đăng nhập account SGS Admin Có sẵn một framework Active: [Framework Active] | J71: 1. Mở màn Frameworks 2. Bấm tên một framework Active 3. Bấm nút ba chấm 4. Bấm Import new version | K71: - Mở hộp thoại Import a framework | X71: UC-FWK-03
A72: 55 | D72: Hiển thị nội dung | E72: Tiêu đề, bước 1 "Download the template and fill it in", bước 2 "Upload the completed file" | F72: High | G72: Framework_055 | H72: Kiểm tra bước 1 và bước 2 của hộp thoại Import | I72: Đăng nhập account SGS Admin | J72: 1. Mở màn Frameworks 2. Bấm Import framework 3. Kiểm tra nội dung hộp thoại | K72: - Tiêu đề: Import a framework - Bước 1: Download the template and fill it in, kèm đoạn mô tả và nút Download template (.xlsx) - Bước 2: Upload the completed file, kèm ô Framework file * | W72: Q-F-06: đoạn mô tả liệt kê sheet Tiers; file mẫu ver 1 không có sheet Tiers | X72: UC-FWK-03
A73: 56 | E73: Vùng kéo thả và dòng "Excel (.xlsx) · up to 20 MB · checked before anything is saved" | F73: Medium | G73: Framework_056 | H73: Kiểm tra vùng kéo thả file | I73: Đăng nhập account SGS Admin | J73: 1. Mở màn Frameworks 2. Bấm Import framework 3. Kiểm tra ô Framework file * | K73: - Dòng: Drag files here or browse. - Dòng: Excel (.xlsx) · up to 20 MB · checked before anything is saved | X73: UC-FWK-03
A74: 57 | E74: Nút Cancel và Check file khi chưa chọn file | F74: Medium | G74: Framework_057 | H74: Kiểm tra nút khi chưa chọn file | I74: Đăng nhập account SGS Admin | J74: 1. Mở màn Frameworks 2. Bấm Import framework 3. Kiểm tra các nút ở cuối hộp thoại | K74: - Có nút Cancel và nút Check file | W74: Q-F-14: nút Check file có bị khoá khi chưa chọn file không | X74: UC-FWK-03
A75: 58 | D75: Tải file mẫu | E75: Bấm Download template (.xlsx) trong hộp thoại | F75: Low | G75: Framework_058 | H75: Kiểm tra nút Download template (.xlsx) trong hộp thoại | I75: Đăng nhập account SGS Admin | J75: 1. Mở màn Frameworks 2. Bấm Import framework 3. Bấm Download template (.xlsx) | W75: Q-F-11: tên file tải về và nội dung chưa kiểm (không tải thật) | X75: [NGOÀI UC] Tải file mẫu: UC FWK-03 không nêu nút tải mẫu
A76: 59 | E76: Bấm Download template ở đầu danh sách | F76: Low | G76: Framework_059 | H76: Kiểm tra nút Download template ở đầu danh sách | I76: Đăng nhập account SGS Admin | J76: 1. Mở màn Frameworks 2. Bấm Download template | W76: Q-F-11: tên file tải về và nội dung chưa kiểm (không tải thật) | X76: [NGOÀI UC] Tải file mẫu: UC FWK-03 không nêu nút tải mẫu
A77: 60 | C77: Chọn file - File picker | D77: Hiển thị | E77: Chọn file .xlsx hợp lệ: thẻ file có tên, dung lượng, dấu tích, nút × | F77: High | G77: Framework_060 | H77: Kiểm tra chọn file .xlsx hợp lệ | I77: Đăng nhập account SGS Admin | J77: 1. Mở màn Frameworks 2. Bấm Import framework 3. Chọn file [file framework hợp lệ].xlsx | K77: - Hiển thị thẻ file gồm tên file, dung lượng, dấu tích và nút × | X77: UC-FWK-03
A78: 61 | E78: Bấm × để bỏ file đã chọn | F78: Medium | G78: Framework_061 | H78: Kiểm tra bỏ file đã chọn | I78: Đăng nhập account SGS Admin | J78: 1. Mở màn Frameworks 2. Bấm Import framework 3. Chọn file [file framework hợp lệ].xlsx 4. Bấm × trên thẻ file | K78: - Thẻ file biến mất, vùng kéo thả hiển thị lại | X78: UC-FWK-03
A79: 62 | D79: Không thành công | E79: Chọn file không phải .xlsx | F79: High | G79: Framework_062 | H79: Kiểm tra chọn file không phải .xlsx | I79: Đăng nhập account SGS Admin | J79: 1. Mở màn Frameworks 2. Bấm Import framework 3. Chọn file [file .pdf] | W79: Q-F-14: chưa có chữ báo lỗi cho file sai định dạng | X79: UC-FWK-03
A80: 63 | E80: Chọn file lớn hơn 20 MB | F80: High | G80: Framework_063 | H80: Kiểm tra chọn file lớn hơn 20 MB | I80: Đăng nhập account SGS Admin | J80: 1. Mở màn Frameworks 2. Bấm Import framework 3. Chọn file .xlsx lớn hơn 20 MB | W80: Q-F-14: chưa có chữ báo lỗi cho file quá dung lượng | X80: UC-FWK-03
A81: 64 | C81: Kiểm tra file - Check file | D81: Không thành công | E81: Mã cha không tồn tại (parent_requirement_code) | F81: High | G81: Framework_064 | H81: Kiểm tra lỗi mã cha không tồn tại | I81: Đăng nhập account SGS Admin | J81: 1. Mở màn Frameworks 2. Bấm Import framework 3. Chọn file [file có lỗi: parent_requirement_code là R.9.9, không có trong sheet Requirements] 4. Bấm Check file | K81: - Hiển thị bảng lỗi gồm các cột Sheet, Row, Column, Problem - Dòng lỗi: Requirements · <dòng> · parent_requirement_code · "R.9.9" does not exist in this sheet. | X81: UC-FWK-03
A82: 65 | E82: Mã requirement bị trùng (requirement_code) | F82: High | G82: Framework_065 | H82: Kiểm tra lỗi mã requirement bị trùng | I82: Đăng nhập account SGS Admin | J82: 1. Mở màn Frameworks 2. Bấm Import framework 3. Chọn file [file có lỗi: requirement_code R.9.4.2 xuất hiện hai lần] 4. Bấm Check file | K82: - Hiển thị bảng lỗi gồm các cột Sheet, Row, Column, Problem - Dòng lỗi: Requirements · <dòng> · requirement_code · "R.9.4.2" is used twice (rows <dòng 1> and <dòng 2>). | X82: UC-FWK-03
A83: 66 | E83: Expected evidence trỏ vào dòng nhóm (is_assessable = FALSE) | F83: High | G83: Framework_066 | H83: Kiểm tra lỗi expected evidence trỏ vào dòng nhóm | I83: Đăng nhập account SGS Admin | J83: 1. Mở màn Frameworks 2. Bấm Import framework 3. Chọn file [file có lỗi: Expected_Evidence trỏ vào R.4 là dòng nhóm (is_assessable = FALSE)] 4. Bấm Check file | K83: - Hiển thị bảng lỗi gồm các cột Sheet, Row, Column, Problem - Dòng lỗi: Expected_Evidence · <dòng> · requirement_code · "R.4" is a grouping row. Evidence must point to an assessable requirement. | X83: UC-FWK-03
A84: 67 | E84: Banner "<n> errors in <tên file>" và dòng "Nothing was imported" | F84: High | G84: Framework_067 | H84: Kiểm tra banner khi file có lỗi | I84: Đăng nhập account SGS Admin | J84: 1. Mở màn Frameworks 2. Bấm Import framework 3. Chọn file [file có lỗi: 3 lỗi trên, tên file bcm-2019.xlsx] 4. Bấm Check file | K84: - Banner: 3 errors in bcm-2019.xlsx - Dòng: Nothing was imported. Fix these rows in Excel and upload the file again. - Không có framework mới nào trong danh sách ở màn Frameworks | X84: UC-FWK-03
A85: 68 | E85: Tải file đã sửa ở ô "Corrected file" rồi Check file | F85: High | G85: Framework_068 | H85: Kiểm tra tải file đã sửa ở ô Corrected file | I85: Đăng nhập account SGS Admin | J85: 1. Mở màn Frameworks 2. Bấm Import framework 3. Chọn file [file có lỗi: 3 lỗi trên] 4. Bấm Check file 5. Chọn file đã sửa hết lỗi ở ô Corrected file 6. Bấm Check file | W85: Q-F-08: chưa bấm Check file nên chưa biết kết quả sau khi tải file đã sửa | X85: UC-FWK-03
A86: 69 | E86: Bấm Cancel khi đang có lỗi | F86: Medium | G86: Framework_069 | H86: Kiểm tra bấm Cancel khi đang có lỗi | I86: Đăng nhập account SGS Admin | J86: 1. Mở màn Frameworks 2. Bấm Import framework 3. Chọn file [file có lỗi: 3 lỗi trên] 4. Bấm Check file 5. Bấm Cancel | W86: Q-F-08: kết quả sau Cancel khi đang có lỗi chưa kiểm | X86: UC-FWK-03
A87: 70 | E87: Bấm × khi đang có lỗi | F87: Medium | G87: Framework_070 | H87: Kiểm tra bấm × khi đang có lỗi | I87: Đăng nhập account SGS Admin | J87: 1. Mở màn Frameworks 2. Bấm Import framework 3. Chọn file [file có lỗi: 3 lỗi trên] 4. Bấm Check file 5. Bấm × | W87: Q-F-08: kết quả sau × chưa kiểm | X87: UC-FWK-03
A88: 71 | E88: Bấm Esc khi đang có lỗi | F88: Medium | G88: Framework_071 | H88: Kiểm tra bấm Esc khi đang có lỗi | I88: Đăng nhập account SGS Admin | J88: 1. Mở màn Frameworks 2. Bấm Import framework 3. Chọn file [file có lỗi: 3 lỗi trên] 4. Bấm Check file 5. Bấm phím Esc | W88: Q-F-08: kết quả sau Esc chưa kiểm | X88: UC-FWK-03
A89: 72 | E89: Hai dòng ở sheet Framework | F89: Medium | G89: Framework_072 | H89: Kiểm tra lỗi: hai dòng ở sheet Framework | I89: Đăng nhập account SGS Admin | J89: 1. Mở màn Frameworks 2. Bấm Import framework 3. Chọn file [file có lỗi: sheet Framework có hai dòng] 4. Bấm Check file | W89: Q-F-14: chữ báo lỗi chưa có (sheet Validation_Rules của file mẫu chỉ nêu quy tắc, không nêu chữ hiển thị) | X89: UC-FWK-03
A90: 73 | E90: Thiếu framework_code, framework_name hoặc version | F90: Medium | G90: Framework_073 | H90: Kiểm tra lỗi: thiếu framework_code, framework_name hoặc version | I90: Đăng nhập account SGS Admin | J90: 1. Mở màn Frameworks 2. Bấm Import framework 3. Chọn file [file có lỗi: thiếu framework_code] 4. Bấm Check file | W90: Q-F-14: chữ báo lỗi chưa có (sheet Validation_Rules của file mẫu chỉ nêu quy tắc, không nêu chữ hiển thị) | X90: UC-FWK-03
A91: 74 | E91: Requirement tự là cha của chính nó | F91: Medium | G91: Framework_074 | H91: Kiểm tra lỗi: requirement tự là cha của chính nó | I91: Đăng nhập account SGS Admin | J91: 1. Mở màn Frameworks 2. Bấm Import framework 3. Chọn file [file có lỗi: parent_requirement_code trùng requirement_code của chính dòng đó] 4. Bấm Check file | W91: Q-F-14: chữ báo lỗi chưa có (sheet Validation_Rules của file mẫu chỉ nêu quy tắc, không nêu chữ hiển thị) | X91: UC-FWK-03
A92: 75 | E92: Cha con tạo vòng lặp | F92: Medium | G92: Framework_075 | H92: Kiểm tra lỗi: cha con tạo vòng lặp | I92: Đăng nhập account SGS Admin | J92: 1. Mở màn Frameworks 2. Bấm Import framework 3. Chọn file [file có lỗi: R.1 là cha của R.2 và R.2 là cha của R.1] 4. Bấm Check file | W92: Q-F-14: chữ báo lỗi chưa có (sheet Validation_Rules của file mẫu chỉ nêu quy tắc, không nêu chữ hiển thị) | X92: UC-FWK-03
A93: 76 | E93: is_assessable không phải TRUE hoặc FALSE | F93: Medium | G93: Framework_076 | H93: Kiểm tra lỗi: is_assessable không phải TRUE hoặc FALSE | I93: Đăng nhập account SGS Admin | J93: 1. Mở màn Frameworks 2. Bấm Import framework 3. Chọn file [file có lỗi: is_assessable là Maybe] 4. Bấm Check file | W93: Q-F-14: chữ báo lỗi chưa có (sheet Validation_Rules của file mẫu chỉ nêu quy tắc, không nêu chữ hiển thị) | X93: UC-FWK-03
A94: 77 | E94: Mã expected evidence bị trùng | F94: Medium | G94: Framework_077 | H94: Kiểm tra lỗi: mã expected evidence bị trùng | I94: Đăng nhập account SGS Admin | J94: 1. Mở màn Frameworks 2. Bấm Import framework 3. Chọn file [file có lỗi: hai dòng Expected_Evidence cùng mã] 4. Bấm Check file | W94: Q-F-14: chữ báo lỗi chưa có (sheet Validation_Rules của file mẫu chỉ nêu quy tắc, không nêu chữ hiển thị) | X94: UC-FWK-03
A95: 78 | E95: mandatory không phải TRUE hoặc FALSE | F95: Medium | G95: Framework_078 | H95: Kiểm tra lỗi: mandatory không phải TRUE hoặc FALSE | I95: Đăng nhập account SGS Admin | J95: 1. Mở màn Frameworks 2. Bấm Import framework 3. Chọn file [file có lỗi: mandatory là Maybe] 4. Bấm Check file | W95: Q-F-14: chữ báo lỗi chưa có (sheet Validation_Rules của file mẫu chỉ nêu quy tắc, không nêu chữ hiển thị) | X95: UC-FWK-03
A96: 79 | D96: Thành công | E96: Import file hợp lệ của framework mới (mã chưa có) | F96: High | G96: Framework_079 | H96: Kiểm tra import framework có mã chưa có | I96: Đăng nhập account SGS Admin | J96: 1. Mở màn Frameworks 2. Bấm Import framework 3. Chọn file [file hợp lệ, framework_code chưa có trong danh sách] 4. Bấm Check file | W96: Q-F-08: chưa bấm Check file; chưa biết màn đến sau Check file thành công. Q-F-04: có bảng tóm tắt thay đổi (added) hay không | X96: UC-FWK-03
A97: 80 | E97: Import file hợp lệ là phiên bản mới của mã đã có (Version khác) | F97: High | G97: Framework_080 | H97: Kiểm tra import phiên bản mới của mã đã có | I97: Đăng nhập account SGS Admin | J97: 1. Mở màn Frameworks 2. Bấm Import framework 3. Chọn file [file hợp lệ, framework_code đã có, Version khác] 4. Bấm Check file | W97: Q-F-04: UC nói cập nhật framework có sẵn và content_version phải tăng; Figma và hộp thoại nói thêm thành một bản riêng. Chưa rõ kết quả | X97: UC-FWK-03
A98: 81 | B98: Bản nháp - Draft preview | C98: Phần đầu - Header | D98: Hiển thị | E98: Tên, chip "Draft · not active", dòng "code · version · issuing body" | F98: High | G98: Framework_081 | H98: Kiểm tra tên và chip của Draft preview | I98: Đăng nhập account SGS Admin Có framework Draft Appendix 10 amended | J98: 1. Mở màn Frameworks 2. Bấm tên một framework Draft 3. Kiểm tra phần đầu trang | K98: - Tên: Security Baselines for ICT Systems (Appendix 10) - Chip: Draft · not active - Dòng: TW_ISRM_ANNEX10_EN · Appendix 10 per Article 11 – amended version · MODA | X98: UC-FWK-03
A99: 82 | E99: Nút Discard draft và Activate | F99: High | G99: Framework_082 | H99: Kiểm tra nút Discard draft và Activate | I99: Đăng nhập account SGS Admin Có sẵn một framework Draft: [Framework Draft] | J99: 1. Mở màn Frameworks 2. Bấm tên một framework Draft 3. Kiểm tra góc phải phần đầu trang | K99: - Có nút Discard draft và nút Activate | X99: UC-FWK-06
A100: 83 | C100: Nội dung bản nháp - Draft content | D100: Hiển thị | E100: Khối Framework: Code, Issued by, Version, Effective date "Not set", Description | F100: High | G100: Framework_083 | H100: Kiểm tra khối Framework của bản Draft | I100: Đăng nhập account SGS Admin Có framework Draft Appendix 10 amended | J100: 1. Mở màn Frameworks 2. Bấm tên framework Appendix 10 amended (Draft) 3. Kiểm tra khối 1 Framework | K100: - Ghi chú: From the Framework sheet - Code, Issued by: MODA, Version - Effective date: Not set - Description | X100: UC-FWK-02
A101: 84 | E101: Khối Tiers: Basic 44/44, Medium 17/61, High 18/79 | F101: High | G101: Framework_084 | H101: Kiểm tra khối Tiers của bản Draft | I101: Đăng nhập account SGS Admin Có framework Draft Appendix 10 amended | J101: 1. Mở màn Frameworks 2. Bấm tên framework Appendix 10 amended (Draft) 3. Kiểm tra khối 2 Tiers | K101: - Ghi chú: Higher tiers include every requirement of the tiers below - P Basic, Rank 1: New 44, Total 44 - M Medium, Rank 2: New 17, Total 61 - H High, Rank 3: New 18, Total 79 | W101: Chờ Hanna chọn cách ghi giá trị tính toán (FB-048, phương án A hoặc B) | X101: UC-FWK-02
A102: 85 | E102: Khối Requirements: "7 dimensions · 27 control measures · 79 requirements · 79 expected evidence items" | F102: High | G102: Framework_085 | H102: Kiểm tra khối Requirements của bản Draft | I102: Đăng nhập account SGS Admin Có framework Draft Appendix 10 amended | J102: 1. Mở màn Frameworks 2. Bấm tên framework Appendix 10 amended (Draft) 3. Kiểm tra khối 3 Requirements | K102: - 7 dimensions · 27 control measures · 79 requirements · 79 expected evidence items | X102: UC-FWK-02
A103: 86 | C103: Khung Import bên phải - Import panel | D103: Hiển thị | E103: File check passed và dòng "No errors. The draft is ready to activate." | F103: Medium | G103: Framework_086 | H103: Kiểm tra khung Import: File check passed | I103: Đăng nhập account SGS Admin Có sẵn một framework Draft: [Framework Draft] | J103: 1. Mở màn Frameworks 2. Bấm tên một framework Draft 3. Kiểm tra khung bên phải mục Import | K103: - File check passed - No errors. The draft is ready to activate. | W103: Q-F-07: khung After activation khác nhau giữa Figma và hệ thống (xem case kế) | X103: UC-FWK-03
A104: 87 | E104: Khung "After activation" | F104: Medium | G104: Framework_087 | H104: Kiểm tra khung After activation | I104: Đăng nhập account SGS Admin Có sẵn một framework Draft: [Framework Draft] | J104: 1. Mở màn Frameworks 2. Bấm tên một framework Draft 3. Kiểm tra khung After activation | W104: Q-F-07: Figma ghi SGS gán tier cho từng scope; hệ thống ghi khách chọn tier của scope. Chưa rõ bên nào đúng | X104: UC-FWK-06
...

Sheet Users
B3: Function Name | C3: USR-L0001_Quản lý người dùng | K3: Round | L3: Total | M3: Passed | N3: Failed | O3: Pending | P3: Blocked | Q3: NA | R3: Not execute
B4: Screen Name | C4: Users · Customer Portal, SGS Portal | K4: Round 1 | L4: =COUNTA($G$13:$G$74) -> 62 | M4: =COUNTIF($M$13:$M$74,M3) -> 0 | N4: =COUNTIF($M$13:$M$74,N3) -> 0 | O4: =COUNTIF($M$13:$M$74,O3) -> 0 | P4: =COUNTIF($M$13:$M$74,P3) -> 0 | Q4: =COUNTIF($M$13:$M$74,Q3) -> 0 | R4: =L4-SUM(M4:Q4) -> 62
B5: Creator | C5: AI (Claude) | M5: =M4/$L$4 -> 0 | N5: =N4/$L$4 -> 0 | O5: =O4/$L$4 -> 0 | P5: =P4/$L$4 -> 0 | Q5: =Q4/$L$4 -> 0 | R5: =R4/$L$4 -> 1
B6: Created date | C6: 05/10/2026 | K6: Round 2 | L6: =COUNTA($G$13:$G$74) -> 62 | M6: =COUNTIF($R$13:$R$74,M3) -> 0 | N6: =COUNTIF($R$13:$R$74,N3) -> 0 | O6: =COUNTIF($R$13:$R$74,O3) -> 0 | P6: =COUNTIF($R$13:$R$74,P3) -> 0 | Q6: =COUNTIF($R$13:$R$74,Q3) -> 0 | R6: =L6-SUM(M6:Q6) -> 62
B7: Reference | C7: UC List v4 (02/10/2026) · USR-01→05, ROL-01, ROL-02 · chưa có Figma trang 02 User & Profile Management: nhãn, bố cục chờ đối chiếu | M7: =M6/$L$6 -> 0 | N7: =N6/$L$6 -> 0 | O7: =O6/$L$6 -> 0 | P7: =P6/$L$6 -> 0 | Q7: =Q6/$L$6 -> 0 | R7: =R6/$L$6 -> 1
M10: Round 1 | R10: Round 2
B11: Classification | F11: Priority | G11: TVP_ID | H11: Test case name/ Test view point | I11: Pre-condition | J11: Step | K11: Expected result | L11: Dev test | M11: Result | N11: Test person | O11: Test date | P11: Bug_ID | Q11: Remark | R11: Result | S11: Test person | T11: Test date | U11: Bug_ID | V11: Remark | W11: Open question | X11: UC
A12: No. | B12: I | C12: II | D12: III | E12: IV
A13: 1 | B13: Điều hướng - Redirect | C13: Vào danh sách - User list | D13: Từ menu | E13: Customer Portal | F13: High | G13: TC_001 | H13: Kiểm tra vào danh sách người dùng từ menu ở Customer Portal | I13: Đăng nhập {{user.cust_admin}}, đang ở màn Home | J13: 1. Bấm Users ở mục Administration của menu trái | K13: - Mở danh sách người dùng của tenant A | W13: Tên mục menu lấy theo prototype của Scopes (Scopes Scope_123), chờ Figma trang 02 → Q-U-01 | X13: USR-01
A14: 2 | E14: SGS Portal | F14: High | G14: TC_002 | H14: Kiểm tra vào danh sách người dùng ở SGS Portal | I14: Đăng nhập {{user.sgs_admin}} ở SGS Portal | J14: 1. Mở mục quản lý người dùng ở menu | K14: - Mở danh sách người dùng trong phạm vi của {{user.sgs_admin}} | W14: Lối vào ở SGS Portal chờ Figma trang 02 → Q-U-01 | X14: USR-01
A15: 3 | C15: Vào chi tiết - User detail | D15: Từ danh sách | E15: Mở một người dùng | F15: High | G15: TC_003 | H15: Kiểm tra mở chi tiết người dùng từ danh sách | I15: Đăng nhập {{user.cust_admin}} | J15: 1. Mở danh sách người dùng 2. Mở {{user.cust_user}} trong danh sách | K15: - Mở chi tiết của {{user.cust_user}} | X15: USR-02
A16: 4 | B16: Danh sách người dùng - User list | C16: Phạm vi dữ liệu - Boundary | D16: Customer Admin | E16: Chỉ người dùng của tenant mình | F16: High | G16: TC_004 | H16: Kiểm tra danh sách người dùng của Customer Admin chỉ có tenant mình | I16: Đăng nhập {{user.cust_admin}} (tenant A); tenant B có {{user.tenantB_admin}} | J16: 1. Mở danh sách người dùng 2. Tìm {{user.cust_user}}, {{user.cust_viewer}}, {{user.tenantB_admin}}, {{user.sgs_admin}} | K16: - Có {{user.cust_admin}}, {{user.cust_user}}, {{user.cust_viewer}} - Không có {{user.tenantB_admin}}, không có người dùng SGS nào | X16: USR-01
A17: 5 | D17: SGS Admin | E17: Người dùng SGS và khách hàng cùng affiliate | F17: High | G17: TC_005 | H17: Kiểm tra danh sách người dùng của SGS Admin | I17: Đăng nhập {{user.sgs_admin}} ở SGS Portal; {{user.consultant}} và tenant A cùng affiliate với {{user.sgs_admin}}, tenant C khác affiliate | J17: 1. Mở danh sách người dùng 2. Tìm {{user.consultant}}, {{user.cust_user}}, {{user.cust_c}} | K17: - Có {{user.consultant}} và {{user.cust_user}} - Không có {{user.cust_c}} | W17: Người dùng SGS của affiliate khác có hiện không → Q-U-02 | X17: USR-01
A18: 6 | C18: Người được mời - Invited user | D18: Hiển thị | E18: Chưa kích hoạt | F18: Medium | G18: TC_006 | H18: Kiểm tra người được mời nhưng chưa kích hoạt trong danh sách | I18: Đăng nhập {{user.cust_admin}}; đã mời {{email.new}} với vai trò Customer User, chưa kích hoạt | J18: 1. Mở danh sách người dùng | K18: - Có dòng của {{email.new}}, vai trò Customer User | W18: Trạng thái chưa kích hoạt hiển thị thế nào → Q-U-03 | X18: USR-01
A19: 7 | B19: Chi tiết người dùng - User detail | C19: Nội dung - Content | D19: Customer User | E19: Hồ sơ, trạng thái, vai trò, scope | F19: High | G19: TC_007 | H19: Kiểm tra chi tiết của một Customer User | I19: Đăng nhập {{user.cust_admin}}; {{user.cust_user}} đã kích hoạt, được cấp {{scope.sys}}, không được cấp {{scope.org}} | J19: 1. Mở chi tiết {{user.cust_user}} | K19: - Có thông tin hồ sơ và trạng thái của {{user.cust_user}} - Vai trò: Customer User - Phần quyền theo scope có {{scope.sys}}, không có {{scope.org}} | W19: Các trường hồ sơ và giá trị trạng thái → Q-U-03 | X19: USR-02
A20: 8 | D20: Người được mời | E20: Chưa kích hoạt | F20: Medium | G20: TC_008 | H20: Kiểm tra chi tiết của người được mời nhưng chưa kích hoạt | I20: Đăng nhập {{user.cust_admin}}; đã mời {{email.new}}, chưa kích hoạt | J20: 1. Mở chi tiết {{email.new}} | W20: Trạng thái và thao tác với lời mời đang chờ hiển thị thế nào → Q-U-03 | X20: USR-02
A21: 9 | B21: Mời người dùng - Invite user | C21: Vai trò được chọn - Role options | D21: Customer Admin | E21: Chỉ vai trò khách hàng | F21: High | G21: TC_009 | H21: Kiểm tra các vai trò được chọn khi Customer Admin mời | I21: Đăng nhập {{user.cust_admin}} | J21: 1. Mở danh sách người dùng 2. Mở form mời người dùng 3. Mở danh sách vai trò | K21: - Chỉ có Customer Admin, Customer User, Customer Viewer - Không có SGS Admin, SGS Consultant | X21: USR-03
A22: 10 | D22: SGS Admin | E22: Chỉ vai trò SGS | F22: High | G22: TC_010 | H22: Kiểm tra các vai trò được chọn khi SGS Admin mời | I22: Đăng nhập {{user.sgs_admin}} ở SGS Portal | J22: 1. Mở danh sách người dùng 2. Mở form mời người dùng 3. Mở danh sách vai trò | K22: - Chỉ có SGS Admin, SGS Consultant - Không có vai trò của khách hàng | X22: USR-03
A23: 11 | C23: Gửi lời mời - Send invitation | D23: Thành công | E23: Customer User — danh sách | F23: High | G23: TC_011 | H23: Kiểm tra mời Customer User | I23: Đăng nhập {{user.cust_admin}} | J23: 1. Mở danh sách người dùng 2. Mở form mời người dùng 3. Nhập email {{email.new}}, chọn vai trò Customer User 4. Gửi lời mời | K23: - Danh sách có {{email.new}}, vai trò Customer User | X23: USR-03
A24: 12 | E24: Customer User — email mời | F24: High | G24: TC_012 | H24: Kiểm tra email mời gửi tới người được mời | I24: Chưa đăng nhập; {{user.cust_admin}} đã mời {{email.new}} với vai trò Customer User | J24: 1. Mở hộp thư của {{email.new}} | K24: - Có email mời, trong email có link kích hoạt tài khoản | W24: Tiêu đề, nội dung email chờ mẫu email → Q-U-04 | X24: NTF-03
A25: 13 | E25: Customer User — kích hoạt rồi đăng nhập | F25: High | G25: TC_013 | H25: Kiểm tra người được mời kích hoạt rồi đăng nhập | I25: Chưa đăng nhập; {{user.cust_admin}} đã mời {{email.new}} với vai trò Customer User | J25: 1. Mở link kích hoạt trong email mời 2. Đặt mật khẩu, hoàn tất kích hoạt 3. Đăng nhập bằng {{email.new}} | K25: - Đăng nhập được vào Customer Portal của tenant A - Menu không có mục Users | X25: AUTH-03
A26: 14 | E26: Customer User — trạng thái sau kích hoạt | F26: Medium | G26: TC_014 | H26: Kiểm tra trạng thái người dùng sau khi kích hoạt | I26: Đăng nhập {{user.cust_admin}}; {{email.new}} vừa kích hoạt tài khoản | J26: 1. Mở danh sách người dùng 2. Mở chi tiết {{email.new}} | W26: Trạng thái đổi từ giá trị nào sang giá trị nào → Q-U-03 | X26: USR-02
A27: 15 | E27: Customer Viewer | F27: Medium | G27: TC_015 | H27: Kiểm tra mời Customer Viewer | I27: Đăng nhập {{user.cust_admin}} | J27: 1. Mở danh sách người dùng 2. Mời {{email.new_viewer}} với vai trò Customer Viewer | K27: - Danh sách có {{email.new_viewer}}, vai trò Customer Viewer | X27: USR-03
A28: 16 | E28: Customer Admin | F28: Medium | G28: TC_016 | H28: Kiểm tra mời Customer Admin | I28: Đăng nhập {{user.cust_admin}} | J28: 1. Mở danh sách người dùng 2. Mời {{email.new_admin}} với vai trò Customer Admin | K28: - Danh sách có {{email.new_admin}}, vai trò Customer Admin | X28: USR-03
A29: 17 | E29: SGS Consultant | F29: High | G29: TC_017 | H29: Kiểm tra SGS Admin mời SGS Consultant | I29: Đăng nhập {{user.sgs_admin}} ở SGS Portal | J29: 1. Mở danh sách người dùng 2. Mở form mời người dùng 3. Nhập email {{email.new_sgs}}, chọn vai trò SGS Consultant 4. Gửi lời mời | K29: - Danh sách có {{email.new_sgs}}, vai trò SGS Consultant | X29: USR-03
A30: 18 | D30: Không thành công | E30: Bỏ trống email | F30: Medium | G30: TC_018 | H30: Kiểm tra gửi lời mời khi bỏ trống email | I30: Đăng nhập {{user.cust_admin}} | J30: 1. Mở form mời người dùng 2. Để trống email, chọn vai trò Customer User 3. Gửi lời mời | K30: - Không gửi lời mời, danh sách không đổi | W30: Text thông báo → Q-U-04 | X30: USR-03
A31: 19 | E31: Email sai định dạng | F31: Medium | G31: TC_019 | H31: Kiểm tra gửi lời mời khi email sai định dạng | I31: Đăng nhập {{user.cust_admin}} | J31: 1. Mở form mời người dùng 2. Nhập email {{email.invalid}}, chọn vai trò Customer User 3. Gửi lời mời | K31: - Không gửi lời mời, danh sách không đổi | W31: Text thông báo → Q-U-04 | X31: USR-03
A32: 20 | E32: Chưa chọn vai trò | F32: Medium | G32: TC_020 | H32: Kiểm tra gửi lời mời khi chưa chọn vai trò | I32: Đăng nhập {{user.cust_admin}} | J32: 1. Mở form mời người dùng 2. Nhập email {{email.new}}, không chọn vai trò 3. Gửi lời mời | K32: - Không gửi lời mời, danh sách không đổi | W32: Text thông báo → Q-U-04 | X32: USR-03
A33: 21 | E33: Email đã là người dùng của tenant | F33: High | G33: TC_021 | H33: Kiểm tra mời một email đã là người dùng của tenant | I33: Đăng nhập {{user.cust_admin}} | J33: 1. Mở form mời người dùng 2. Nhập email của {{user.cust_user}}, chọn vai trò Customer Viewer 3. Gửi lời mời | W33: Xử lý email trùng → Q-U-05 | X33: USR-03
A34: 22 | E34: Email đang chờ kích hoạt | F34: Medium | G34: TC_022 | H34: Kiểm tra mời lại một email đang chờ kích hoạt | I34: Đăng nhập {{user.cust_admin}}; đã mời {{email.new}}, chưa kích hoạt | J34: 1. Mời {{email.new}} thêm một lần | W34: Xử lý email trùng → Q-U-05 | X34: USR-03
A35: 23 | E35: Email thuộc tenant khác | F35: Medium | G35: TC_023 | H35: Kiểm tra mời email đang là người dùng của tenant khác | I35: Đăng nhập {{user.cust_admin}} | J35: 1. Mở form mời người dùng 2. Nhập email của {{user.tenantB_admin}}, chọn vai trò Customer User 3. Gửi lời mời | W35: Xử lý email trùng → Q-U-05 | X35: USR-03
A36: 24 | E36: Đóng form không gửi | F36: Low | G36: TC_024 | H36: Kiểm tra đóng form mời mà không gửi | I36: Đăng nhập {{user.cust_admin}} | J36: 1. Mở form mời người dùng 2. Nhập email {{email.new}}, chọn vai trò Customer User 3. Đóng form, không gửi | K36: - Không gửi lời mời, danh sách không đổi | X36: USR-03
A37: 25 | C37: Lời mời đang chờ - Pending invitation | D37: Gửi lại | E37: Email mời mới | F37: High | G37: TC_025 | H37: Kiểm tra gửi lại lời mời | I37: Đăng nhập {{user.cust_admin}}; đã mời {{email.new}}, chưa kích hoạt | J37: 1. Gửi lại lời mời cho {{email.new}} | K37: - {{email.new}} nhận thêm một email mời có link kích hoạt | X37: USR-03
A38: 26 | E38: Link trong email cũ | F38: Medium | G38: TC_026 | H38: Kiểm tra link của email mời cũ sau khi gửi lại | I38: Chưa đăng nhập; {{user.cust_admin}} đã gửi lại lời mời cho {{email.new}} | J38: 1. Mở link kích hoạt trong email mời cũ | W38: Link cũ còn dùng được không, hạn của link → Q-U-06 | X38: USR-03
A39: 27 | D39: Thu hồi | E39: Danh sách sau khi thu hồi | F39: High | G39: TC_027 | H39: Kiểm tra thu hồi lời mời | I39: Đăng nhập {{user.cust_admin}}; đã mời {{email.new}}, chưa kích hoạt | J39: 1. Thu hồi lời mời của {{email.new}} 2. Xem danh sách người dùng | W39: Người bị thu hồi còn trong danh sách không → Q-U-07 | X39: USR-03
A40: 28 | E40: Mở link của lời mời đã thu hồi | F40: High | G40: TC_028 | H40: Kiểm tra kích hoạt bằng link của lời mời đã thu hồi | I40: Chưa đăng nhập; {{user.cust_admin}} đã thu hồi lời mời của {{email.new}} | J40: 1. Mở link kích hoạt trong email mời 2. Thử hoàn tất kích hoạt 3. Thử đăng nhập bằng {{email.new}} | K40: - Không kích hoạt được tài khoản - Không đăng nhập được bằng {{email.new}} | W40: Màn hình hiện gì → Q-U-07 | X40: USR-03
A41: 29 | B41: Đổi vai trò - Change role | C41: Đổi vai trò - Change role | D41: Thành công | E41: Customer User → Customer Admin | F41: High | G41: TC_029 | H41: Kiểm tra đổi Customer User thành Customer Admin | I41: Đăng nhập {{user.cust_admin}} | J41: 1. Mở chi tiết {{user.cust_user}} 2. Đổi vai trò thành Customer Admin 3. Lưu | K41: - Chi tiết và danh sách hiện vai trò Customer Admin cho {{user.cust_user}} | X41: USR-04
A42: 30 | E42: Quyền mới sau khi đăng nhập lại | F42: High | G42: TC_030 | H42: Kiểm tra quyền của người vừa được đổi thành Customer Admin | I42: Chưa đăng nhập; {{user.cust_admin}} vừa đổi {{user.cust_user}} thành Customer Admin | J42: 1. Đăng nhập {{user.cust_user}} 2. Mở Users ở mục Administration 3. Mở màn Scopes | K42: - Bước 2 mở được danh sách người dùng của tenant A - Bước 3 thấy mọi scope của tenant A, kể cả {{scope.org}} | X42: USR-04
A43: 31 | E43: Phiên đang mở của người bị đổi | F43: Medium | G43: TC_031 | H43: Kiểm tra quyền mới với phiên đang mở của người bị đổi vai trò | I43: Đăng nhập {{user.cust_user}} ở trình duyệt thứ nhất; {{user.cust_admin}} đổi {{user.cust_user}} thành Customer Viewer ở trình duyệt thứ hai | J43: 1. Ở trình duyệt thứ nhất, tải lại trang 2. Thao tác trên scope {{scope.sys}} | W43: Đổi vai trò có hiệu lực ngay hay từ lần đăng nhập sau → Q-U-08 | X43: USR-04
A44: 32 | E44: Hạ một Customer Admin khi còn admin khác | F44: High | G44: TC_032 | H44: Kiểm tra hạ vai trò một Customer Admin khi tenant còn Customer Admin khác | I44: Đăng nhập {{user.cust_admin}}; tenant A có thêm {{user.cust_admin_2}} | J44: 1. Mở chi tiết {{user.cust_admin_2}} 2. Đổi vai trò thành Customer User, lưu | K44: - {{user.cust_admin_2}} hiện vai trò Customer User - Tenant A vẫn có {{user.cust_admin}} là Customer Admin | X44: USR-04
A45: 33 | E45: SGS Consultant → SGS Admin | F45: Medium | G45: TC_033 | H45: Kiểm tra SGS Admin đổi vai trò của SGS Consultant | I45: Đăng nhập {{user.sgs_admin}} ở SGS Portal | J45: 1. Mở chi tiết {{user.consultant}} 2. Đổi vai trò thành SGS Admin, lưu | K45: - {{user.consultant}} hiện vai trò SGS Admin | X45: USR-04
A46: 34 | D46: Không thành công | E46: Customer Admin cuối cùng | F46: High | G46: TC_034 | H46: Kiểm tra không đổi được vai trò của Customer Admin cuối cùng | I46: Đăng nhập {{user.cust_admin}}; tenant A chỉ có {{user.cust_admin}} là Customer Admin | J46: 1. Mở chi tiết {{user.cust_admin}} 2. Đổi vai trò thành Customer User, lưu | K46: - Vai trò không đổi, tenant A vẫn có {{user.cust_admin}} là Customer Admin | W46: Chặn ở bước nào, text thông báo → Q-U-04; tự đổi vai trò của mình → Q-U-09 | X46: USR-04
A47: 35 | E47: Đóng mà không lưu | F47: Low | G47: TC_035 | H47: Kiểm tra đổi vai trò rồi đóng mà không lưu | I47: Đăng nhập {{user.cust_admin}} | J47: 1. Mở chi tiết {{user.cust_user}} 2. Chọn vai trò Customer Viewer 3. Đóng, không lưu | K47: - Vai trò của {{user.cust_user}} vẫn là Customer User | X47: USR-04
A48: 36 | D48: Tự đổi vai trò | E48: Còn Customer Admin khác | F48: Medium | G48: TC_036 | H48: Kiểm tra Customer Admin tự đổi vai trò của mình khi còn admin khác | I48: Đăng nhập {{user.cust_admin}}; tenant A có thêm {{user.cust_admin_2}} | J48: 1. Mở chi tiết {{user.cust_admin}} 2. Đổi vai trò thành Customer User, lưu | W48: Có cho tự đổi vai trò không → Q-U-09 | X48: USR-04
A49: 37 | D49: SGS Admin với người dùng khách | E49: Người dùng của tenant A | F49: High | G49: TC_037 | H49: Kiểm tra SGS Admin đổi vai trò người dùng của khách hàng | I49: Đăng nhập {{user.sgs_admin}} ở SGS Portal; tenant A cùng affiliate | J49: 1. Mở chi tiết {{user.cust_user}} 2. Tìm thao tác đổi vai trò | W49: SGS Admin có mời, đổi vai trò người dùng khách không → Q-U-10 | X49: USR-04
A50: 38 | B50: Quyền theo scope - Scope access | C50: Cấp quyền - Grant | D50: Thành công | E50: Từ chi tiết người dùng | F50: High | G50: TC_038 | H50: Kiểm tra cấp scope cho Customer User từ chi tiết người dùng | I50: Đăng nhập {{user.cust_admin}}; {{user.cust_user}} đang có {{scope.sys}} | J50: 1. Mở chi tiết {{user.cust_user}} 2. Cấp thêm {{scope.org}}, lưu | K50: - Phần quyền theo scope có {{scope.org}} và {{scope.sys}} | X50: USR-05
A51: 39 | E51: Người được cấp thấy scope | F51: High | G51: TC_039 | H51: Kiểm tra người vừa được cấp thấy scope | I51: Chưa đăng nhập; {{user.cust_admin}} vừa cấp {{scope.org}} cho {{user.cust_user}} | J51: 1. Đăng nhập {{user.cust_user}} 2. Mở màn Scopes | K51: - Danh sách có {{scope.org}} và {{scope.sys}} | X51: USR-05
A52: 40 | E52: Người được cấp thấy workspace | F52: Medium | G52: TC_040 | H52: Kiểm tra người vừa được cấp thấy workspace của scope | I52: Chưa đăng nhập; {{user.cust_admin}} vừa cấp {{scope.org}} cho {{user.cust_user}}; {{scope.org}} có {{wsp.org}} | J52: 1. Đăng nhập {{user.cust_user}} 2. Mở danh sách workspace | K52: - Danh sách có {{wsp.org}} | X52: USR-05
A53: 41 | E53: Khối Users ở chi tiết scope | F53: Medium | G53: TC_041 | H53: Kiểm tra người vừa được cấp hiện ở khối Users của scope | I53: Đăng nhập {{user.cust_admin}}; vừa cấp {{scope.org}} cho {{user.cust_user}} | J53: 1. Mở chi tiết {{scope.org}} 2. Xem khối Users | K53: - Có dòng {{user.cust_user}}, Role Customer User, Given là ngày hôm nay | X53: USR-05
A54: 42 | E54: Cấp cho người chưa kích hoạt | F54: Medium | G54: TC_042 | H54: Kiểm tra người được cấp scope khi chưa kích hoạt | I54: Đăng nhập {{user.cust_admin}}; đã mời {{email.new}} với vai trò Customer User, chưa kích hoạt | J54: 1. Cấp {{scope.org}} cho {{email.new}} 2. {{email.new}} kích hoạt tài khoản rồi đăng nhập 3. Mở màn Scopes | K54: - Sau khi kích hoạt, danh sách có {{scope.org}} | X54: USR-05
A55: 43 | D55: Không thành công | E55: Đóng mà không lưu | F55: Low | G55: TC_043 | H55: Kiểm tra chọn scope rồi đóng mà không lưu | I55: Đăng nhập {{user.cust_admin}} | J55: 1. Mở chi tiết {{user.cust_user}} 2. Chọn thêm {{scope.org}} 3. Đóng, không lưu | K55: - Phần quyền theo scope vẫn chỉ có {{scope.sys}} | X55: USR-05
A56: 44 | C56: Gỡ quyền - Remove | D56: Thành công | E56: Từ chi tiết người dùng | F56: High | G56: TC_044 | H56: Kiểm tra gỡ scope của Customer User | I56: Đăng nhập {{user.cust_admin}}; {{user.cust_user}} đang có {{scope.sys}} | J56: 1. Mở chi tiết {{user.cust_user}} 2. Gỡ {{scope.sys}}, lưu | K56: - Phần quyền theo scope không còn {{scope.sys}} | W56: Có hỏi xác nhận khi gỡ không → Q-S-23 | X56: USR-05
A57: 45 | E57: Người bị gỡ không còn thấy scope | F57: High | G57: TC_045 | H57: Kiểm tra người bị gỡ không còn thấy scope | I57: Chưa đăng nhập; {{user.cust_admin}} vừa gỡ {{scope.sys}} của {{user.cust_user}} | J57: 1. Đăng nhập {{user.cust_user}} 2. Mở màn Scopes 3. Mở {{url.app}}/scopes/<mã của {{scope.sys}}> | K57: - Danh sách không có {{scope.sys}} - Bước 3 không hiển thị nội dung của {{scope.sys}} | W57: Bước 3 hiện trang gì → Q-S-26 | X57: USR-05
A58: 46 | E58: Người bị gỡ không còn thấy workspace | F58: Medium | G58: TC_046 | H58: Kiểm tra người bị gỡ không còn thấy workspace của scope | I58: Chưa đăng nhập; {{user.cust_admin}} vừa gỡ {{scope.sys}} của {{user.cust_user}}; {{scope.sys}} có {{wsp.sys}} | J58: 1. Đăng nhập {{user.cust_user}} 2. Mở danh sách workspace | K58: - Danh sách không có {{wsp.sys}} | X58: USR-05
A59: 47 | D59: Không thành công | E59: Đóng mà không lưu | F59: Low | G59: TC_047 | H59: Kiểm tra bỏ chọn scope rồi đóng mà không lưu | I59: Đăng nhập {{user.cust_admin}}; {{user.cust_user}} đang có {{scope.sys}} | J59: 1. Mở chi tiết {{user.cust_user}} 2. Bỏ chọn {{scope.sys}} 3. Đóng, không lưu | K59: - Phần quyền theo scope vẫn có {{scope.sys}} | X59: USR-05
A60: 48 | C60: Đối tượng được cấp - Who can be granted | D60: Customer Admin | E60: Không cần cấp scope | F60: Medium | G60: TC_048 | H60: Kiểm tra quyền theo scope của Customer Admin | I60: Đăng nhập {{user.cust_admin}}; tenant A có thêm {{user.cust_admin_2}} | J60: 1. Mở chi tiết {{user.cust_admin_2}} | K60: - Không có thao tác cấp quyền theo scope cho {{user.cust_admin_2}} | X60: USR-05
A61: 49 | D61: Customer Viewer | E61: Cấp scope cho Customer Viewer | F61: Medium | G61: TC_049 | H61: Kiểm tra cấp quyền theo scope cho Customer Viewer | I61: Đăng nhập {{user.cust_admin}} | J61: 1. Mở chi tiết {{user.cust_viewer}} 2. Tìm thao tác cấp quyền theo scope | W61: USR-05 chỉ nói Customer User → Q-S-24 | X61: USR-05
A62: 50 | B62: Ma trận quyền - Role permissions | C62: Xem ma trận - View | D62: Customer Admin | E62: Mở ma trận quyền | F62: Medium | G62: TC_050 | H62: Kiểm tra Customer Admin xem ma trận quyền | I62: Đăng nhập {{user.cust_admin}} | J62: 1. Mở ma trận quyền của các vai trò | K62: - Hiển thị quyền của từng vai trò định sẵn - Chỉ xem: không có thao tác thêm, sửa, xoá vai trò hay quyền | W62: Lối vào và các vai trò được hiển thị → Q-U-11 | X62: ROL-02
A63: 51 | D63: SGS Admin | E63: Mở ma trận quyền | F63: Medium | G63: TC_051 | H63: Kiểm tra SGS Admin xem ma trận quyền | I63: Đăng nhập {{user.sgs_admin}} ở SGS Portal | J63: 1. Mở ma trận quyền của các vai trò | K63: - Hiển thị quyền của từng vai trò định sẵn - Chỉ xem: không có thao tác thêm, sửa, xoá vai trò hay quyền | W63: Lối vào và các vai trò được hiển thị → Q-U-11 | X63: ROL-02
A64: 52 | B64: Phân quyền - Permission | C64: Customer User | D64: Menu | E64: Không có Users | F64: High | G64: TC_052 | H64: Kiểm tra menu của Customer User không có Users | I64: Đăng nhập {{user.cust_user}} | J64: 1. Xem menu trái | K64: - Không có mục Users | X64: USR-01
A65: 53 | D65: URL | E65: Mở trang người dùng bằng URL | F65: High | G65: TC_053 | H65: Kiểm tra Customer User mở danh sách người dùng bằng URL | I65: Đăng nhập {{user.cust_user}} | J65: 1. Mở {{url.users}} | K65: - Không hiển thị danh sách người dùng | W65: Hiện trang gì → Q-S-26; địa chỉ trang → Q-U-01 | X65: ROL-01
A66: 54 | D66: API | E66: Mời, đổi vai trò, cấp scope | F66: High | G66: TC_054 | H66: Kiểm tra Customer User gọi API quản lý người dùng | I66: Đăng nhập {{user.cust_user}} | J66: 1. Gọi API mời người dùng 2. Gọi API đổi vai trò của {{user.cust_viewer}} 3. Gọi API cấp {{scope.org}} cho chính mình | K66: - Cả ba bị từ chối (403), dữ liệu không đổi | X66: ROL-01
A67: 55 | C67: Customer Viewer | D67: Menu và API | E67: Không có Users, API bị từ chối | F67: High | G67: TC_055 | H67: Kiểm tra Customer Viewer với quản lý người dùng | I67: Đăng nhập {{user.cust_viewer}} | J67: 1. Xem menu trái 2. Gọi API danh sách người dùng và API mời người dùng | K67: - Không có mục Users - Cả hai API bị từ chối (403) | X67: ROL-01
A68: 56 | C68: Vai trò SGS - SGS roles | D68: SGS Consultant | E68: Không có quản lý người dùng | F68: High | G68: TC_056 | H68: Kiểm tra SGS Consultant với quản lý người dùng | I68: Đăng nhập {{user.consultant}} ở SGS Portal | J68: 1. Xem menu 2. Gọi API danh sách người dùng và API mời người dùng | K68: - Không có mục quản lý người dùng - Cả hai API bị từ chối (403) | X68: ROL-01
A69: 57 | B69: Bảo mật - Security | C69: Cách ly tenant - Tenant isolation | D69: URL | E69: Chi tiết người dùng của tenant khác | F69: High | G69: TC_057 | H69: Kiểm tra mở chi tiết người dùng của tenant khác bằng URL | I69: Đăng nhập {{user.tenantB_admin}} | J69: 1. Mở {{url.users}}/<mã của {{user.cust_user}}> | K69: - Không hiển thị dữ liệu của {{user.cust_user}}, giống như người dùng không tồn tại | W69: Hiện trang gì → Q-S-26 | X69: ROL-01
A70: 58 | D70: API | E70: Đổi vai trò người dùng của tenant khác | F70: High | G70: TC_058 | H70: Kiểm tra gọi API đổi vai trò người dùng của tenant khác | I70: Đăng nhập {{user.tenantB_admin}} | J70: 1. Gọi API đổi vai trò của {{user.cust_user}} thành Customer Admin | K70: - Trả 404 như người dùng không tồn tại - Vai trò của {{user.cust_user}} không đổi | X70: ROL-01
A71: 59 | E71: Cấp scope của tenant khác | F71: High | G71: TC_059 | H71: Kiểm tra cấp scope của tenant khác cho người dùng của mình | I71: Đăng nhập {{user.cust_admin}} | J71: 1. Gọi API cấp {{scope.b}} của tenant B cho {{user.cust_user}} | K71: - Trả 404 như scope không tồn tại - Quyền theo scope của {{user.cust_user}} không đổi | X71: ROL-01
A72: 60 | C72: Phạm vi affiliate - Affiliate boundary | D72: API | E72: Người dùng của khách khác affiliate | F72: High | G72: TC_060 | H72: Kiểm tra SGS Admin xem người dùng của khách hàng khác affiliate | I72: Đăng nhập {{user.sgs_admin}} ở SGS Portal; tenant C khác affiliate | J72: 1. Gọi API chi tiết {{user.cust_c}} | K72: - Không trả dữ liệu của {{user.cust_c}} | X72: ROL-01
A73: 61 | C73: Dữ liệu nhập - Input | D73: Mã độc | E73: Email chứa thẻ script | F73: Medium | G73: TC_061 | H73: Kiểm tra mời với email chứa mã độc | I73: Đăng nhập {{user.cust_admin}} | J73: 1. Mở form mời người dùng 2. Nhập {{text.xss}} vào ô email, chọn vai trò Customer User 3. Gửi lời mời | K73: - Không gửi lời mời - Không có hộp thoại hay đoạn mã nào được chạy | X73: USR-03
A74: 62 | C74: Ghi vết - Audit log | D74: Thao tác ghi | E74: Mời, đổi vai trò, cấp và gỡ scope | F74: Medium | G74: TC_062 | H74: Kiểm tra ghi audit cho thao tác quản lý người dùng | I74: Đăng nhập {{user.cust_admin}} | J74: 1. Mời người dùng, đổi vai trò, cấp rồi gỡ scope 2. Mở nhật ký hoạt động của tổ chức | W74: Các thao tác này có phải ghi audit không → Q-U-12 | X74: AUD-01

Sheet Profile
B3: Function Name | C3: PRF-L0001_Ngôn ngữ hiển thị | K3: Round | L3: Total | M3: Passed | N3: Failed | O3: Pending | P3: Blocked | Q3: NA | R3: Not execute
B4: Screen Name | C4: Profile (tên tạm) · Customer Portal, SGS Portal | K4: Round 1 | L4: =COUNTA($G$13:$G$25) -> 13 | M4: =COUNTIF($M$13:$M$25,M3) -> 0 | N4: =COUNTIF($M$13:$M$25,N3) -> 0 | O4: =COUNTIF($M$13:$M$25,O3) -> 0 | P4: =COUNTIF($M$13:$M$25,P3) -> 0 | Q4: =COUNTIF($M$13:$M$25,Q3) -> 0 | R4: =L4-SUM(M4:Q4) -> 13
B5: Creator | C5: AI (Claude) | M5: =M4/$L$4 -> 0 | N5: =N4/$L$4 -> 0 | O5: =O4/$L$4 -> 0 | P5: =P4/$L$4 -> 0 | Q5: =Q4/$L$4 -> 0 | R5: =R4/$L$4 -> 1
