Workbook

Sheet Cover
C2: TEST CASE
B3: Project Name | C3: DTP | F3: Creator
B4: Project Code | F4: Reviewer/Approver
B5: Document Code | F5: Issue Date
F6: Version | G6: Version 1.3
B7: Purpose of document
B8: Test environment
B9: Record of change
B10: Effective Date | C10: Version | D10: Change Item | E10: *A,D,M | F10: Change description | G10: Reference
B11: 01/10/2026 | C11: 1.0 | D11: Login, Scopes | E11: A | F11: Tạo mới | G11: UC List v2.1, Figma
B12: 02/10/2026 | C12: 1.1 | D12: Tất cả sheet | E12: M | F12: Một màu, một phông | G12: FB-016, FB-019
B13: 02/10/2026 | C13: 1.1 | D13: Login | E13: M | F13: Sửa vùng đếm tổng kết | G13: FB-019
B14: 05/10/2026 | C14: 1.2 | D14: Users, Profile, Cần xác nhận | E14: A | F14: Tạo mới từ UC List v4; nhãn, bố cục chờ Figma trang 02 | G14: UC List v4
B15: 06/10/2026 | C15: 1.3 | D15: Scopes, Login, Users | E15: M | F15: Pre-condition chỉ ghi trạng thái trước khi vào màn đang test, mở màn là Step 1; đổi Name sang giá trị cụ thể ở các case tạo scope | G15: FB-040
B16: 06/10/2026 | C16: 1.3 | D16: Scopes | E16: A | F16: Thêm Scope_130–132; viết lại Scope_021, 022, 025, 026 kiểm tra đủ Type, Name, In scope, Out of scope; thêm Q-S-28 | G16: FB-041
B25: Annotation:
B26: A: Add
B27: D: Delete
B28: M: Modify

Sheet Test_Report
E2: Test Round 1 | N2: Test Round 2 (After fixed bug)
B3: Sheet name | C3: Classification I | D3: Classification II | E3: Executed rate | F3: Executed | G3: Total | H3: Passed | I3: Failed | J3: Pending | K3: Blocked | L3: NA | M3: Not execute | N3: Executed rate | O3: Executed | P3: Total | Q3: Passed | R3: Failed | S3: Pending | T3: Blocked | U3: NA | V3: Not execute
B4: Login | C4: Đăng nhập - Login | D4: Điều hướng - Redirect | E4: =F4/G4 -> 0 | F4: =SUM(H4:L4) -> 0 | G4: =SUM(H4:M4) -> 3 | H4: =COUNTIF(Login!$M$13:$M$15,H$3) -> 0 | I4: =COUNTIF(Login!$M$13:$M$15,I$3) -> 0 | J4: =COUNTIF(Login!$M$13:$M$15,J$3) -> 0 | K4: =COUNTIF(Login!$M$13:$M$15,K$3) -> 0 | L4: =COUNTIF(Login!$M$13:$M$15,L$3) -> 0 | M4: =COUNTA(Login!$G$13:$G$15)-SUM(H4:L4) -> 3 | N4: =O4/P4 -> 0 | O4: =SUM(Q4:U4) -> 0 | P4: =SUM(Q4:V4) -> 3 | Q4: =COUNTIF(Login!$R$13:$R$15,Q$3) -> 0 | R4: =COUNTIF(Login!$R$13:$R$15,R$3) -> 0 | S4: =COUNTIF(Login!$R$13:$R$15,S$3) -> 0 | T4: =COUNTIF(Login!$R$13:$R$15,T$3) -> 0 | U4: =COUNTIF(Login!$R$13:$R$15,U$3) -> 0 | V4: =COUNTA(Login!$G$13:$G$15)-SUM(Q4:U4) -> 3
C5: Đăng nhập - Login | D5: Hiển thị - Display | E5: =F5/G5 -> 0 | F5: =SUM(H5:L5) -> 0 | G5: =SUM(H5:M5) -> 4 | H5: =COUNTIF(Login!$M$16:$M$19,H$3) -> 0 | I5: =COUNTIF(Login!$M$16:$M$19,I$3) -> 0 | J5: =COUNTIF(Login!$M$16:$M$19,J$3) -> 0 | K5: =COUNTIF(Login!$M$16:$M$19,K$3) -> 0 | L5: =COUNTIF(Login!$M$16:$M$19,L$3) -> 0 | M5: =COUNTA(Login!$G$16:$G$19)-SUM(H5:L5) -> 4 | N5: =O5/P5 -> 0 | O5: =SUM(Q5:U5) -> 0 | P5: =SUM(Q5:V5) -> 4 | Q5: =COUNTIF(Login!$R$16:$R$19,Q$3) -> 0 | R5: =COUNTIF(Login!$R$16:$R$19,R$3) -> 0 | S5: =COUNTIF(Login!$R$16:$R$19,S$3) -> 0 | T5: =COUNTIF(Login!$R$16:$R$19,T$3) -> 0 | U5: =COUNTIF(Login!$R$16:$R$19,U$3) -> 0 | V5: =COUNTA(Login!$G$16:$G$19)-SUM(Q5:U5) -> 4
C6: Đăng nhập - Login | D6: Ngôn ngữ - Language | E6: =F6/G6 -> 0 | F6: =SUM(H6:L6) -> 0 | G6: =SUM(H6:M6) -> 4 | H6: =COUNTIF(Login!$M$20:$M$23,H$3) -> 0 | I6: =COUNTIF(Login!$M$20:$M$23,I$3) -> 0 | J6: =COUNTIF(Login!$M$20:$M$23,J$3) -> 0 | K6: =COUNTIF(Login!$M$20:$M$23,K$3) -> 0 | L6: =COUNTIF(Login!$M$20:$M$23,L$3) -> 0 | M6: =COUNTA(Login!$G$20:$G$23)-SUM(H6:L6) -> 4 | N6: =O6/P6 -> 0 | O6: =SUM(Q6:U6) -> 0 | P6: =SUM(Q6:V6) -> 4 | Q6: =COUNTIF(Login!$R$20:$R$23,Q$3) -> 0 | R6: =COUNTIF(Login!$R$20:$R$23,R$3) -> 0 | S6: =COUNTIF(Login!$R$20:$R$23,S$3) -> 0 | T6: =COUNTIF(Login!$R$20:$R$23,T$3) -> 0 | U6: =COUNTIF(Login!$R$20:$R$23,U$3) -> 0 | V6: =COUNTA(Login!$G$20:$G$23)-SUM(Q6:U6) -> 4
C7: Đăng nhập - Login | D7: Email | E7: =F7/G7 -> 0 | F7: =SUM(H7:L7) -> 0 | G7: =SUM(H7:M7) -> 9 | H7: =COUNTIF(Login!$M$24:$M$32,H$3) -> 0 | I7: =COUNTIF(Login!$M$24:$M$32,I$3) -> 0 | J7: =COUNTIF(Login!$M$24:$M$32,J$3) -> 0 | K7: =COUNTIF(Login!$M$24:$M$32,K$3) -> 0 | L7: =COUNTIF(Login!$M$24:$M$32,L$3) -> 0 | M7: =COUNTA(Login!$G$24:$G$32)-SUM(H7:L7) -> 9 | N7: =O7/P7 -> 0 | O7: =SUM(Q7:U7) -> 0 | P7: =SUM(Q7:V7) -> 9 | Q7: =COUNTIF(Login!$R$24:$R$32,Q$3) -> 0 | R7: =COUNTIF(Login!$R$24:$R$32,R$3) -> 0 | S7: =COUNTIF(Login!$R$24:$R$32,S$3) -> 0 | T7: =COUNTIF(Login!$R$24:$R$32,T$3) -> 0 | U7: =COUNTIF(Login!$R$24:$R$32,U$3) -> 0 | V7: =COUNTA(Login!$G$24:$G$32)-SUM(Q7:U7) -> 9
C8: Đăng nhập - Login | D8: Mật khẩu - Password | E8: =F8/G8 -> 0 | F8: =SUM(H8:L8) -> 0 | G8: =SUM(H8:M8) -> 7 | H8: =COUNTIF(Login!$M$33:$M$39,H$3) -> 0 | I8: =COUNTIF(Login!$M$33:$M$39,I$3) -> 0 | J8: =COUNTIF(Login!$M$33:$M$39,J$3) -> 0 | K8: =COUNTIF(Login!$M$33:$M$39,K$3) -> 0 | L8: =COUNTIF(Login!$M$33:$M$39,L$3) -> 0 | M8: =COUNTA(Login!$G$33:$G$39)-SUM(H8:L8) -> 7 | N8: =O8/P8 -> 0 | O8: =SUM(Q8:U8) -> 0 | P8: =SUM(Q8:V8) -> 7 | Q8: =COUNTIF(Login!$R$33:$R$39,Q$3) -> 0 | R8: =COUNTIF(Login!$R$33:$R$39,R$3) -> 0 | S8: =COUNTIF(Login!$R$33:$R$39,S$3) -> 0 | T8: =COUNTIF(Login!$R$33:$R$39,T$3) -> 0 | U8: =COUNTIF(Login!$R$33:$R$39,U$3) -> 0 | V8: =COUNTA(Login!$G$33:$G$39)-SUM(Q8:U8) -> 7
C9: Đăng nhập - Login | D9: Ghi nhớ đăng nhập | E9: =F9/G9 -> 0 | F9: =SUM(H9:L9) -> 0 | G9: =SUM(H9:M9) -> 4 | H9: =COUNTIF(Login!$M$40:$M$43,H$3) -> 0 | I9: =COUNTIF(Login!$M$40:$M$43,I$3) -> 0 | J9: =COUNTIF(Login!$M$40:$M$43,J$3) -> 0 | K9: =COUNTIF(Login!$M$40:$M$43,K$3) -> 0 | L9: =COUNTIF(Login!$M$40:$M$43,L$3) -> 0 | M9: =COUNTA(Login!$G$40:$G$43)-SUM(H9:L9) -> 4 | N9: =O9/P9 -> 0 | O9: =SUM(Q9:U9) -> 0 | P9: =SUM(Q9:V9) -> 4 | Q9: =COUNTIF(Login!$R$40:$R$43,Q$3) -> 0 | R9: =COUNTIF(Login!$R$40:$R$43,R$3) -> 0 | S9: =COUNTIF(Login!$R$40:$R$43,S$3) -> 0 | T9: =COUNTIF(Login!$R$40:$R$43,T$3) -> 0 | U9: =COUNTIF(Login!$R$40:$R$43,U$3) -> 0 | V9: =COUNTA(Login!$G$40:$G$43)-SUM(Q9:U9) -> 4
C10: Đăng nhập - Login | D10: Đăng nhập - Sign in | E10: =F10/G10 -> 0 | F10: =SUM(H10:L10) -> 0 | G10: =SUM(H10:M10) -> 10 | H10: =COUNTIF(Login!$M$44:$M$53,H$3) -> 0 | I10: =COUNTIF(Login!$M$44:$M$53,I$3) -> 0 | J10: =COUNTIF(Login!$M$44:$M$53,J$3) -> 0 | K10: =COUNTIF(Login!$M$44:$M$53,K$3) -> 0 | L10: =COUNTIF(Login!$M$44:$M$53,L$3) -> 0 | M10: =COUNTA(Login!$G$44:$G$53)-SUM(H10:L10) -> 10 | N10: =O10/P10 -> 0 | O10: =SUM(Q10:U10) -> 0 | P10: =SUM(Q10:V10) -> 10 | Q10: =COUNTIF(Login!$R$44:$R$53,Q$3) -> 0 | R10: =COUNTIF(Login!$R$44:$R$53,R$3) -> 0 | S10: =COUNTIF(Login!$R$44:$R$53,S$3) -> 0 | T10: =COUNTIF(Login!$R$44:$R$53,T$3) -> 0 | U10: =COUNTIF(Login!$R$44:$R$53,U$3) -> 0 | V10: =COUNTA(Login!$G$44:$G$53)-SUM(Q10:U10) -> 10
C11: Đăng nhập - Login | D11: Nút Sign in | E11: =F11/G11 -> 0 | F11: =SUM(H11:L11) -> 0 | G11: =SUM(H11:M11) -> 3 | H11: =COUNTIF(Login!$M$54:$M$56,H$3) -> 0 | I11: =COUNTIF(Login!$M$54:$M$56,I$3) -> 0 | J11: =COUNTIF(Login!$M$54:$M$56,J$3) -> 0 | K11: =COUNTIF(Login!$M$54:$M$56,K$3) -> 0 | L11: =COUNTIF(Login!$M$54:$M$56,L$3) -> 0 | M11: =COUNTA(Login!$G$54:$G$56)-SUM(H11:L11) -> 3 | N11: =O11/P11 -> 0 | O11: =SUM(Q11:U11) -> 0 | P11: =SUM(Q11:V11) -> 3 | Q11: =COUNTIF(Login!$R$54:$R$56,Q$3) -> 0 | R11: =COUNTIF(Login!$R$54:$R$56,R$3) -> 0 | S11: =COUNTIF(Login!$R$54:$R$56,S$3) -> 0 | T11: =COUNTIF(Login!$R$54:$R$56,T$3) -> 0 | U11: =COUNTIF(Login!$R$54:$R$56,U$3) -> 0 | V11: =COUNTA(Login!$G$54:$G$56)-SUM(Q11:U11) -> 3
C12: Đăng nhập - Login | D12: Hỗ trợ - Support | E12: =F12/G12 -> 0 | F12: =SUM(H12:L12) -> 0 | G12: =SUM(H12:M12) -> 3 | H12: =COUNTIF(Login!$M$57:$M$59,H$3) -> 0 | I12: =COUNTIF(Login!$M$57:$M$59,I$3) -> 0 | J12: =COUNTIF(Login!$M$57:$M$59,J$3) -> 0 | K12: =COUNTIF(Login!$M$57:$M$59,K$3) -> 0 | L12: =COUNTIF(Login!$M$57:$M$59,L$3) -> 0 | M12: =COUNTA(Login!$G$57:$G$59)-SUM(H12:L12) -> 3 | N12: =O12/P12 -> 0 | O12: =SUM(Q12:U12) -> 0 | P12: =SUM(Q12:V12) -> 3 | Q12: =COUNTIF(Login!$R$57:$R$59,Q$3) -> 0 | R12: =COUNTIF(Login!$R$57:$R$59,R$3) -> 0 | S12: =COUNTIF(Login!$R$57:$R$59,S$3) -> 0 | T12: =COUNTIF(Login!$R$57:$R$59,T$3) -> 0 | U12: =COUNTIF(Login!$R$57:$R$59,U$3) -> 0 | V12: =COUNTA(Login!$G$57:$G$59)-SUM(Q12:U12) -> 3
C13: Đăng nhập - Login | D13: Bảo mật - Security | E13: =F13/G13 -> 0 | F13: =SUM(H13:L13) -> 0 | G13: =SUM(H13:M13) -> 5 | H13: =COUNTIF(Login!$M$60:$M$64,H$3) -> 0 | I13: =COUNTIF(Login!$M$60:$M$64,I$3) -> 0 | J13: =COUNTIF(Login!$M$60:$M$64,J$3) -> 0 | K13: =COUNTIF(Login!$M$60:$M$64,K$3) -> 0 | L13: =COUNTIF(Login!$M$60:$M$64,L$3) -> 0 | M13: =COUNTA(Login!$G$60:$G$64)-SUM(H13:L13) -> 5 | N13: =O13/P13 -> 0 | O13: =SUM(Q13:U13) -> 0 | P13: =SUM(Q13:V13) -> 5 | Q13: =COUNTIF(Login!$R$60:$R$64,Q$3) -> 0 | R13: =COUNTIF(Login!$R$60:$R$64,R$3) -> 0 | S13: =COUNTIF(Login!$R$60:$R$64,S$3) -> 0 | T13: =COUNTIF(Login!$R$60:$R$64,T$3) -> 0 | U13: =COUNTIF(Login!$R$60:$R$64,U$3) -> 0 | V13: =COUNTA(Login!$G$60:$G$64)-SUM(Q13:U13) -> 5
C14: Total | E14: =F14/G14 -> 0 | F14: =SUM(H14:L14) -> 0 | G14: =SUM(H14:M14) -> 52 | H14: =SUM(H4:H13) -> 0 | I14: =SUM(I4:I13) -> 0 | J14: =SUM(J4:J13) -> 0 | K14: =SUM(K4:K13) -> 0 | L14: =SUM(L4:L13) -> 0 | M14: =SUM(M4:M13) -> 52 | N14: =O14/P14 -> 0 | O14: =SUM(Q14:U14) -> 0 | P14: =SUM(Q14:V14) -> 52 | Q14: =SUM(Q4:Q13) -> 0 | R14: =SUM(R4:R13) -> 0 | S14: =SUM(S4:S13) -> 0 | T14: =SUM(T4:T13) -> 0 | U14: =SUM(U4:U13) -> 0 | V14: =SUM(V4:V13) -> 52
B15: Scopes | C15: Điều hướng - Redirect | D15: Vào danh sách - Scope list | E15: =F15/G15 -> 0 | F15: =SUM(H15:L15) -> 0 | G15: =SUM(H15:M15) -> 2 | H15: =COUNTIF(Scopes!$M$13:$M$14,H$3) -> 0 | I15: =COUNTIF(Scopes!$M$13:$M$14,I$3) -> 0 | J15: =COUNTIF(Scopes!$M$13:$M$14,J$3) -> 0 | K15: =COUNTIF(Scopes!$M$13:$M$14,K$3) -> 0 | L15: =COUNTIF(Scopes!$M$13:$M$14,L$3) -> 0 | M15: =COUNTA(Scopes!$G$13:$G$14)-SUM(H15:L15) -> 2 | N15: =O15/P15 -> 0 | O15: =SUM(Q15:U15) -> 0 | P15: =SUM(Q15:V15) -> 2 | Q15: =COUNTIF(Scopes!$R$13:$R$14,Q$3) -> 0 | R15: =COUNTIF(Scopes!$R$13:$R$14,R$3) -> 0 | S15: =COUNTIF(Scopes!$R$13:$R$14,S$3) -> 0 | T15: =COUNTIF(Scopes!$R$13:$R$14,T$3) -> 0 | U15: =COUNTIF(Scopes!$R$13:$R$14,U$3) -> 0 | V15: =COUNTA(Scopes!$G$13:$G$14)-SUM(Q15:U15) -> 2
C16: Điều hướng - Redirect | D16: Vào chi tiết - Scope detail | E16: =F16/G16 -> 0 | F16: =SUM(H16:L16) -> 0 | G16: =SUM(H16:M16) -> 3 | H16: =COUNTIF(Scopes!$M$15:$M$17,H$3) -> 0 | I16: =COUNTIF(Scopes!$M$15:$M$17,I$3) -> 0 | J16: =COUNTIF(Scopes!$M$15:$M$17,J$3) -> 0 | K16: =COUNTIF(Scopes!$M$15:$M$17,K$3) -> 0 | L16: =COUNTIF(Scopes!$M$15:$M$17,L$3) -> 0 | M16: =COUNTA(Scopes!$G$15:$G$17)-SUM(H16:L16) -> 3 | N16: =O16/P16 -> 0 | O16: =SUM(Q16:U16) -> 0 | P16: =SUM(Q16:V16) -> 3 | Q16: =COUNTIF(Scopes!$R$15:$R$17,Q$3) -> 0 | R16: =COUNTIF(Scopes!$R$15:$R$17,R$3) -> 0 | S16: =COUNTIF(Scopes!$R$15:$R$17,S$3) -> 0 | T16: =COUNTIF(Scopes!$R$15:$R$17,T$3) -> 0 | U16: =COUNTIF(Scopes!$R$15:$R$17,U$3) -> 0 | V16: =COUNTA(Scopes!$G$15:$G$17)-SUM(Q16:U16) -> 3
C17: Danh sách scope - Scope list | D17: Tiêu đề trang - Title | E17: =F17/G17 -> 0 | F17: =SUM(H17:L17) -> 0 | G17: =SUM(H17:M17) -> 1 | H17: =COUNTIF(Scopes!$M$18:$M$18,H$3) -> 0 | I17: =COUNTIF(Scopes!$M$18:$M$18,I$3) -> 0 | J17: =COUNTIF(Scopes!$M$18:$M$18,J$3) -> 0 | K17: =COUNTIF(Scopes!$M$18:$M$18,K$3) -> 0 | L17: =COUNTIF(Scopes!$M$18:$M$18,L$3) -> 0 | M17: =COUNTA(Scopes!$G$18:$G$18)-SUM(H17:L17) -> 1 | N17: =O17/P17 -> 0 | O17: =SUM(Q17:U17) -> 0 | P17: =SUM(Q17:V17) -> 1 | Q17: =COUNTIF(Scopes!$R$18:$R$18,Q$3) -> 0 | R17: =COUNTIF(Scopes!$R$18:$R$18,R$3) -> 0 | S17: =COUNTIF(Scopes!$R$18:$R$18,S$3) -> 0 | T17: =COUNTIF(Scopes!$R$18:$R$18,T$3) -> 0 | U17: =COUNTIF(Scopes!$R$18:$R$18,U$3) -> 0 | V17: =COUNTA(Scopes!$G$18:$G$18)-SUM(Q17:U17) -> 1
C18: Danh sách scope - Scope list | D18: Tạo scope - Create scope | E18: =F18/G18 -> 0 | F18: =SUM(H18:L18) -> 0 | G18: =SUM(H18:M18) -> 20 | H18: =COUNTIF(Scopes!$M$20:$M$39,H$3) -> 0 | I18: =COUNTIF(Scopes!$M$20:$M$39,I$3) -> 0 | J18: =COUNTIF(Scopes!$M$20:$M$39,J$3) -> 0 | K18: =COUNTIF(Scopes!$M$20:$M$39,K$3) -> 0 | L18: =COUNTIF(Scopes!$M$20:$M$39,L$3) -> 0 | M18: =COUNTA(Scopes!$G$20:$G$39)-SUM(H18:L18) -> 20 | N18: =O18/P18 -> 0 | O18: =SUM(Q18:U18) -> 0 | P18: =SUM(Q18:V18) -> 20 | Q18: =COUNTIF(Scopes!$R$20:$R$39,Q$3) -> 0 | R18: =COUNTIF(Scopes!$R$20:$R$39,R$3) -> 0 | S18: =COUNTIF(Scopes!$R$20:$R$39,S$3) -> 0 | T18: =COUNTIF(Scopes!$R$20:$R$39,T$3) -> 0 | U18: =COUNTIF(Scopes!$R$20:$R$39,U$3) -> 0 | V18: =COUNTA(Scopes!$G$20:$G$39)-SUM(Q18:U18) -> 20
C19: Danh sách scope - Scope list | D19: Thanh công cụ - Toolbar | E19: =F19/G19 -> 0 | F19: =SUM(H19:L19) -> 0 | G19: =SUM(H19:M19) -> 7 | H19: =COUNTIF(Scopes!$M$40:$M$46,H$3) -> 0 | I19: =COUNTIF(Scopes!$M$40:$M$46,I$3) -> 0 | J19: =COUNTIF(Scopes!$M$40:$M$46,J$3) -> 0 | K19: =COUNTIF(Scopes!$M$40:$M$46,K$3) -> 0 | L19: =COUNTIF(Scopes!$M$40:$M$46,L$3) -> 0 | M19: =COUNTA(Scopes!$G$40:$G$46)-SUM(H19:L19) -> 7 | N19: =O19/P19 -> 0 | O19: =SUM(Q19:U19) -> 0 | P19: =SUM(Q19:V19) -> 7 | Q19: =COUNTIF(Scopes!$R$40:$R$46,Q$3) -> 0 | R19: =COUNTIF(Scopes!$R$40:$R$46,R$3) -> 0 | S19: =COUNTIF(Scopes!$R$40:$R$46,S$3) -> 0 | T19: =COUNTIF(Scopes!$R$40:$R$46,T$3) -> 0 | U19: =COUNTIF(Scopes!$R$40:$R$46,U$3) -> 0 | V19: =COUNTA(Scopes!$G$40:$G$46)-SUM(Q19:U19) -> 7
C20: Danh sách scope - Scope list | D20: Bảng danh sách - Table | E20: =F20/G20 -> 0 | F20: =SUM(H20:L20) -> 0 | G20: =SUM(H20:M20) -> 12 | H20: =COUNTIF(Scopes!$M$47:$M$64,H$3) -> 0 | I20: =COUNTIF(Scopes!$M$47:$M$64,I$3) -> 0 | J20: =COUNTIF(Scopes!$M$47:$M$64,J$3) -> 0 | K20: =COUNTIF(Scopes!$M$47:$M$64,K$3) -> 0 | L20: =COUNTIF(Scopes!$M$47:$M$64,L$3) -> 0 | M20: =COUNTA(Scopes!$G$47:$G$64)-SUM(H20:L20) -> 12 | N20: =O20/P20 -> 0 | O20: =SUM(Q20:U20) -> 0 | P20: =SUM(Q20:V20) -> 12 | Q20: =COUNTIF(Scopes!$R$47:$R$64,Q$3) -> 0 | R20: =COUNTIF(Scopes!$R$47:$R$64,R$3) -> 0 | S20: =COUNTIF(Scopes!$R$47:$R$64,S$3) -> 0 | T20: =COUNTIF(Scopes!$R$47:$R$64,T$3) -> 0 | U20: =COUNTIF(Scopes!$R$47:$R$64,U$3) -> 0 | V20: =COUNTA(Scopes!$G$47:$G$64)-SUM(Q20:U20) -> 12
C21: Danh sách scope - Scope list | D21: Phân trang - Paging | E21: =F21/G21 -> 0 | F21: =SUM(H21:L21) -> 0 | G21: =SUM(H21:M21) -> 4 | H21: =COUNTIF(Scopes!$M$65:$M$69,H$3) -> 0 | I21: =COUNTIF(Scopes!$M$65:$M$69,I$3) -> 0 | J21: =COUNTIF(Scopes!$M$65:$M$69,J$3) -> 0 | K21: =COUNTIF(Scopes!$M$65:$M$69,K$3) -> 0 | L21: =COUNTIF(Scopes!$M$65:$M$69,L$3) -> 0 | M21: =COUNTA(Scopes!$G$65:$G$69)-SUM(H21:L21) -> 4 | N21: =O21/P21 -> 0 | O21: =SUM(Q21:U21) -> 0 | P21: =SUM(Q21:V21) -> 4 | Q21: =COUNTIF(Scopes!$R$65:$R$69,Q$3) -> 0 | R21: =COUNTIF(Scopes!$R$65:$R$69,R$3) -> 0 | S21: =COUNTIF(Scopes!$R$65:$R$69,S$3) -> 0 | T21: =COUNTIF(Scopes!$R$65:$R$69,T$3) -> 0 | U21: =COUNTIF(Scopes!$R$65:$R$69,U$3) -> 0 | V21: =COUNTA(Scopes!$G$65:$G$69)-SUM(Q21:U21) -> 4
C22: Danh sách scope - Scope list | D22: Trạng thái rỗng - Empty | E22: =F22/G22 -> 0 | F22: =SUM(H22:L22) -> 0 | G22: =SUM(H22:M22) -> 1 | H22: =COUNTIF(Scopes!$M$19,H$3) -> 0 | I22: =COUNTIF(Scopes!$M$19,I$3) -> 0 | J22: =COUNTIF(Scopes!$M$19,J$3) -> 0 | K22: =COUNTIF(Scopes!$M$19,K$3) -> 0 | L22: =COUNTIF(Scopes!$M$19,L$3) -> 0 | M22: =COUNTA(Scopes!$G$19)-SUM(H22:L22) -> 1 | N22: =O22/P22 -> 0 | O22: =SUM(Q22:U22) -> 0 | P22: =SUM(Q22:V22) -> 1 | Q22: =COUNTIF(Scopes!$R$19,Q$3) -> 0 | R22: =COUNTIF(Scopes!$R$19,R$3) -> 0 | S22: =COUNTIF(Scopes!$R$19,S$3) -> 0 | T22: =COUNTIF(Scopes!$R$19,T$3) -> 0 | U22: =COUNTIF(Scopes!$R$19,U$3) -> 0 | V22: =COUNTA(Scopes!$G$19)-SUM(Q22:U22) -> 1
C23: Chi tiết scope - Scope detail | D23: Phần đầu - Header | E23: =F23/G23 -> 0 | F23: =SUM(H23:L23) -> 0 | G23: =SUM(H23:M23) -> 5 | H23: =COUNTIF(Scopes!$M$70:$M$76,H$3) -> 0 | I23: =COUNTIF(Scopes!$M$70:$M$76,I$3) -> 0 | J23: =COUNTIF(Scopes!$M$70:$M$76,J$3) -> 0 | K23: =COUNTIF(Scopes!$M$70:$M$76,K$3) -> 0 | L23: =COUNTIF(Scopes!$M$70:$M$76,L$3) -> 0 | M23: =COUNTA(Scopes!$G$70:$G$76)-SUM(H23:L23) -> 5 | N23: =O23/P23 -> 0 | O23: =SUM(Q23:U23) -> 0 | P23: =SUM(Q23:V23) -> 5 | Q23: =COUNTIF(Scopes!$R$70:$R$76,Q$3) -> 0 | R23: =COUNTIF(Scopes!$R$70:$R$76,R$3) -> 0 | S23: =COUNTIF(Scopes!$R$70:$R$76,S$3) -> 0 | T23: =COUNTIF(Scopes!$R$70:$R$76,T$3) -> 0 | U23: =COUNTIF(Scopes!$R$70:$R$76,U$3) -> 0 | V23: =COUNTA(Scopes!$G$70:$G$76)-SUM(Q23:U23) -> 5
C24: Chi tiết scope - Scope detail | D24: Điều hướng trong màn - Section nav | E24: =F24/G24 -> 0 | F24: =SUM(H24:L24) -> 0 | G24: =SUM(H24:M24) -> 2 | H24: =COUNTIF(Scopes!$M$77:$M$78,H$3) -> 0 | I24: =COUNTIF(Scopes!$M$77:$M$78,I$3) -> 0 | J24: =COUNTIF(Scopes!$M$77:$M$78,J$3) -> 0 | K24: =COUNTIF(Scopes!$M$77:$M$78,K$3) -> 0 | L24: =COUNTIF(Scopes!$M$77:$M$78,L$3) -> 0 | M24: =COUNTA(Scopes!$G$77:$G$78)-SUM(H24:L24) -> 2 | N24: =O24/P24 -> 0 | O24: =SUM(Q24:U24) -> 0 | P24: =SUM(Q24:V24) -> 2 | Q24: =COUNTIF(Scopes!$R$77:$R$78,Q$3) -> 0 | R24: =COUNTIF(Scopes!$R$77:$R$78,R$3) -> 0 | S24: =COUNTIF(Scopes!$R$77:$R$78,S$3) -> 0 | T24: =COUNTIF(Scopes!$R$77:$R$78,T$3) -> 0 | U24: =COUNTIF(Scopes!$R$77:$R$78,U$3) -> 0 | V24: =COUNTA(Scopes!$G$77:$G$78)-SUM(Q24:U24) -> 2
C25: Chi tiết scope - Scope detail | D25: Tổng quan - Overview | E25: =F25/G25 -> 0 | F25: =SUM(H25:L25) -> 0 | G25: =SUM(H25:M25) -> 4 | H25: =COUNTIF(Scopes!$M$79:$M$82,H$3) -> 0 | I25: =COUNTIF(Scopes!$M$79:$M$82,I$3) -> 0 | J25: =COUNTIF(Scopes!$M$79:$M$82,J$3) -> 0 | K25: =COUNTIF(Scopes!$M$79:$M$82,K$3) -> 0 | L25: =COUNTIF(Scopes!$M$79:$M$82,L$3) -> 0 | M25: =COUNTA(Scopes!$G$79:$G$82)-SUM(H25:L25) -> 4 | N25: =O25/P25 -> 0 | O25: =SUM(Q25:U25) -> 0 | P25: =SUM(Q25:V25) -> 4 | Q25: =COUNTIF(Scopes!$R$79:$R$82,Q$3) -> 0 | R25: =COUNTIF(Scopes!$R$79:$R$82,R$3) -> 0 | S25: =COUNTIF(Scopes!$R$79:$R$82,S$3) -> 0 | T25: =COUNTIF(Scopes!$R$79:$R$82,T$3) -> 0 | U25: =COUNTIF(Scopes!$R$79:$R$82,U$3) -> 0 | V25: =COUNTA(Scopes!$G$79:$G$82)-SUM(Q25:U25) -> 4
C26: Chi tiết scope - Scope detail | D26: Sửa scope - Edit scope | E26: =F26/G26 -> 0 | F26: =SUM(H26:L26) -> 0 | G26: =SUM(H26:M26) -> 11 | H26: =COUNTIF(Scopes!$M$83:$M$93,H$3) -> 0 | I26: =COUNTIF(Scopes!$M$83:$M$93,I$3) -> 0 | J26: =COUNTIF(Scopes!$M$83:$M$93,J$3) -> 0 | K26: =COUNTIF(Scopes!$M$83:$M$93,K$3) -> 0 | L26: =COUNTIF(Scopes!$M$83:$M$93,L$3) -> 0 | M26: =COUNTA(Scopes!$G$83:$G$93)-SUM(H26:L26) -> 11 | N26: =O26/P26 -> 0 | O26: =SUM(Q26:U26) -> 0 | P26: =SUM(Q26:V26) -> 11 | Q26: =COUNTIF(Scopes!$R$83:$R$93,Q$3) -> 0 | R26: =COUNTIF(Scopes!$R$83:$R$93,R$3) -> 0 | S26: =COUNTIF(Scopes!$R$83:$R$93,S$3) -> 0 | T26: =COUNTIF(Scopes!$R$83:$R$93,T$3) -> 0 | U26: =COUNTIF(Scopes!$R$83:$R$93,U$3) -> 0 | V26: =COUNTA(Scopes!$G$83:$G$93)-SUM(Q26:U26) -> 11
C27: Chi tiết scope - Scope detail | D27: Khối Frameworks - Frameworks | E27: =F27/G27 -> 0 | F27: =SUM(H27:L27) -> 0 | G27: =SUM(H27:M27) -> 7 | H27: =COUNTIF(Scopes!$M$94:$M$100,H$3) -> 0 | I27: =COUNTIF(Scopes!$M$94:$M$100,I$3) -> 0 | J27: =COUNTIF(Scopes!$M$94:$M$100,J$3) -> 0 | K27: =COUNTIF(Scopes!$M$94:$M$100,K$3) -> 0 | L27: =COUNTIF(Scopes!$M$94:$M$100,L$3) -> 0 | M27: =COUNTA(Scopes!$G$94:$G$100)-SUM(H27:L27) -> 7 | N27: =O27/P27 -> 0 | O27: =SUM(Q27:U27) -> 0 | P27: =SUM(Q27:V27) -> 7 | Q27: =COUNTIF(Scopes!$R$94:$R$100,Q$3) -> 0 | R27: =COUNTIF(Scopes!$R$94:$R$100,R$3) -> 0 | S27: =COUNTIF(Scopes!$R$94:$R$100,S$3) -> 0 | T27: =COUNTIF(Scopes!$R$94:$R$100,T$3) -> 0 | U27: =COUNTIF(Scopes!$R$94:$R$100,U$3) -> 0 | V27: =COUNTA(Scopes!$G$94:$G$100)-SUM(Q27:U27) -> 7
C28: Chi tiết scope - Scope detail | D28: Gắn framework - Link framework | E28: =F28/G28 -> 0 | F28: =SUM(H28:L28) -> 0 | G28: =SUM(H28:M28) -> 13 | H28: =COUNTIF(Scopes!$M$101:$M$113,H$3) -> 0 | I28: =COUNTIF(Scopes!$M$101:$M$113,I$3) -> 0 | J28: =COUNTIF(Scopes!$M$101:$M$113,J$3) -> 0 | K28: =COUNTIF(Scopes!$M$101:$M$113,K$3) -> 0 | L28: =COUNTIF(Scopes!$M$101:$M$113,L$3) -> 0 | M28: =COUNTA(Scopes!$G$101:$G$113)-SUM(H28:L28) -> 13 | N28: =O28/P28 -> 0 | O28: =SUM(Q28:U28) -> 0 | P28: =SUM(Q28:V28) -> 13 | Q28: =COUNTIF(Scopes!$R$101:$R$113,Q$3) -> 0 | R28: =COUNTIF(Scopes!$R$101:$R$113,R$3) -> 0 | S28: =COUNTIF(Scopes!$R$101:$R$113,S$3) -> 0 | T28: =COUNTIF(Scopes!$R$101:$R$113,T$3) -> 0 | U28: =COUNTIF(Scopes!$R$101:$R$113,U$3) -> 0 | V28: =COUNTA(Scopes!$G$101:$G$113)-SUM(Q28:U28) -> 13
C29: Chi tiết scope - Scope detail | D29: Gỡ framework - Unlink framework | E29: =F29/G29 -> 0 | F29: =SUM(H29:L29) -> 0 | G29: =SUM(H29:M29) -> 1 | H29: =COUNTIF(Scopes!$M$114,H$3) -> 0 | I29: =COUNTIF(Scopes!$M$114,I$3) -> 0 | J29: =COUNTIF(Scopes!$M$114,J$3) -> 0 | K29: =COUNTIF(Scopes!$M$114,K$3) -> 0 | L29: =COUNTIF(Scopes!$M$114,L$3) -> 0 | M29: =COUNTA(Scopes!$G$114)-SUM(H29:L29) -> 1 | N29: =O29/P29 -> 0 | O29: =SUM(Q29:U29) -> 0 | P29: =SUM(Q29:V29) -> 1 | Q29: =COUNTIF(Scopes!$R$114,Q$3) -> 0 | R29: =COUNTIF(Scopes!$R$114,R$3) -> 0 | S29: =COUNTIF(Scopes!$R$114,S$3) -> 0 | T29: =COUNTIF(Scopes!$R$114,T$3) -> 0 | U29: =COUNTIF(Scopes!$R$114,U$3) -> 0 | V29: =COUNTA(Scopes!$G$114)-SUM(Q29:U29) -> 1
C30: Chi tiết scope - Scope detail | D30: Đổi tier - Change tier | E30: =F30/G30 -> 0 | F30: =SUM(H30:L30) -> 0 | G30: =SUM(H30:M30) -> 6 | H30: =COUNTIF(Scopes!$M$115:$M$120,H$3) -> 0 | I30: =COUNTIF(Scopes!$M$115:$M$120,I$3) -> 0 | J30: =COUNTIF(Scopes!$M$115:$M$120,J$3) -> 0 | K30: =COUNTIF(Scopes!$M$115:$M$120,K$3) -> 0 | L30: =COUNTIF(Scopes!$M$115:$M$120,L$3) -> 0 | M30: =COUNTA(Scopes!$G$115:$G$120)-SUM(H30:L30) -> 6 | N30: =O30/P30 -> 0 | O30: =SUM(Q30:U30) -> 0 | P30: =SUM(Q30:V30) -> 6 | Q30: =COUNTIF(Scopes!$R$115:$R$120,Q$3) -> 0 | R30: =COUNTIF(Scopes!$R$115:$R$120,R$3) -> 0 | S30: =COUNTIF(Scopes!$R$115:$R$120,S$3) -> 0 | T30: =COUNTIF(Scopes!$R$115:$R$120,T$3) -> 0 | U30: =COUNTIF(Scopes!$R$115:$R$120,U$3) -> 0 | V30: =COUNTA(Scopes!$G$115:$G$120)-SUM(Q30:U30) -> 6
C31: Chi tiết scope - Scope detail | D31: Khối Users - Users | E31: =F31/G31 -> 0 | F31: =SUM(H31:L31) -> 0 | G31: =SUM(H31:M31) -> 3 | H31: =COUNTIF(Scopes!$M$121:$M$123,H$3) -> 0 | I31: =COUNTIF(Scopes!$M$121:$M$123,I$3) -> 0 | J31: =COUNTIF(Scopes!$M$121:$M$123,J$3) -> 0 | K31: =COUNTIF(Scopes!$M$121:$M$123,K$3) -> 0 | L31: =COUNTIF(Scopes!$M$121:$M$123,L$3) -> 0 | M31: =COUNTA(Scopes!$G$121:$G$123)-SUM(H31:L31) -> 3 | N31: =O31/P31 -> 0 | O31: =SUM(Q31:U31) -> 0 | P31: =SUM(Q31:V31) -> 3 | Q31: =COUNTIF(Scopes!$R$121:$R$123,Q$3) -> 0 | R31: =COUNTIF(Scopes!$R$121:$R$123,R$3) -> 0 | S31: =COUNTIF(Scopes!$R$121:$R$123,S$3) -> 0 | T31: =COUNTIF(Scopes!$R$121:$R$123,T$3) -> 0 | U31: =COUNTIF(Scopes!$R$121:$R$123,U$3) -> 0 | V31: =COUNTA(Scopes!$G$121:$G$123)-SUM(Q31:U31) -> 3
C32: Chi tiết scope - Scope detail | D32: Gán người dùng - Assign users | E32: =F32/G32 -> 0 | F32: =SUM(H32:L32) -> 0 | G32: =SUM(H32:M32) -> 9 | H32: =COUNTIF(Scopes!$M$124:$M$132,H$3) -> 0 | I32: =COUNTIF(Scopes!$M$124:$M$132,I$3) -> 0 | J32: =COUNTIF(Scopes!$M$124:$M$132,J$3) -> 0 | K32: =COUNTIF(Scopes!$M$124:$M$132,K$3) -> 0 | L32: =COUNTIF(Scopes!$M$124:$M$132,L$3) -> 0 | M32: =COUNTA(Scopes!$G$124:$G$132)-SUM(H32:L32) -> 9 | N32: =O32/P32 -> 0 | O32: =SUM(Q32:U32) -> 0 | P32: =SUM(Q32:V32) -> 9 | Q32: =COUNTIF(Scopes!$R$124:$R$132,Q$3) -> 0 | R32: =COUNTIF(Scopes!$R$124:$R$132,R$3) -> 0 | S32: =COUNTIF(Scopes!$R$124:$R$132,S$3) -> 0 | T32: =COUNTIF(Scopes!$R$124:$R$132,T$3) -> 0 | U32: =COUNTIF(Scopes!$R$124:$R$132,U$3) -> 0 | V32: =COUNTA(Scopes!$G$124:$G$132)-SUM(Q32:U32) -> 9
C33: Chi tiết scope - Scope detail | D33: Tổng hợp - Summary | E33: =F33/G33 -> 0 | F33: =SUM(H33:L33) -> 0 | G33: =SUM(H33:M33) -> 1 | H33: =COUNTIF(Scopes!$M$133,H$3) -> 0 | I33: =COUNTIF(Scopes!$M$133,I$3) -> 0 | J33: =COUNTIF(Scopes!$M$133,J$3) -> 0 | K33: =COUNTIF(Scopes!$M$133,K$3) -> 0 | L33: =COUNTIF(Scopes!$M$133,L$3) -> 0 | M33: =COUNTA(Scopes!$G$133)-SUM(H33:L33) -> 1 | N33: =O33/P33 -> 0 | O33: =SUM(Q33:U33) -> 0 | P33: =SUM(Q33:V33) -> 1 | Q33: =COUNTIF(Scopes!$R$133,Q$3) -> 0 | R33: =COUNTIF(Scopes!$R$133,R$3) -> 0 | S33: =COUNTIF(Scopes!$R$133,S$3) -> 0 | T33: =COUNTIF(Scopes!$R$133,T$3) -> 0 | U33: =COUNTIF(Scopes!$R$133,U$3) -> 0 | V33: =COUNTA(Scopes!$G$133)-SUM(Q33:U33) -> 1
C34: Phân quyền - Permission | D34: Customer User | E34: =F34/G34 -> 0 | F34: =SUM(H34:L34) -> 0 | G34: =SUM(H34:M34) -> 6 | H34: =COUNTIF(Scopes!$M$134:$M$139,H$3) -> 0 | I34: =COUNTIF(Scopes!$M$134:$M$139,I$3) -> 0 | J34: =COUNTIF(Scopes!$M$134:$M$139,J$3) -> 0 | K34: =COUNTIF(Scopes!$M$134:$M$139,K$3) -> 0 | L34: =COUNTIF(Scopes!$M$134:$M$139,L$3) -> 0 | M34: =COUNTA(Scopes!$G$134:$G$139)-SUM(H34:L34) -> 6 | N34: =O34/P34 -> 0 | O34: =SUM(Q34:U34) -> 0 | P34: =SUM(Q34:V34) -> 6 | Q34: =COUNTIF(Scopes!$R$134:$R$139,Q$3) -> 0 | R34: =COUNTIF(Scopes!$R$134:$R$139,R$3) -> 0 | S34: =COUNTIF(Scopes!$R$134:$R$139,S$3) -> 0 | T34: =COUNTIF(Scopes!$R$134:$R$139,T$3) -> 0 | U34: =COUNTIF(Scopes!$R$134:$R$139,U$3) -> 0 | V34: =COUNTA(Scopes!$G$134:$G$139)-SUM(Q34:U34) -> 6
C35: Phân quyền - Permission | D35: Customer Viewer | E35: =F35/G35 -> 0 | F35: =SUM(H35:L35) -> 0 | G35: =SUM(H35:M35) -> 1 | H35: =COUNTIF(Scopes!$M$140,H$3) -> 0 | I35: =COUNTIF(Scopes!$M$140,I$3) -> 0 | J35: =COUNTIF(Scopes!$M$140,J$3) -> 0 | K35: =COUNTIF(Scopes!$M$140,K$3) -> 0 | L35: =COUNTIF(Scopes!$M$140,L$3) -> 0 | M35: =COUNTA(Scopes!$G$140)-SUM(H35:L35) -> 1 | N35: =O35/P35 -> 0 | O35: =SUM(Q35:U35) -> 0 | P35: =SUM(Q35:V35) -> 1 | Q35: =COUNTIF(Scopes!$R$140,Q$3) -> 0 | R35: =COUNTIF(Scopes!$R$140,R$3) -> 0 | S35: =COUNTIF(Scopes!$R$140,S$3) -> 0 | T35: =COUNTIF(Scopes!$R$140,T$3) -> 0 | U35: =COUNTIF(Scopes!$R$140,U$3) -> 0 | V35: =COUNTA(Scopes!$G$140)-SUM(Q35:U35) -> 1
C36: Phân quyền - Permission | D36: Vai trò SGS - SGS roles | E36: =F36/G36 -> 0 | F36: =SUM(H36:L36) -> 0 | G36: =SUM(H36:M36) -> 2 | H36: =COUNTIF(Scopes!$M$141:$M$142,H$3) -> 0 | I36: =COUNTIF(Scopes!$M$141:$M$142,I$3) -> 0 | J36: =COUNTIF(Scopes!$M$141:$M$142,J$3) -> 0 | K36: =COUNTIF(Scopes!$M$141:$M$142,K$3) -> 0 | L36: =COUNTIF(Scopes!$M$141:$M$142,L$3) -> 0 | M36: =COUNTA(Scopes!$G$141:$G$142)-SUM(H36:L36) -> 2 | N36: =O36/P36 -> 0 | O36: =SUM(Q36:U36) -> 0 | P36: =SUM(Q36:V36) -> 2 | Q36: =COUNTIF(Scopes!$R$141:$R$142,Q$3) -> 0 | R36: =COUNTIF(Scopes!$R$141:$R$142,R$3) -> 0 | S36: =COUNTIF(Scopes!$R$141:$R$142,S$3) -> 0 | T36: =COUNTIF(Scopes!$R$141:$R$142,T$3) -> 0 | U36: =COUNTIF(Scopes!$R$141:$R$142,U$3) -> 0 | V36: =COUNTA(Scopes!$G$141:$G$142)-SUM(Q36:U36) -> 2
C37: Bảo mật - Security | D37: Cách ly tenant - Tenant isolation | E37: =F37/G37 -> 0 | F37: =SUM(H37:L37) -> 0 | G37: =SUM(H37:M37) -> 4 | H37: =COUNTIF(Scopes!$M$143:$M$146,H$3) -> 0 | I37: =COUNTIF(Scopes!$M$143:$M$146,I$3) -> 0 | J37: =COUNTIF(Scopes!$M$143:$M$146,J$3) -> 0 | K37: =COUNTIF(Scopes!$M$143:$M$146,K$3) -> 0 | L37: =COUNTIF(Scopes!$M$143:$M$146,L$3) -> 0 | M37: =COUNTA(Scopes!$G$143:$G$146)-SUM(H37:L37) -> 4 | N37: =O37/P37 -> 0 | O37: =SUM(Q37:U37) -> 0 | P37: =SUM(Q37:V37) -> 4 | Q37: =COUNTIF(Scopes!$R$143:$R$146,Q$3) -> 0 | R37: =COUNTIF(Scopes!$R$143:$R$146,R$3) -> 0 | S37: =COUNTIF(Scopes!$R$143:$R$146,S$3) -> 0 | T37: =COUNTIF(Scopes!$R$143:$R$146,T$3) -> 0 | U37: =COUNTIF(Scopes!$R$143:$R$146,U$3) -> 0 | V37: =COUNTA(Scopes!$G$143:$G$146)-SUM(Q37:U37) -> 4
C38: Bảo mật - Security | D38: Dữ liệu nhập - Input | E38: =F38/G38 -> 0 | F38: =SUM(H38:L38) -> 0 | G38: =SUM(H38:M38) -> 1 | H38: =COUNTIF(Scopes!$M$147,H$3) -> 0 | I38: =COUNTIF(Scopes!$M$147,I$3) -> 0 | J38: =COUNTIF(Scopes!$M$147,J$3) -> 0 | K38: =COUNTIF(Scopes!$M$147,K$3) -> 0 | L38: =COUNTIF(Scopes!$M$147,L$3) -> 0 | M38: =COUNTA(Scopes!$G$147)-SUM(H38:L38) -> 1 | N38: =O38/P38 -> 0 | O38: =SUM(Q38:U38) -> 0 | P38: =SUM(Q38:V38) -> 1 | Q38: =COUNTIF(Scopes!$R$147,Q$3) -> 0 | R38: =COUNTIF(Scopes!$R$147,R$3) -> 0 | S38: =COUNTIF(Scopes!$R$147,S$3) -> 0 | T38: =COUNTIF(Scopes!$R$147,T$3) -> 0 | U38: =COUNTIF(Scopes!$R$147,U$3) -> 0 | V38: =COUNTA(Scopes!$G$147)-SUM(Q38:U38) -> 1
C39: Bảo mật - Security | D39: Ghi vết - Audit log | E39: =F39/G39 -> 0 | F39: =SUM(H39:L39) -> 0 | G39: =SUM(H39:M39) -> 1 | H39: =COUNTIF(Scopes!$M$148,H$3) -> 0 | I39: =COUNTIF(Scopes!$M$148,I$3) -> 0 | J39: =COUNTIF(Scopes!$M$148,J$3) -> 0 | K39: =COUNTIF(Scopes!$M$148,K$3) -> 0 | L39: =COUNTIF(Scopes!$M$148,L$3) -> 0 | M39: =COUNTA(Scopes!$G$148)-SUM(H39:L39) -> 1 | N39: =O39/P39 -> 0 | O39: =SUM(Q39:U39) -> 0 | P39: =SUM(Q39:V39) -> 1 | Q39: =COUNTIF(Scopes!$R$148,Q$3) -> 0 | R39: =COUNTIF(Scopes!$R$148,R$3) -> 0 | S39: =COUNTIF(Scopes!$R$148,S$3) -> 0 | T39: =COUNTIF(Scopes!$R$148,T$3) -> 0 | U39: =COUNTIF(Scopes!$R$148,U$3) -> 0 | V39: =COUNTA(Scopes!$G$148)-SUM(Q39:U39) -> 1
C40: Total | E40: =F40/G40 -> 0 | F40: =SUM(H40:L40) -> 0 | G40: =SUM(H40:M40) -> 127 | H40: =SUM(H15:H39) -> 0 | I40: =SUM(I15:I39) -> 0 | J40: =SUM(J15:J39) -> 0 | K40: =SUM(K15:K39) -> 0 | L40: =SUM(L15:L39) -> 0 | M40: =SUM(M15:M39) -> 127 | N40: =O40/P40 -> 0 | O40: =SUM(Q40:U40) -> 0 | P40: =SUM(Q40:V40) -> 127 | Q40: =SUM(Q15:Q39) -> 0 | R40: =SUM(R15:R39) -> 0 | S40: =SUM(S15:S39) -> 0 | T40: =SUM(T15:T39) -> 0 | U40: =SUM(U15:U39) -> 0 | V40: =SUM(V15:V39) -> 127
B41: Users | C41: Điều hướng - Redirect | D41: Vào danh sách - User list | E41: =F41/G41 -> 0 | F41: =SUM(H41:L41) -> 0 | G41: =SUM(H41:M41) -> 2 | H41: =COUNTIF(Users!$M$13:$M$14,H$3) -> 0 | I41: =COUNTIF(Users!$M$13:$M$14,I$3) -> 0 | J41: =COUNTIF(Users!$M$13:$M$14,J$3) -> 0 | K41: =COUNTIF(Users!$M$13:$M$14,K$3) -> 0 | L41: =COUNTIF(Users!$M$13:$M$14,L$3) -> 0 | M41: =COUNTA(Users!$G$13:$G$14)-SUM(H41:L41) -> 2 | N41: =O41/P41 -> 0 | O41: =SUM(Q41:U41) -> 0 | P41: =SUM(Q41:V41) -> 2 | Q41: =COUNTIF(Users!$R$13:$R$14,Q$3) -> 0 | R41: =COUNTIF(Users!$R$13:$R$14,R$3) -> 0 | S41: =COUNTIF(Users!$R$13:$R$14,S$3) -> 0 | T41: =COUNTIF(Users!$R$13:$R$14,T$3) -> 0 | U41: =COUNTIF(Users!$R$13:$R$14,U$3) -> 0 | V41: =COUNTA(Users!$G$13:$G$14)-SUM(Q41:U41) -> 2
C42: Điều hướng - Redirect | D42: Vào chi tiết - User detail | E42: =F42/G42 -> 0 | F42: =SUM(H42:L42) -> 0 | G42: =SUM(H42:M42) -> 1 | H42: =COUNTIF(Users!$M$15:$M$15,H$3) -> 0 | I42: =COUNTIF(Users!$M$15:$M$15,I$3) -> 0 | J42: =COUNTIF(Users!$M$15:$M$15,J$3) -> 0 | K42: =COUNTIF(Users!$M$15:$M$15,K$3) -> 0 | L42: =COUNTIF(Users!$M$15:$M$15,L$3) -> 0 | M42: =COUNTA(Users!$G$15:$G$15)-SUM(H42:L42) -> 1 | N42: =O42/P42 -> 0 | O42: =SUM(Q42:U42) -> 0 | P42: =SUM(Q42:V42) -> 1 | Q42: =COUNTIF(Users!$R$15:$R$15,Q$3) -> 0 | R42: =COUNTIF(Users!$R$15:$R$15,R$3) -> 0 | S42: =COUNTIF(Users!$R$15:$R$15,S$3) -> 0 | T42: =COUNTIF(Users!$R$15:$R$15,T$3) -> 0 | U42: =COUNTIF(Users!$R$15:$R$15,U$3) -> 0 | V42: =COUNTA(Users!$G$15:$G$15)-SUM(Q42:U42) -> 1
C43: Danh sách người dùng - User list | D43: Phạm vi dữ liệu - Boundary | E43: =F43/G43 -> 0 | F43: =SUM(H43:L43) -> 0 | G43: =SUM(H43:M43) -> 2 | H43: =COUNTIF(Users!$M$16:$M$17,H$3) -> 0 | I43: =COUNTIF(Users!$M$16:$M$17,I$3) -> 0 | J43: =COUNTIF(Users!$M$16:$M$17,J$3) -> 0 | K43: =COUNTIF(Users!$M$16:$M$17,K$3) -> 0 | L43: =COUNTIF(Users!$M$16:$M$17,L$3) -> 0 | M43: =COUNTA(Users!$G$16:$G$17)-SUM(H43:L43) -> 2 | N43: =O43/P43 -> 0 | O43: =SUM(Q43:U43) -> 0 | P43: =SUM(Q43:V43) -> 2 | Q43: =COUNTIF(Users!$R$16:$R$17,Q$3) -> 0 | R43: =COUNTIF(Users!$R$16:$R$17,R$3) -> 0 | S43: =COUNTIF(Users!$R$16:$R$17,S$3) -> 0 | T43: =COUNTIF(Users!$R$16:$R$17,T$3) -> 0 | U43: =COUNTIF(Users!$R$16:$R$17,U$3) -> 0 | V43: =COUNTA(Users!$G$16:$G$17)-SUM(Q43:U43) -> 2
C44: Danh sách người dùng - User list | D44: Người được mời - Invited user | E44: =F44/G44 -> 0 | F44: =SUM(H44:L44) -> 0 | G44: =SUM(H44:M44) -> 1 | H44: =COUNTIF(Users!$M$18:$M$18,H$3) -> 0 | I44: =COUNTIF(Users!$M$18:$M$18,I$3) -> 0 | J44: =COUNTIF(Users!$M$18:$M$18,J$3) -> 0 | K44: =COUNTIF(Users!$M$18:$M$18,K$3) -> 0 | L44: =COUNTIF(Users!$M$18:$M$18,L$3) -> 0 | M44: =COUNTA(Users!$G$18:$G$18)-SUM(H44:L44) -> 1 | N44: =O44/P44 -> 0 | O44: =SUM(Q44:U44) -> 0 | P44: =SUM(Q44:V44) -> 1 | Q44: =COUNTIF(Users!$R$18:$R$18,Q$3) -> 0 | R44: =COUNTIF(Users!$R$18:$R$18,R$3) -> 0 | S44: =COUNTIF(Users!$R$18:$R$18,S$3) -> 0 | T44: =COUNTIF(Users!$R$18:$R$18,T$3) -> 0 | U44: =COUNTIF(Users!$R$18:$R$18,U$3) -> 0 | V44: =COUNTA(Users!$G$18:$G$18)-SUM(Q44:U44) -> 1
C45: Chi tiết người dùng - User detail | D45: Nội dung - Content | E45: =F45/G45 -> 0 | F45: =SUM(H45:L45) -> 0 | G45: =SUM(H45:M45) -> 2 | H45: =COUNTIF(Users!$M$19:$M$20,H$3) -> 0 | I45: =COUNTIF(Users!$M$19:$M$20,I$3) -> 0 | J45: =COUNTIF(Users!$M$19:$M$20,J$3) -> 0 | K45: =COUNTIF(Users!$M$19:$M$20,K$3) -> 0 | L45: =COUNTIF(Users!$M$19:$M$20,L$3) -> 0 | M45: =COUNTA(Users!$G$19:$G$20)-SUM(H45:L45) -> 2 | N45: =O45/P45 -> 0 | O45: =SUM(Q45:U45) -> 0 | P45: =SUM(Q45:V45) -> 2 | Q45: =COUNTIF(Users!$R$19:$R$20,Q$3) -> 0 | R45: =COUNTIF(Users!$R$19:$R$20,R$3) -> 0 | S45: =COUNTIF(Users!$R$19:$R$20,S$3) -> 0 | T45: =COUNTIF(Users!$R$19:$R$20,T$3) -> 0 | U45: =COUNTIF(Users!$R$19:$R$20,U$3) -> 0 | V45: =COUNTA(Users!$G$19:$G$20)-SUM(Q45:U45) -> 2
C46: Mời người dùng - Invite user | D46: Vai trò được chọn - Role options | E46: =F46/G46 -> 0 | F46: =SUM(H46:L46) -> 0 | G46: =SUM(H46:M46) -> 2 | H46: =COUNTIF(Users!$M$21:$M$22,H$3) -> 0 | I46: =COUNTIF(Users!$M$21:$M$22,I$3) -> 0 | J46: =COUNTIF(Users!$M$21:$M$22,J$3) -> 0 | K46: =COUNTIF(Users!$M$21:$M$22,K$3) -> 0 | L46: =COUNTIF(Users!$M$21:$M$22,L$3) -> 0 | M46: =COUNTA(Users!$G$21:$G$22)-SUM(H46:L46) -> 2 | N46: =O46/P46 -> 0 | O46: =SUM(Q46:U46) -> 0 | P46: =SUM(Q46:V46) -> 2 | Q46: =COUNTIF(Users!$R$21:$R$22,Q$3) -> 0 | R46: =COUNTIF(Users!$R$21:$R$22,R$3) -> 0 | S46: =COUNTIF(Users!$R$21:$R$22,S$3) -> 0 | T46: =COUNTIF(Users!$R$21:$R$22,T$3) -> 0 | U46: =COUNTIF(Users!$R$21:$R$22,U$3) -> 0 | V46: =COUNTA(Users!$G$21:$G$22)-SUM(Q46:U46) -> 2
C47: Mời người dùng - Invite user | D47: Gửi lời mời - Send invitation | E47: =F47/G47 -> 0 | F47: =SUM(H47:L47) -> 0 | G47: =SUM(H47:M47) -> 14 | H47: =COUNTIF(Users!$M$23:$M$36,H$3) -> 0 | I47: =COUNTIF(Users!$M$23:$M$36,I$3) -> 0 | J47: =COUNTIF(Users!$M$23:$M$36,J$3) -> 0 | K47: =COUNTIF(Users!$M$23:$M$36,K$3) -> 0 | L47: =COUNTIF(Users!$M$23:$M$36,L$3) -> 0 | M47: =COUNTA(Users!$G$23:$G$36)-SUM(H47:L47) -> 14 | N47: =O47/P47 -> 0 | O47: =SUM(Q47:U47) -> 0 | P47: =SUM(Q47:V47) -> 14 | Q47: =COUNTIF(Users!$R$23:$R$36,Q$3) -> 0 | R47: =COUNTIF(Users!$R$23:$R$36,R$3) -> 0 | S47: =COUNTIF(Users!$R$23:$R$36,S$3) -> 0 | T47: =COUNTIF(Users!$R$23:$R$36,T$3) -> 0 | U47: =COUNTIF(Users!$R$23:$R$36,U$3) -> 0 | V47: =COUNTA(Users!$G$23:$G$36)-SUM(Q47:U47) -> 14
C48: Mời người dùng - Invite user | D48: Lời mời đang chờ - Pending invitation | E48: =F48/G48 -> 0 | F48: =SUM(H48:L48) -> 0 | G48: =SUM(H48:M48) -> 4 | H48: =COUNTIF(Users!$M$37:$M$40,H$3) -> 0 | I48: =COUNTIF(Users!$M$37:$M$40,I$3) -> 0 | J48: =COUNTIF(Users!$M$37:$M$40,J$3) -> 0 | K48: =COUNTIF(Users!$M$37:$M$40,K$3) -> 0 | L48: =COUNTIF(Users!$M$37:$M$40,L$3) -> 0 | M48: =COUNTA(Users!$G$37:$G$40)-SUM(H48:L48) -> 4 | N48: =O48/P48 -> 0 | O48: =SUM(Q48:U48) -> 0 | P48: =SUM(Q48:V48) -> 4 | Q48: =COUNTIF(Users!$R$37:$R$40,Q$3) -> 0 | R48: =COUNTIF(Users!$R$37:$R$40,R$3) -> 0 | S48: =COUNTIF(Users!$R$37:$R$40,S$3) -> 0 | T48: =COUNTIF(Users!$R$37:$R$40,T$3) -> 0 | U48: =COUNTIF(Users!$R$37:$R$40,U$3) -> 0 | V48: =COUNTA(Users!$G$37:$G$40)-SUM(Q48:U48) -> 4
C49: Đổi vai trò - Change role | D49: Đổi vai trò - Change role | E49: =F49/G49 -> 0 | F49: =SUM(H49:L49) -> 0 | G49: =SUM(H49:M49) -> 9 | H49: =COUNTIF(Users!$M$41:$M$49,H$3) -> 0 | I49: =COUNTIF(Users!$M$41:$M$49,I$3) -> 0 | J49: =COUNTIF(Users!$M$41:$M$49,J$3) -> 0 | K49: =COUNTIF(Users!$M$41:$M$49,K$3) -> 0 | L49: =COUNTIF(Users!$M$41:$M$49,L$3) -> 0 | M49: =COUNTA(Users!$G$41:$G$49)-SUM(H49:L49) -> 9 | N49: =O49/P49 -> 0 | O49: =SUM(Q49:U49) -> 0 | P49: =SUM(Q49:V49) -> 9 | Q49: =COUNTIF(Users!$R$41:$R$49,Q$3) -> 0 | R49: =COUNTIF(Users!$R$41:$R$49,R$3) -> 0 | S49: =COUNTIF(Users!$R$41:$R$49,S$3) -> 0 | T49: =COUNTIF(Users!$R$41:$R$49,T$3) -> 0 | U49: =COUNTIF(Users!$R$41:$R$49,U$3) -> 0 | V49: =COUNTA(Users!$G$41:$G$49)-SUM(Q49:U49) -> 9
C50: Quyền theo scope - Scope access | D50: Cấp quyền - Grant | E50: =F50/G50 -> 0 | F50: =SUM(H50:L50) -> 0 | G50: =SUM(H50:M50) -> 6 | H50: =COUNTIF(Users!$M$50:$M$55,H$3) -> 0 | I50: =COUNTIF(Users!$M$50:$M$55,I$3) -> 0 | J50: =COUNTIF(Users!$M$50:$M$55,J$3) -> 0 | K50: =COUNTIF(Users!$M$50:$M$55,K$3) -> 0 | L50: =COUNTIF(Users!$M$50:$M$55,L$3) -> 0 | M50: =COUNTA(Users!$G$50:$G$55)-SUM(H50:L50) -> 6 | N50: =O50/P50 -> 0 | O50: =SUM(Q50:U50) -> 0 | P50: =SUM(Q50:V50) -> 6 | Q50: =COUNTIF(Users!$R$50:$R$55,Q$3) -> 0 | R50: =COUNTIF(Users!$R$50:$R$55,R$3) -> 0 | S50: =COUNTIF(Users!$R$50:$R$55,S$3) -> 0 | T50: =COUNTIF(Users!$R$50:$R$55,T$3) -> 0 | U50: =COUNTIF(Users!$R$50:$R$55,U$3) -> 0 | V50: =COUNTA(Users!$G$50:$G$55)-SUM(Q50:U50) -> 6
C51: Quyền theo scope - Scope access | D51: Gỡ quyền - Remove | E51: =F51/G51 -> 0 | F51: =SUM(H51:L51) -> 0 | G51: =SUM(H51:M51) -> 4 | H51: =COUNTIF(Users!$M$56:$M$59,H$3) -> 0 | I51: =COUNTIF(Users!$M$56:$M$59,I$3) -> 0 | J51: =COUNTIF(Users!$M$56:$M$59,J$3) -> 0 | K51: =COUNTIF(Users!$M$56:$M$59,K$3) -> 0 | L51: =COUNTIF(Users!$M$56:$M$59,L$3) -> 0 | M51: =COUNTA(Users!$G$56:$G$59)-SUM(H51:L51) -> 4 | N51: =O51/P51 -> 0 | O51: =SUM(Q51:U51) -> 0 | P51: =SUM(Q51:V51) -> 4 | Q51: =COUNTIF(Users!$R$56:$R$59,Q$3) -> 0 | R51: =COUNTIF(Users!$R$56:$R$59,R$3) -> 0 | S51: =COUNTIF(Users!$R$56:$R$59,S$3) -> 0 | T51: =COUNTIF(Users!$R$56:$R$59,T$3) -> 0 | U51: =COUNTIF(Users!$R$56:$R$59,U$3) -> 0 | V51: =COUNTA(Users!$G$56:$G$59)-SUM(Q51:U51) -> 4
C52: Quyền theo scope - Scope access | D52: Đối tượng được cấp - Who can be granted | E52: =F52/G52 -> 0 | F52: =SUM(H52:L52) -> 0 | G52: =SUM(H52:M52) -> 2 | H52: =COUNTIF(Users!$M$60:$M$61,H$3) -> 0 | I52: =COUNTIF(Users!$M$60:$M$61,I$3) -> 0 | J52: =COUNTIF(Users!$M$60:$M$61,J$3) -> 0 | K52: =COUNTIF(Users!$M$60:$M$61,K$3) -> 0 | L52: =COUNTIF(Users!$M$60:$M$61,L$3) -> 0 | M52: =COUNTA(Users!$G$60:$G$61)-SUM(H52:L52) -> 2 | N52: =O52/P52 -> 0 | O52: =SUM(Q52:U52) -> 0 | P52: =SUM(Q52:V52) -> 2 | Q52: =COUNTIF(Users!$R$60:$R$61,Q$3) -> 0 | R52: =COUNTIF(Users!$R$60:$R$61,R$3) -> 0 | S52: =COUNTIF(Users!$R$60:$R$61,S$3) -> 0 | T52: =COUNTIF(Users!$R$60:$R$61,T$3) -> 0 | U52: =COUNTIF(Users!$R$60:$R$61,U$3) -> 0 | V52: =COUNTA(Users!$G$60:$G$61)-SUM(Q52:U52) -> 2
C53: Ma trận quyền - Role permissions | D53: Xem ma trận - View | E53: =F53/G53 -> 0 | F53: =SUM(H53:L53) -> 0 | G53: =SUM(H53:M53) -> 2 | H53: =COUNTIF(Users!$M$62:$M$63,H$3) -> 0 | I53: =COUNTIF(Users!$M$62:$M$63,I$3) -> 0 | J53: =COUNTIF(Users!$M$62:$M$63,J$3) -> 0 | K53: =COUNTIF(Users!$M$62:$M$63,K$3) -> 0 | L53: =COUNTIF(Users!$M$62:$M$63,L$3) -> 0 | M53: =COUNTA(Users!$G$62:$G$63)-SUM(H53:L53) -> 2 | N53: =O53/P53 -> 0 | O53: =SUM(Q53:U53) -> 0 | P53: =SUM(Q53:V53) -> 2 | Q53: =COUNTIF(Users!$R$62:$R$63,Q$3) -> 0 | R53: =COUNTIF(Users!$R$62:$R$63,R$3) -> 0 | S53: =COUNTIF(Users!$R$62:$R$63,S$3) -> 0 | T53: =COUNTIF(Users!$R$62:$R$63,T$3) -> 0 | U53: =COUNTIF(Users!$R$62:$R$63,U$3) -> 0 | V53: =COUNTA(Users!$G$62:$G$63)-SUM(Q53:U53) -> 2
C54: Phân quyền - Permission | D54: Customer User | E54: =F54/G54 -> 0 | F54: =SUM(H54:L54) -> 0 | G54: =SUM(H54:M54) -> 3 | H54: =COUNTIF(Users!$M$64:$M$66,H$3) -> 0 | I54: =COUNTIF(Users!$M$64:$M$66,I$3) -> 0 | J54: =COUNTIF(Users!$M$64:$M$66,J$3) -> 0 | K54: =COUNTIF(Users!$M$64:$M$66,K$3) -> 0 | L54: =COUNTIF(Users!$M$64:$M$66,L$3) -> 0 | M54: =COUNTA(Users!$G$64:$G$66)-SUM(H54:L54) -> 3 | N54: =O54/P54 -> 0 | O54: =SUM(Q54:U54) -> 0 | P54: =SUM(Q54:V54) -> 3 | Q54: =COUNTIF(Users!$R$64:$R$66,Q$3) -> 0 | R54: =COUNTIF(Users!$R$64:$R$66,R$3) -> 0 | S54: =COUNTIF(Users!$R$64:$R$66,S$3) -> 0 | T54: =COUNTIF(Users!$R$64:$R$66,T$3) -> 0 | U54: =COUNTIF(Users!$R$64:$R$66,U$3) -> 0 | V54: =COUNTA(Users!$G$64:$G$66)-SUM(Q54:U54) -> 3
C55: Phân quyền - Permission | D55: Customer Viewer | E55: =F55/G55 -> 0 | F55: =SUM(H55:L55) -> 0 | G55: =SUM(H55:M55) -> 1 | H55: =COUNTIF(Users!$M$67:$M$67,H$3) -> 0 | I55: =COUNTIF(Users!$M$67:$M$67,I$3) -> 0 | J55: =COUNTIF(Users!$M$67:$M$67,J$3) -> 0 | K55: =COUNTIF(Users!$M$67:$M$67,K$3) -> 0 | L55: =COUNTIF(Users!$M$67:$M$67,L$3) -> 0 | M55: =COUNTA(Users!$G$67:$G$67)-SUM(H55:L55) -> 1 | N55: =O55/P55 -> 0 | O55: =SUM(Q55:U55) -> 0 | P55: =SUM(Q55:V55) -> 1 | Q55: =COUNTIF(Users!$R$67:$R$67,Q$3) -> 0 | R55: =COUNTIF(Users!$R$67:$R$67,R$3) -> 0 | S55: =COUNTIF(Users!$R$67:$R$67,S$3) -> 0 | T55: =COUNTIF(Users!$R$67:$R$67,T$3) -> 0 | U55: =COUNTIF(Users!$R$67:$R$67,U$3) -> 0 | V55: =COUNTA(Users!$G$67:$G$67)-SUM(Q55:U55) -> 1
C56: Phân quyền - Permission | D56: Vai trò SGS - SGS roles | E56: =F56/G56 -> 0 | F56: =SUM(H56:L56) -> 0 | G56: =SUM(H56:M56) -> 1 | H56: =COUNTIF(Users!$M$68:$M$68,H$3) -> 0 | I56: =COUNTIF(Users!$M$68:$M$68,I$3) -> 0 | J56: =COUNTIF(Users!$M$68:$M$68,J$3) -> 0 | K56: =COUNTIF(Users!$M$68:$M$68,K$3) -> 0 | L56: =COUNTIF(Users!$M$68:$M$68,L$3) -> 0 | M56: =COUNTA(Users!$G$68:$G$68)-SUM(H56:L56) -> 1 | N56: =O56/P56 -> 0 | O56: =SUM(Q56:U56) -> 0 | P56: =SUM(Q56:V56) -> 1 | Q56: =COUNTIF(Users!$R$68:$R$68,Q$3) -> 0 | R56: =COUNTIF(Users!$R$68:$R$68,R$3) -> 0 | S56: =COUNTIF(Users!$R$68:$R$68,S$3) -> 0 | T56: =COUNTIF(Users!$R$68:$R$68,T$3) -> 0 | U56: =COUNTIF(Users!$R$68:$R$68,U$3) -> 0 | V56: =COUNTA(Users!$G$68:$G$68)-SUM(Q56:U56) -> 1
C57: Bảo mật - Security | D57: Cách ly tenant - Tenant isolation | E57: =F57/G57 -> 0 | F57: =SUM(H57:L57) -> 0 | G57: =SUM(H57:M57) -> 3 | H57: =COUNTIF(Users!$M$69:$M$71,H$3) -> 0 | I57: =COUNTIF(Users!$M$69:$M$71,I$3) -> 0 | J57: =COUNTIF(Users!$M$69:$M$71,J$3) -> 0 | K57: =COUNTIF(Users!$M$69:$M$71,K$3) -> 0 | L57: =COUNTIF(Users!$M$69:$M$71,L$3) -> 0 | M57: =COUNTA(Users!$G$69:$G$71)-SUM(H57:L57) -> 3 | N57: =O57/P57 -> 0 | O57: =SUM(Q57:U57) -> 0 | P57: =SUM(Q57:V57) -> 3 | Q57: =COUNTIF(Users!$R$69:$R$71,Q$3) -> 0 | R57: =COUNTIF(Users!$R$69:$R$71,R$3) -> 0 | S57: =COUNTIF(Users!$R$69:$R$71,S$3) -> 0 | T57: =COUNTIF(Users!$R$69:$R$71,T$3) -> 0 | U57: =COUNTIF(Users!$R$69:$R$71,U$3) -> 0 | V57: =COUNTA(Users!$G$69:$G$71)-SUM(Q57:U57) -> 3
C58: Bảo mật - Security | D58: Phạm vi affiliate - Affiliate boundary | E58: =F58/G58 -> 0 | F58: =SUM(H58:L58) -> 0 | G58: =SUM(H58:M58) -> 1 | H58: =COUNTIF(Users!$M$72:$M$72,H$3) -> 0 | I58: =COUNTIF(Users!$M$72:$M$72,I$3) -> 0 | J58: =COUNTIF(Users!$M$72:$M$72,J$3) -> 0 | K58: =COUNTIF(Users!$M$72:$M$72,K$3) -> 0 | L58: =COUNTIF(Users!$M$72:$M$72,L$3) -> 0 | M58: =COUNTA(Users!$G$72:$G$72)-SUM(H58:L58) -> 1 | N58: =O58/P58 -> 0 | O58: =SUM(Q58:U58) -> 0 | P58: =SUM(Q58:V58) -> 1 | Q58: =COUNTIF(Users!$R$72:$R$72,Q$3) -> 0 | R58: =COUNTIF(Users!$R$72:$R$72,R$3) -> 0 | S58: =COUNTIF(Users!$R$72:$R$72,S$3) -> 0 | T58: =COUNTIF(Users!$R$72:$R$72,T$3) -> 0 | U58: =COUNTIF(Users!$R$72:$R$72,U$3) -> 0 | V58: =COUNTA(Users!$G$72:$G$72)-SUM(Q58:U58) -> 1
C59: Bảo mật - Security | D59: Dữ liệu nhập - Input | E59: =F59/G59 -> 0 | F59: =SUM(H59:L59) -> 0 | G59: =SUM(H59:M59) -> 1 | H59: =COUNTIF(Users!$M$73:$M$73,H$3) -> 0 | I59: =COUNTIF(Users!$M$73:$M$73,I$3) -> 0 | J59: =COUNTIF(Users!$M$73:$M$73,J$3) -> 0 | K59: =COUNTIF(Users!$M$73:$M$73,K$3) -> 0 | L59: =COUNTIF(Users!$M$73:$M$73,L$3) -> 0 | M59: =COUNTA(Users!$G$73:$G$73)-SUM(H59:L59) -> 1 | N59: =O59/P59 -> 0 | O59: =SUM(Q59:U59) -> 0 | P59: =SUM(Q59:V59) -> 1 | Q59: =COUNTIF(Users!$R$73:$R$73,Q$3) -> 0 | R59: =COUNTIF(Users!$R$73:$R$73,R$3) -> 0 | S59: =COUNTIF(Users!$R$73:$R$73,S$3) -> 0 | T59: =COUNTIF(Users!$R$73:$R$73,T$3) -> 0 | U59: =COUNTIF(Users!$R$73:$R$73,U$3) -> 0 | V59: =COUNTA(Users!$G$73:$G$73)-SUM(Q59:U59) -> 1
C60: Bảo mật - Security | D60: Ghi vết - Audit log | E60: =F60/G60 -> 0 | F60: =SUM(H60:L60) -> 0 | G60: =SUM(H60:M60) -> 1 | H60: =COUNTIF(Users!$M$74:$M$74,H$3) -> 0 | I60: =COUNTIF(Users!$M$74:$M$74,I$3) -> 0 | J60: =COUNTIF(Users!$M$74:$M$74,J$3) -> 0 | K60: =COUNTIF(Users!$M$74:$M$74,K$3) -> 0 | L60: =COUNTIF(Users!$M$74:$M$74,L$3) -> 0 | M60: =COUNTA(Users!$G$74:$G$74)-SUM(H60:L60) -> 1 | N60: =O60/P60 -> 0 | O60: =SUM(Q60:U60) -> 0 | P60: =SUM(Q60:V60) -> 1 | Q60: =COUNTIF(Users!$R$74:$R$74,Q$3) -> 0 | R60: =COUNTIF(Users!$R$74:$R$74,R$3) -> 0 | S60: =COUNTIF(Users!$R$74:$R$74,S$3) -> 0 | T60: =COUNTIF(Users!$R$74:$R$74,T$3) -> 0 | U60: =COUNTIF(Users!$R$74:$R$74,U$3) -> 0 | V60: =COUNTA(Users!$G$74:$G$74)-SUM(Q60:U60) -> 1
C61: Total | E61: =F61/G61 -> 0 | F61: =SUM(H61:L61) -> 0 | G61: =SUM(H61:M61) -> 62 | H61: =SUM(H41:H60) -> 0 | I61: =SUM(I41:I60) -> 0 | J61: =SUM(J41:J60) -> 0 | K61: =SUM(K41:K60) -> 0 | L61: =SUM(L41:L60) -> 0 | M61: =SUM(M41:M60) -> 62 | N61: =O61/P61 -> 0 | O61: =SUM(Q61:U61) -> 0 | P61: =SUM(Q61:V61) -> 62 | Q61: =SUM(Q41:Q60) -> 0 | R61: =SUM(R41:R60) -> 0 | S61: =SUM(S41:S60) -> 0 | T61: =SUM(T41:T60) -> 0 | U61: =SUM(U41:U60) -> 0 | V61: =SUM(V41:V60) -> 62
B62: Profile | C62: Điều hướng - Redirect | D62: Chỗ đổi ngôn ngữ - Language setting | E62: =F62/G62 -> 0 | F62: =SUM(H62:L62) -> 0 | G62: =SUM(H62:M62) -> 1 | H62: =COUNTIF(Profile!$M$13:$M$13,H$3) -> 0 | I62: =COUNTIF(Profile!$M$13:$M$13,I$3) -> 0 | J62: =COUNTIF(Profile!$M$13:$M$13,J$3) -> 0 | K62: =COUNTIF(Profile!$M$13:$M$13,K$3) -> 0 | L62: =COUNTIF(Profile!$M$13:$M$13,L$3) -> 0 | M62: =COUNTA(Profile!$G$13:$G$13)-SUM(H62:L62) -> 1 | N62: =O62/P62 -> 0 | O62: =SUM(Q62:U62) -> 0 | P62: =SUM(Q62:V62) -> 1 | Q62: =COUNTIF(Profile!$R$13:$R$13,Q$3) -> 0 | R62: =COUNTIF(Profile!$R$13:$R$13,R$3) -> 0 | S62: =COUNTIF(Profile!$R$13:$R$13,S$3) -> 0 | T62: =COUNTIF(Profile!$R$13:$R$13,T$3) -> 0 | U62: =COUNTIF(Profile!$R$13:$R$13,U$3) -> 0 | V62: =COUNTA(Profile!$G$13:$G$13)-SUM(Q62:U62) -> 1
C63: Đổi ngôn ngữ - Switch language | D63: Giao diện - Interface | E63: =F63/G63 -> 0 | F63: =SUM(H63:L63) -> 0 | G63: =SUM(H63:M63) -> 2 | H63: =COUNTIF(Profile!$M$14:$M$15,H$3) -> 0 | I63: =COUNTIF(Profile!$M$14:$M$15,I$3) -> 0 | J63: =COUNTIF(Profile!$M$14:$M$15,J$3) -> 0 | K63: =COUNTIF(Profile!$M$14:$M$15,K$3) -> 0 | L63: =COUNTIF(Profile!$M$14:$M$15,L$3) -> 0 | M63: =COUNTA(Profile!$G$14:$G$15)-SUM(H63:L63) -> 2 | N63: =O63/P63 -> 0 | O63: =SUM(Q63:U63) -> 0 | P63: =SUM(Q63:V63) -> 2 | Q63: =COUNTIF(Profile!$R$14:$R$15,Q$3) -> 0 | R63: =COUNTIF(Profile!$R$14:$R$15,R$3) -> 0 | S63: =COUNTIF(Profile!$R$14:$R$15,S$3) -> 0 | T63: =COUNTIF(Profile!$R$14:$R$15,T$3) -> 0 | U63: =COUNTIF(Profile!$R$14:$R$15,U$3) -> 0 | V63: =COUNTA(Profile!$G$14:$G$15)-SUM(Q63:U63) -> 2
C64: Đổi ngôn ngữ - Switch language | D64: Nội dung framework - Framework content | E64: =F64/G64 -> 0 | F64: =SUM(H64:L64) -> 0 | G64: =SUM(H64:M64) -> 3 | H64: =COUNTIF(Profile!$M$16:$M$18,H$3) -> 0 | I64: =COUNTIF(Profile!$M$16:$M$18,I$3) -> 0 | J64: =COUNTIF(Profile!$M$16:$M$18,J$3) -> 0 | K64: =COUNTIF(Profile!$M$16:$M$18,K$3) -> 0 | L64: =COUNTIF(Profile!$M$16:$M$18,L$3) -> 0 | M64: =COUNTA(Profile!$G$16:$G$18)-SUM(H64:L64) -> 3 | N64: =O64/P64 -> 0 | O64: =SUM(Q64:U64) -> 0 | P64: =SUM(Q64:V64) -> 3 | Q64: =COUNTIF(Profile!$R$16:$R$18,Q$3) -> 0 | R64: =COUNTIF(Profile!$R$16:$R$18,R$3) -> 0 | S64: =COUNTIF(Profile!$R$16:$R$18,S$3) -> 0 | T64: =COUNTIF(Profile!$R$16:$R$18,T$3) -> 0 | U64: =COUNTIF(Profile!$R$16:$R$18,U$3) -> 0 | V64: =COUNTA(Profile!$G$16:$G$18)-SUM(Q64:U64) -> 3
C65: Lưu lựa chọn - Persistence | D65: Theo người dùng - Per user | E65: =F65/G65 -> 0 | F65: =SUM(H65:L65) -> 0 | G65: =SUM(H65:M65) -> 5 | H65: =COUNTIF(Profile!$M$19:$M$23,H$3) -> 0 | I65: =COUNTIF(Profile!$M$19:$M$23,I$3) -> 0 | J65: =COUNTIF(Profile!$M$19:$M$23,J$3) -> 0 | K65: =COUNTIF(Profile!$M$19:$M$23,K$3) -> 0 | L65: =COUNTIF(Profile!$M$19:$M$23,L$3) -> 0 | M65: =COUNTA(Profile!$G$19:$G$23)-SUM(H65:L65) -> 5 | N65: =O65/P65 -> 0 | O65: =SUM(Q65:U65) -> 0 | P65: =SUM(Q65:V65) -> 5 | Q65: =COUNTIF(Profile!$R$19:$R$23,Q$3) -> 0 | R65: =COUNTIF(Profile!$R$19:$R$23,R$3) -> 0 | S65: =COUNTIF(Profile!$R$19:$R$23,S$3) -> 0 | T65: =COUNTIF(Profile!$R$19:$R$23,T$3) -> 0 | U65: =COUNTIF(Profile!$R$19:$R$23,U$3) -> 0 | V65: =COUNTA(Profile!$G$19:$G$23)-SUM(Q65:U65) -> 5
C66: Phân quyền - Permission | D66: Vai trò SGS - SGS roles | E66: =F66/G66 -> 0 | F66: =SUM(H66:L66) -> 0 | G66: =SUM(H66:M66) -> 1 | H66: =COUNTIF(Profile!$M$24:$M$24,H$3) -> 0 | I66: =COUNTIF(Profile!$M$24:$M$24,I$3) -> 0 | J66: =COUNTIF(Profile!$M$24:$M$24,J$3) -> 0 | K66: =COUNTIF(Profile!$M$24:$M$24,K$3) -> 0 | L66: =COUNTIF(Profile!$M$24:$M$24,L$3) -> 0 | M66: =COUNTA(Profile!$G$24:$G$24)-SUM(H66:L66) -> 1 | N66: =O66/P66 -> 0 | O66: =SUM(Q66:U66) -> 0 | P66: =SUM(Q66:V66) -> 1 | Q66: =COUNTIF(Profile!$R$24:$R$24,Q$3) -> 0 | R66: =COUNTIF(Profile!$R$24:$R$24,R$3) -> 0 | S66: =COUNTIF(Profile!$R$24:$R$24,S$3) -> 0 | T66: =COUNTIF(Profile!$R$24:$R$24,T$3) -> 0 | U66: =COUNTIF(Profile!$R$24:$R$24,U$3) -> 0 | V66: =COUNTA(Profile!$G$24:$G$24)-SUM(Q66:U66) -> 1
C67: Phân quyền - Permission | D67: Customer Viewer | E67: =F67/G67 -> 0 | F67: =SUM(H67:L67) -> 0 | G67: =SUM(H67:M67) -> 1 | H67: =COUNTIF(Profile!$M$25:$M$25,H$3) -> 0 | I67: =COUNTIF(Profile!$M$25:$M$25,I$3) -> 0 | J67: =COUNTIF(Profile!$M$25:$M$25,J$3) -> 0 | K67: =COUNTIF(Profile!$M$25:$M$25,K$3) -> 0 | L67: =COUNTIF(Profile!$M$25:$M$25,L$3) -> 0 | M67: =COUNTA(Profile!$G$25:$G$25)-SUM(H67:L67) -> 1 | N67: =O67/P67 -> 0 | O67: =SUM(Q67:U67) -> 0 | P67: =SUM(Q67:V67) -> 1 | Q67: =COUNTIF(Profile!$R$25:$R$25,Q$3) -> 0 | R67: =COUNTIF(Profile!$R$25:$R$25,R$3) -> 0 | S67: =COUNTIF(Profile!$R$25:$R$25,S$3) -> 0 | T67: =COUNTIF(Profile!$R$25:$R$25,T$3) -> 0 | U67: =COUNTIF(Profile!$R$25:$R$25,U$3) -> 0 | V67: =COUNTA(Profile!$G$25:$G$25)-SUM(Q67:U67) -> 1
C68: Total | E68: =F68/G68 -> 0 | F68: =SUM(H68:L68) -> 0 | G68: =SUM(H68:M68) -> 13 | H68: =SUM(H62:H67) -> 0 | I68: =SUM(I62:I67) -> 0 | J68: =SUM(J62:J67) -> 0 | K68: =SUM(K62:K67) -> 0 | L68: =SUM(L62:L67) -> 0 | M68: =SUM(M62:M67) -> 13 | N68: =O68/P68 -> 0 | O68: =SUM(Q68:U68) -> 0 | P68: =SUM(Q68:V68) -> 13 | Q68: =SUM(Q62:Q67) -> 0 | R68: =SUM(R62:R67) -> 0 | S68: =SUM(S62:S67) -> 0 | T68: =SUM(T62:T67) -> 0 | U68: =SUM(U62:U67) -> 0 | V68: =SUM(V62:V67) -> 13
B69: Total | E69: =F69/G69 -> 0 | F69: =SUM(F14,F40,F61,F68) -> 0 | G69: =SUM(G14,G40,G61,G68) -> 254 | H69: =SUM(H14,H40,H61,H68) -> 0 | I69: =SUM(I14,I40,I61,I68) -> 0 | J69: =SUM(J14,J40,J61,J68) -> 0 | K69: =SUM(K14,K40,K61,K68) -> 0 | L69: =SUM(L14,L40,L61,L68) -> 0 | M69: =SUM(M14,M40,M61,M68) -> 254 | N69: =O69/P69 -> 0 | O69: =SUM(O14,O40,O61,O68) -> 0 | P69: =SUM(P14,P40,P61,P68) -> 254 | Q69: =SUM(Q14,Q40,Q61,Q68) -> 0 | R69: =SUM(R14,R40,R61,R68) -> 0 | S69: =SUM(S14,S40,S61,S68) -> 0 | T69: =SUM(T14,T40,T61,T68) -> 0 | U69: =SUM(U14,U40,U61,U68) -> 0 | V69: =SUM(V14,V40,V61,V68) -> 254

Sheet Login
B3: Function Name | C3: AUTH-L0001_Đăng nhập | K3: Round | L3: Total | M3: Passed | N3: Failed | O3: Pending | P3: Blocked | Q3: NA | R3: Not execute
B4: Screen Name | C4: Login · Customer Portal | K4: Round 1 | L4: =COUNTA($G$13:$G$112) -> 52 | M4: =COUNTIF($M$13:$M941,M3) -> 0 | N4: =COUNTIF($M$13:$M941,N3) -> 0 | O4: =COUNTIF($M$13:$M941,O3) -> 0 | P4: =COUNTIF($M$13:$M941,P3) -> 0 | Q4: =COUNTIF($M$13:$M941,Q3) -> 0 | R4: =L4-SUM(M4:Q4) -> 52
B5: Creator | C5: Hanna | M5: =M4/$L$4 -> 0 | N5: =N4/$L$4 -> 0 | O5: =O4/$L$4 -> 0 | P5: =P4/$L$4 -> 0 | Q5: =Q4/$L$4 -> 0 | R5: =R4/$L$4 -> 1
B6: Created date | C6: 01/10/2026 | K6: Round 2 | L6: =COUNTA($G$13:$G$112) -> 52 | M6: =COUNTIF($R$13:$R$115,M3) -> 0 | N6: =COUNTIF($R$13:$R$115,N3) -> 0 | O6: =COUNTIF($R$13:$R$115,O3) -> 0 | P6: =COUNTIF($R$13:$R$115,P3) -> 0 | Q6: =COUNTIF($R$13:$R$115,Q3) -> 0 | R6: =L6-SUM(M6:Q6) -> 52
B7: Reference | C7: Figma SGS-DTP-DS · Screens 01 Authentication · Customer / Sign in | M7: =M6/$L$6 -> 0 | N7: =N6/$L$6 -> 0 | O7: =O6/$L$6 -> 0 | P7: =P6/$L$6 -> 0 | Q7: =Q6/$L$6 -> 0 | R7: =R6/$L$6 -> 1
M10: Round 1 | R10: Round 2
B11: Classification | F11: Priority | G11: TVP_ID | H11: Test case name/ Test view point | I11: Pre-condition | J11: Step | K11: Expected result | L11: Dev test | M11: Result | N11: Test person | O11: Test date | P11: Bug_ID | Q11: Remark | R11: Result | S11: Test person | T11: Test date | U11: Bug_ID | V11: Remark | W11: Open question | X11: UC
A12: No. | B12: I | C12: II | D12: III | E12: IV
A13: 1 | B13: Đăng nhập - Login | C13: Điều hướng - Redirect | D13: Vào màn hình | E13: Chưa đăng nhập | F13: High | G13: TC_001 | H13: Kiểm tra đường dẫn vào màn hình đăng nhập | I13: Chưa đăng nhập | J13: 1. Mở {{url.customer}} | K13: - Chuyển sang màn hình Đăng nhập - Hiển thị đủ: logo SGS, tiêu đề Digital Trust Platform, phụ đề Customer Portal | X13: UC-AUTH-001
A14: 2 | E14: Đã đăng nhập | F14: Medium | G14: TC_002 | H14: Kiểm tra khi đã đăng nhập mà mở lại màn đăng nhập | I14: Đã đăng nhập bằng {{user.cust_admin}} | J14: 1. Mở lại {{url.customer}}/login | W14: Chưa rõ: vào thẳng Home hay vẫn hiện màn đăng nhập → Q-L-12 | X14: UC-AUTH-001
A15: 3 | E15: Mở link sâu khi chưa đăng nhập | F15: High | G15: TC_003 | H15: Kiểm tra mở trang nội bộ bằng URL khi chưa đăng nhập | I15: Chưa đăng nhập | J15: 1. Dán URL một trang nội bộ, ví dụ {{url.customer}}/scopes 2. Enter | K15: - Chuyển sang màn hình Đăng nhập, không hiển thị nội dung trang nội bộ | W15: Sau khi đăng nhập có quay lại đúng trang vừa mở không → Q-L-12 | X15: UC-ROL-001
A16: 4 | C16: Hiển thị - Display | D16: Khối bên trái | E16: Thương hiệu | F16: Low | G16: TC_004 | H16: Kiểm tra hiển thị khối thương hiệu bên trái | I16: Chưa đăng nhập | J16: 1. Mở {{url.customer}} 2. Kiểm tra khối bên trái | K16: - Hiển thị hoạ tiết thương hiệu SGS - Tiêu đề: Digital Trust Platform - Phụ đề: Customer Portal | X16: UC-AUTH-001
A17: 5 | D17: Khối bên phải | E17: Logo và tiêu đề | F17: Low | G17: TC_005 | H17: Kiểm tra hiển thị logo và tiêu đề khối đăng nhập | I17: Chưa đăng nhập | J17: 1. Mở {{url.customer}} 2. Kiểm tra phần đầu khối bên phải | K17: - Logo SGS - Tiêu đề: Digital Trust Platform - Phụ đề: Customer Portal | X17: UC-AUTH-001
A18: 6 | E18: Tiêu đề trình duyệt | F18: Low | G18: TC_006 | H18: Kiểm tra tiêu đề tab trình duyệt | I18: Chưa đăng nhập | J18: 1. Mở {{url.customer}} 2. Kiểm tra tiêu đề tab | W18: Chưa có text tiêu đề tab trong thiết kế | X18: UC-AUTH-001
A19: 7 | E19: Màn hình hẹp | F19: Low | G19: TC_007 | H19: Kiểm tra hiển thị ở màn hình hẹp | I19: Chưa đăng nhập | J19: 1. Mở {{url.customer}} 2. Thu nhỏ cửa sổ xuống dưới 768px 3. Kiểm tra bố cục | W19: Thiết kế chưa có bản màn hình hẹp | X19: UC-AUTH-001
A20: 8 | C20: Ngôn ngữ - Language | D20: Bộ chọn ngôn ngữ | E20: Hiển thị mặc định | F20: Medium | G20: TC_008 | H20: Kiểm tra hiển thị mặc định của bộ chọn ngôn ngữ | I20: Chưa đăng nhập | J20: 1. Mở {{url.customer}} 2. Kiểm tra góc trên bên phải | K20: - Hiển thị icon quả địa cầu - Giá trị mặc định: EN - Có mũi tên mở danh sách | W20: Mặc định lấy theo trình duyệt hay cố định EN → Q-L-08 | X20: UC-AUTH-001
A21: 9 | E21: Mở danh sách | F21: Medium | G21: TC_009 | H21: Kiểm tra hiển thị khi mở danh sách ngôn ngữ | I21: Chưa đăng nhập | J21: 1. Mở {{url.customer}} 2. Bấm vào bộ chọn ngôn ngữ | W21: Danh sách ngôn ngữ gồm những gì → Q-L-08 | X21: UC-AUTH-001
A22: 10 | E22: Chọn ngôn ngữ khác | F22: Medium | G22: TC_010 | H22: Kiểm tra khi chọn một ngôn ngữ khác | I22: Chưa đăng nhập | J22: 1. Mở {{url.customer}} 2. Mở danh sách 3. Chọn một ngôn ngữ khác EN | W22: Bản dịch của màn đăng nhập chưa có → Q-L-08 | X22: UC-AUTH-001
A23: 11 | E23: Giữ lựa chọn | F23: Low | G23: TC_011 | H23: Kiểm tra giữ ngôn ngữ đã chọn sau khi tải lại trang | I23: Chưa đăng nhập | J23: 1. Mở {{url.customer}} 2. Chọn ngôn ngữ khác 3. Tải lại trang | W23: Có lưu lựa chọn không → Q-L-08 | X23: UC-AUTH-001
A24: 12 | C24: Email | D24: Hiển thị | E24: Mặc định | F24: High | G24: TC_012 | H24: Kiểm tra hiển thị mặc định của trường Email | I24: Chưa đăng nhập | J24: 1. Mở {{url.customer}} 2. Kiểm tra trường Email | K24: - Nhãn: Email kèm dấu * đỏ - Placeholder: name@company.com - Ô rỗng, không có thông báo lỗi | X24: UC-AUTH-001
A25: 13 | E25: Khi focus | F25: Low | G25: TC_013 | H25: Kiểm tra hiển thị khi đặt con trỏ vào trường Email | I25: Chưa đăng nhập | J25: 1. Mở {{url.customer}} 2. Bấm vào trường Email | K25: - Trường được làm nổi - Placeholder vẫn hiển thị khi chưa gõ | X25: UC-AUTH-001
A26: 14 | D26: Nhập liệu | E26: Nhập hợp lệ | F26: High | G26: TC_014 | H26: Kiểm tra nhập email đúng định dạng | I26: Chưa đăng nhập | J26: 1. Mở {{url.customer}} 2. Nhập {{user.cust_admin}} | K26: - Hiển thị đúng text đã nhập - Không có thông báo lỗi | X26: UC-AUTH-001
A27: 15 | E27: Giới hạn ký tự | F27: Medium | G27: TC_015 | H27: Kiểm tra nhập quá giới hạn ký tự | I27: Chưa đăng nhập | J27: 1. Mở {{url.customer}} 2. Nhập chuỗi dài hơn giới hạn cho phép | W27: Giới hạn ký tự của Email là bao nhiêu → Q-L-10 | X27: UC-AUTH-001
A28: 16 | E28: Ký tự đặc biệt và câu lệnh SQL | F28: High | G28: TC_016 | H28: Kiểm tra nhập ký tự đặc biệt và câu lệnh SQL | I28: Chưa đăng nhập | J28: 1. Mở {{url.customer}} 2. Nhập chuỗi chứa ' OR 1=1 -- và thẻ <script> 3. Bấm Sign in | K28: - Không đăng nhập được - Không có lỗi hệ thống, không lộ thông tin kỹ thuật | W28: Text lỗi hiển thị là gì → Q-L-02 | X28: UC-ROL-001
A29: 17 | E29: Khoảng trắng đầu cuối | F29: Low | G29: TC_017 | H29: Kiểm tra nhập email có khoảng trắng ở đầu và cuối | I29: Chưa đăng nhập | J29: 1. Mở {{url.customer}} 2. Nhập ' {{user.cust_admin}} ' 3. Bấm Sign in | W29: Có tự cắt khoảng trắng không → Q-L-02 | X29: UC-AUTH-001
A30: 18 | E30: Chữ hoa chữ thường | F30: Low | G30: TC_018 | H30: Kiểm tra nhập email viết hoa | I30: Chưa đăng nhập | J30: 1. Mở {{url.customer}} 2. Nhập email đúng nhưng viết hoa toàn bộ 3. Bấm Sign in | W30: Email có phân biệt hoa thường không → Q-L-02 | X30: UC-AUTH-001
A31: 19 | D31: Kiểm tra dữ liệu | E31: Bỏ trống | F31: High | G31: TC_019 | H31: Kiểm tra bỏ trống Email rồi đăng nhập | I31: Chưa đăng nhập | J31: 1. Mở {{url.customer}} 2. Để trống Email 3. Nhập mật khẩu hợp lệ 4. Bấm Sign in | K31: - Không gọi đăng nhập - Hiển thị thông báo lỗi ngay dưới trường Email | W31: Text lỗi nguyên văn → Q-L-01 | X31: UC-AUTH-001
A32: 20 | E32: Sai định dạng | F32: High | G32: TC_020 | H32: Kiểm tra nhập email sai định dạng | I32: Chưa đăng nhập | J32: 1. Mở {{url.customer}} 2. Nhập 'abc@' 3. Nhập mật khẩu hợp lệ 4. Bấm Sign in | K32: - Không gọi đăng nhập - Hiển thị thông báo lỗi ngay dưới trường Email | W32: Text lỗi nguyên văn → Q-L-02 | X32: UC-AUTH-001
A33: 21 | C33: Mật khẩu - Password | D33: Hiển thị | E33: Mặc định | F33: High | G33: TC_021 | H33: Kiểm tra hiển thị mặc định của trường Mật khẩu | I33: Chưa đăng nhập | J33: 1. Mở {{url.customer}} 2. Kiểm tra trường Password | K33: - Nhãn: Password kèm dấu * đỏ - Placeholder: Enter your password - Ô rỗng, không có thông báo lỗi | X33: UC-AUTH-001
A34: 22 | E34: Che ký tự | F34: High | G34: TC_022 | H34: Kiểm tra ký tự mật khẩu được che | I34: Chưa đăng nhập | J34: 1. Mở {{url.customer}} 2. Nhập mật khẩu bất kỳ | K34: - Mọi ký tự hiển thị dạng chấm tròn, không hiện text gốc | X34: UC-AUTH-001
A35: 23 | E35: Nút hiện mật khẩu | F35: Medium | G35: TC_023 | H35: Kiểm tra nút hiện/ẩn mật khẩu | I35: Chưa đăng nhập | J35: 1. Mở {{url.customer}} 2. Kiểm tra bên trong trường Password | W35: Thiết kế không có nút hiện/ẩn mật khẩu — có hay không → Q-L-11 | X35: UC-AUTH-001
A36: 24 | D36: Nhập liệu | E36: Giới hạn ký tự | F36: Medium | G36: TC_024 | H36: Kiểm tra nhập quá giới hạn ký tự | I36: Chưa đăng nhập | J36: 1. Mở {{url.customer}} 2. Nhập chuỗi dài hơn giới hạn cho phép | W36: Giới hạn ký tự của Password là bao nhiêu → Q-L-10 | X36: UC-AUTH-001
A37: 25 | E37: Dán nội dung | F37: Low | G37: TC_025 | H37: Kiểm tra dán mật khẩu từ bộ nhớ tạm | I37: Chưa đăng nhập | J37: 1. Mở {{url.customer}} 2. Dán chuỗi vào trường Password | K37: - Cho phép dán - Ký tự vẫn được che | X37: UC-AUTH-001
A38: 26 | D38: Kiểm tra dữ liệu | E38: Bỏ trống | F38: High | G38: TC_026 | H38: Kiểm tra bỏ trống Mật khẩu rồi đăng nhập | I38: Chưa đăng nhập | J38: 1. Mở {{url.customer}} 2. Nhập Email hợp lệ 3. Để trống Password 4. Bấm Sign in | K38: - Không gọi đăng nhập - Hiển thị thông báo lỗi ngay dưới trường Password | W38: Text lỗi nguyên văn → Q-L-01 | X38: UC-AUTH-001
A39: 27 | E39: Bỏ trống cả hai | F39: High | G39: TC_027 | H39: Kiểm tra bỏ trống cả hai trường rồi đăng nhập | I39: Chưa đăng nhập | J39: 1. Mở {{url.customer}} 2. Để trống cả hai 3. Bấm Sign in | K39: - Không gọi đăng nhập - Hiển thị lỗi ở cả hai trường | W39: Text lỗi nguyên văn → Q-L-01 | X39: UC-AUTH-001
A40: 28 | C40: Ghi nhớ đăng nhập | D40: Checkbox | E40: Mặc định | F40: Medium | G40: TC_028 | H40: Kiểm tra trạng thái mặc định của checkbox | I40: Chưa đăng nhập | J40: 1. Mở {{url.customer}} 2. Kiểm tra checkbox Keep me signed in | K40: - Checkbox ở trạng thái chưa tích - Nhãn: Keep me signed in | X40: UC-AUTH-001
A41: 29 | E41: Tích và bỏ tích | F41: Low | G41: TC_029 | H41: Kiểm tra tích và bỏ tích checkbox | I41: Chưa đăng nhập | J41: 1. Mở {{url.customer}} 2. Tích checkbox 3. Bỏ tích | K41: - Trạng thái đổi theo thao tác | X41: UC-AUTH-001
A42: 30 | D42: Phiên đăng nhập | E42: Có tích | F42: Medium | G42: TC_030 | H42: Kiểm tra thời hạn phiên khi có tích | I42: Chưa đăng nhập | J42: 1. Mở {{url.customer}} 2. Tích checkbox 3. Đăng nhập thành công 4. Đóng trình duyệt rồi mở lại | W42: Thời hạn phiên khi có tích là bao lâu → Q-L-06 | X42: UC-AUTH-001
A43: 31 | E43: Không tích | F43: Medium | G43: TC_031 | H43: Kiểm tra thời hạn phiên khi không tích | I43: Chưa đăng nhập | J43: 1. Mở {{url.customer}} 2. Không tích checkbox 3. Đăng nhập thành công 4. Đóng trình duyệt rồi mở lại | W43: Thời hạn phiên khi không tích là bao lâu → Q-L-06 | X43: UC-AUTH-001
A44: 32 | C44: Đăng nhập - Sign in | D44: Thành công | E44: Đúng cặp email và mật khẩu | F44: High | G44: TC_032 | H44: Kiểm tra đăng nhập với thông tin hợp lệ | I44: Chưa đăng nhập; có tài khoản {{user.cust_admin}} đang hoạt động | J44: 1. Mở {{url.customer}} 2. Nhập {{user.cust_admin}} 3. Nhập mật khẩu đúng 4. Bấm Sign in | K44: - Đăng nhập thành công, không có thông báo lỗi - Rời khỏi màn hình đăng nhập | X44: UC-AUTH-001
A45: 33 | E45: Màn hình sau khi đăng nhập | F45: High | G45: TC_033 | H45: Kiểm tra màn hình hiển thị sau khi đăng nhập | I45: Chưa đăng nhập; có tài khoản {{user.cust_admin}} đang hoạt động | J45: 1. Mở {{url.customer}} 2. Đăng nhập thành công 3. Kiểm tra màn hình | K45: - Hiển thị màn hình Home của Customer Portal - Menu trái hiện đúng các mục theo vai trò | W45: Xác nhận màn hình đích là Home → Q-L-12 | X45: UC-AUTH-001
A46: 34 | E46: Nhấn Enter để gửi | F46: Low | G46: TC_034 | H46: Kiểm tra đăng nhập bằng phím Enter | I46: Chưa đăng nhập; có tài khoản {{user.cust_admin}} đang hoạt động | J46: 1. Mở {{url.customer}} 2. Nhập đủ email và mật khẩu 3. Nhấn phím Enter | K46: - Gửi biểu mẫu, kết quả giống khi bấm Sign in | X46: UC-AUTH-001
A47: 35 | E47: Vai trò khác | F47: Medium | G47: TC_035 | H47: Kiểm tra đăng nhập bằng vai trò chỉ đọc | I47: Chưa đăng nhập; có tài khoản {{user.cust_viewer}} đang hoạt động | J47: 1. Mở {{url.customer}} 2. Đăng nhập bằng {{user.cust_viewer}} | K47: - Đăng nhập thành công - Menu và nút hành động hiển thị theo đúng quyền của vai trò | X47: UC-ROL-001
A48: 36 | D48: Không thành công | E48: Sai mật khẩu | F48: High | G48: TC_036 | H48: Kiểm tra đăng nhập với mật khẩu sai | I48: Chưa đăng nhập; có tài khoản {{user.cust_admin}} đang hoạt động | J48: 1. Mở {{url.customer}} 2. Nhập email đúng 3. Nhập mật khẩu sai 4. Bấm Sign in | K48: - Không đăng nhập được, vẫn ở màn hình đăng nhập - Hiển thị thông báo lỗi | W48: Text lỗi nguyên văn → Q-L-03 | X48: UC-AUTH-001
A49: 37 | E49: Email không tồn tại | F49: High | G49: TC_037 | H49: Kiểm tra đăng nhập với email không tồn tại | I49: Chưa đăng nhập | J49: 1. Mở {{url.customer}} 2. Nhập email chưa đăng ký 3. Nhập mật khẩu bất kỳ 4. Bấm Sign in | K49: - Không đăng nhập được - Thông báo lỗi KHÔNG được tiết lộ email có tồn tại trên hệ thống hay không | W49: Text lỗi nguyên văn, và có dùng chung text với sai mật khẩu không → Q-L-03 | X49: UC-AUTH-001
A50: 38 | E50: Tài khoản chưa kích hoạt | F50: High | G50: TC_038 | H50: Kiểm tra đăng nhập bằng tài khoản chưa kích hoạt | I50: Chưa đăng nhập; có tài khoản ở trạng thái chưa kích hoạt | J50: 1. Mở {{url.customer}} 2. Nhập email của tài khoản chưa kích hoạt 3. Nhập mật khẩu 4. Bấm Sign in | K50: - Không đăng nhập được | W50: Điều kiện và text của trạng thái Inactive → Q-L-05 | X50: UC-AUTH-005
A51: 39 | E51: Tài khoản bị khoá | F51: High | G51: TC_039 | H51: Kiểm tra đăng nhập bằng tài khoản bị khoá | I51: Chưa đăng nhập; có tài khoản ở trạng thái bị khoá | J51: 1. Mở {{url.customer}} 2. Nhập email của tài khoản bị khoá 3. Nhập mật khẩu đúng 4. Bấm Sign in | K51: - Không đăng nhập được | W51: Điều kiện khoá và text → Q-L-04 | X51: UC-AUTH-001
A52: 40 | E52: Sai nhiều lần liên tiếp | F52: High | G52: TC_040 | H52: Kiểm tra nhập sai mật khẩu nhiều lần liên tiếp | I52: Chưa đăng nhập; có tài khoản {{user.cust_admin}} đang hoạt động | J52: 1. Mở {{url.customer}} 2. Nhập sai mật khẩu nhiều lần liên tiếp 3. Kiểm tra sau mỗi lần | W52: Sai bao nhiêu lần thì khoá, khoá bao lâu, có CAPTCHA không → Q-L-04, Q-L-13 | X52: UC-AUTH-001
A53: 41 | E53: Tài khoản bị tạm ngừng | F53: Medium | G53: TC_041 | H53: Kiểm tra đăng nhập khi tài khoản khách hàng bị tạm ngừng | I53: Chưa đăng nhập; tài khoản khách hàng ở trạng thái tạm ngừng (UC-ACC-009) | J53: 1. Mở {{url.customer}} 2. Đăng nhập bằng người dùng thuộc tenant đó | K53: - Không truy cập được nền tảng | W53: Hiển thị thông báo gì → Q-L-05 | X53: UC-ACC-009
A54: 42 | C54: Nút Sign in | D54: Trạng thái nút | E54: Mặc định | F54: Medium | G54: TC_042 | H54: Kiểm tra trạng thái mặc định của nút Sign in | I54: Chưa đăng nhập | J54: 1. Mở {{url.customer}} 2. Kiểm tra nút Sign in khi hai trường còn rỗng | W54: Nút bật hay tắt khi chưa nhập gì → Q-L-01 | X54: UC-AUTH-001
A55: 43 | E55: Đang xử lý | F55: Medium | G55: TC_043 | H55: Kiểm tra trạng thái nút khi đang gửi | I55: Chưa đăng nhập; có tài khoản {{user.cust_admin}} đang hoạt động | J55: 1. Mở {{url.customer}} 2. Nhập đủ thông tin 3. Bấm Sign in 4. Quan sát nút trong lúc chờ | W55: Thiết kế chưa có trạng thái đang xử lý | X55: UC-AUTH-001
A56: 44 | E56: Bấm nhiều lần | F56: Medium | G56: TC_044 | H56: Kiểm tra bấm Sign in nhiều lần liên tiếp | I56: Chưa đăng nhập; có tài khoản {{user.cust_admin}} đang hoạt động | J56: 1. Mở {{url.customer}} 2. Nhập đủ thông tin 3. Bấm Sign in liên tiếp nhiều lần | K56: - Chỉ tạo một phiên đăng nhập, không gửi trùng yêu cầu | X56: UC-AUTH-001
A57: 45 | C57: Hỗ trợ - Support | D57: Liên kết | E57: Contact SGS support | F57: Medium | G57: TC_045 | H57: Kiểm tra hiển thị dòng hỗ trợ | I57: Chưa đăng nhập | J57: 1. Mở {{url.customer}} 2. Kiểm tra dòng dưới nút Sign in | K57: - Text: Need help? - Liên kết: Contact SGS support, có gạch chân | X57: UC-AUTH-001
A58: 46 | E58: Bấm vào liên kết | F58: Medium | G58: TC_046 | H58: Kiểm tra khi bấm Contact SGS support | I58: Chưa đăng nhập | J58: 1. Mở {{url.customer}} 2. Bấm Contact SGS support | W58: Liên kết dẫn tới đâu: email, trang hỗ trợ hay cửa sổ chat → Q-L-09 | X58: UC-AUTH-001
A59: 47 | D59: Quên mật khẩu | E59: Lối vào | F59: High | G59: TC_047 | H59: Kiểm tra lối vào chức năng quên mật khẩu | I59: Chưa đăng nhập | J59: 1. Mở {{url.customer}} 2. Tìm liên kết quên mật khẩu trên màn hình đăng nhập | W59: Màn hình không có liên kết quên mật khẩu, trong khi UC-AUTH-003 có chức năng này. Vào từ đâu → Q-L-07 | X59: UC-AUTH-003
A60: 48 | C60: Bảo mật - Security | D60: Lộ thông tin | E60: Mật khẩu trong DOM | F60: High | G60: TC_048 | H60: Kiểm tra mật khẩu không bị lộ trong mã trang | I60: Chưa đăng nhập | J60: 1. Mở {{url.customer}} 2. Nhập mật khẩu 3. Mở công cụ nhà phát triển, xem phần tử trường Password | K60: - Thuộc tính type là password - Giá trị không hiển thị dạng text thường | X60: UC-ROL-001
A61: 49 | E61: Mật khẩu trong yêu cầu mạng | F61: High | G61: TC_049 | H61: Kiểm tra mật khẩu không nằm trên URL | I61: Chưa đăng nhập | J61: 1. Mở {{url.customer}} 2. Mở tab Network 3. Đăng nhập 4. Kiểm tra yêu cầu đăng nhập | K61: - Gửi bằng phương thức POST qua HTTPS - Mật khẩu không nằm trong chuỗi truy vấn của URL | X61: UC-ROL-001
A62: 50 | D62: Phiên làm việc | E62: Quay lại sau khi đăng xuất | F62: High | G62: TC_050 | H62: Kiểm tra dùng nút Quay lại sau khi đăng xuất | I62: Đã đăng nhập rồi đăng xuất | J62: 1. Bấm nút Quay lại của trình duyệt 2. Kiểm tra hiển thị | K62: - Không hiển thị nội dung trang nội bộ - Chuyển về màn hình đăng nhập | X62: UC-ROL-001
A63: 51 | E63: Gọi thẳng API khi chưa đăng nhập | F63: High | G63: TC_051 | H63: Kiểm tra gọi API khi chưa có phiên | I63: Chưa đăng nhập | J63: 1. Gọi thẳng một API nội bộ không kèm token | K63: - Trả về 401, không trả dữ liệu | X63: UC-ROL-001
A64: 52 | D64: Ghi vết | E64: Ghi nhận lần đăng nhập | F64: Medium | G64: TC_052 | H64: Kiểm tra ghi vết đăng nhập thành công và thất bại | I64: Chưa đăng nhập; có tài khoản {{user.cust_admin}} đang hoạt động | J64: 1. Mở {{url.customer}} 2. Đăng nhập sai một lần 3. Đăng nhập đúng một lần 4. Mở Audit Trail bằng {{user.sgs_admin}} | K64: - Có bản ghi cho cả lần thất bại và lần thành công, đúng người, đúng thời điểm | W64: MVP có ghi vết lần đăng nhập thất bại không | X64: UC-AUD-001

Sheet Scopes
B3: Function Name | C3: SCP-L0001_Quản lý scope | K3: Round | L3: Total | M3: Passed | N3: Failed | O3: Pending | P3: Blocked | Q3: NA | R3: Not execute
B4: Screen Name | C4: Scopes · Customer Portal | K4: Round 1 | L4: =COUNTA($G$13:$G$148) -> 127 | M4: =COUNTIF($M$13:$M$148,M3) -> 0 | N4: =COUNTIF($M$13:$M$148,N3) -> 0 | O4: =COUNTIF($M$13:$M$148,O3) -> 0 | P4: =COUNTIF($M$13:$M$148,P3) -> 0 | Q4: =COUNTIF($M$13:$M$148,Q3) -> 0 | R4: =L4-SUM(M4:Q4) -> 127
B5: Creator | C5: Hanna | M5: =M4/$L$4 -> 0 | N5: =N4/$L$4 -> 0 | O5: =O4/$L$4 -> 0 | P5: =P4/$L$4 -> 0 | Q5: =Q4/$L$4 -> 0 | R5: =R4/$L$4 -> 1
B6: Created date | C6: 01/10/2026 | K6: Round 2 | L6: =COUNTA($G$13:$G$148) -> 127 | M6: =COUNTIF($R$13:$R$148,M3) -> 0 | N6: =COUNTIF($R$13:$R$148,N3) -> 0 | O6: =COUNTIF($R$13:$R$148,O3) -> 0 | P6: =COUNTIF($R$13:$R$148,P3) -> 0 | Q6: =COUNTIF($R$13:$R$148,Q3) -> 0 | R6: =L6-SUM(M6:Q6) -> 127
B7: Reference | C7: Figma SGS-DTP-DS · Screens 05 Scopes · prototype | M7: =M6/$L$6 -> 0 | N7: =N6/$L$6 -> 0 | O7: =O6/$L$6 -> 0 | P7: =P6/$L$6 -> 0 | Q7: =Q6/$L$6 -> 0 | R7: =R6/$L$6 -> 1
M10: Round 1 | R10: Round 2
B11: Classification | F11: Priority | G11: TVP_ID | H11: Test case name/ Test view point | I11: Pre-condition | J11: Step | K11: Expected result | L11: Dev test | M11: Result | N11: Test person | O11: Test date | P11: Bug_ID | Q11: Remark | R11: Result | S11: Test person | T11: Test date | U11: Bug_ID | V11: Remark | W11: Open question | X11: UC
A12: No. | B12: I | C12: II | D12: III | E12: IV
A13: 13 | B13: Điều hướng - Redirect | C13: Vào danh sách - Scope list | D13: Từ menu | E13: Bấm Scopes ở menu trái | F13: High | G13: Scope_001 | H13: Kiểm tra vào màn Scopes từ menu trái | I13: Đăng nhập account Customer Admin | J13: 1. Bấm mục Scopes ở menu trái | K13: - Chuyển sang màn Scopes - Breadcrumb: Scopes - Mục Scopes ở menu trái được tô nền | X13: UC-SCP-001
A14: 14 | D14: Bằng URL | E14: Đã đăng nhập | F14: Medium | G14: Scope_002 | H14: Kiểm tra mở màn Scopes bằng URL | I14: Đăng nhập account Customer Admin | J14: 1. Mở thẳng vào scopes | K14: - Hiển thị màn Scopes - Mục Scopes ở menu trái được tô nền | X14: UC-SCP-001
A15: 15 | C15: Vào chi tiết - Scope detail | D15: Từ danh sách | E15: Bấm tên scope | F15: High | G15: Scope_003 | H15: Kiểm tra mở chi tiết scope từ danh sách | I15: Đăng nhập account Customer Admin | J15: 1. Vào màn hình Scopes | K15: - Chuyển sang màn chi tiết, đúng dạng URL - Tiêu đề trang đúng định dạng | X15: UC-SCP-002
A16: 16 | D16: Bằng URL | E16: Mã scope hợp lệ | F16: Medium | G16: Scope_004 | H16: Kiểm tra mở chi tiết scope bằng URL | I16: Đăng nhập account Customer Admin | J16: 1. Mở url đúng định dạng | K16: - Hiển thị màn chi tiết của màn hình scope | X16: UC-SCP-002
A17: 17 | E17: Mã scope không tồn tại | F17: Medium | G17: Scope_005 | H17: Kiểm tra mở chi tiết bằng mã scope không tồn tại | I17: Đăng nhập account Customer Admin | J17: 1. Mở url sai định dạng | K17: - Hiển thị lỗi: "This scope doesn’t exist It may have been removed, or it belongs to an organisation you can’t see." | W17: Hiện trang lỗi, thông báo, hay quay về danh sách → Q-S-26 | X17: UC-SCP-002
A18: 18 | B18: Danh sách scope - Scope list | C18: Tiêu đề trang - Title | D18: Hiển thị | E18: Breadcrumb, tiêu đề, mô tả | F18: Medium | G18: Scope_006 | H18: Kiểm tra phần đầu màn Scopes | I18: Đăng nhập account Customer Admin | J18: 1. Mở màn Scopes 2. Kiểm tra phần đầu trang | K18: - Breadcrumb: Scopes - Tiêu đề: Scopes - Mô tả: The parts of [tenant.short] you prepare for a framework: the organisation, a product or a system.J18 | W18: Mô tả dùng tên ngắn (ABC Trading), màn chi tiết dùng tên đầy đủ (ABC Trading Co., Ltd.) → Q-S-02 | X18: UC-SCP-001
C19: Trạng thái rỗng - Empty | D19: Chưa có scope | E19: Customer Admin | F19: Medium | G19: Scope_052 | H19: Kiểm tra màn Scopes khi tenant chưa có scope nào | I19: Đăng nhập Customer Admin của tenant chưa có scope nào | J19: 1. Mở màn Scopes | K19: - Hiển thị thông tin: "Create your first scope A scope is the part of your organisation you want to prepare: the whole organisation, a product, or one system. Link a framework to it to start collecting evidence." | W19: Figma có frame Scopes / Empty, chưa đối chiếu được text → Q-S-10 | X19: UC-SCP-001
A20: 20 | C20: Tạo scope - Create scope | D20: Hiển thị | E20: Nút tạo scope | F20: High | G20: Scope_007 | H20: Kiểm tra hiển thị nút tạo scope | I20: Đăng nhập account Customer Admin | J20: 1. Mở màn Scopes 2. Kiểm tra góc trên bên phải | K20: - Có nút tạo scope ở góc trên bên phải | W20: Nhãn: Figma 'Create scope', prototype '+ Create scope' → Q-S-03 | X20: UC-SCP-003
A21: 21 | D21: Mở hộp thoại | E21: Bấm nút tạo scope | F21: High | G21: Scope_008 | H21: Kiểm tra mở hộp thoại Create scope | I21: Đăng nhập account Customer Admin | J21: 1. Mở màn Scopes 2. Bấm nút tạo scope | K21: - Mở hộp thoại tiêu đề Create scope, có nút đóng × - Có nút Cancel và nút Create scope | X21: UC-SCP-003
A22: 22 | E22: Trạng thái mặc định | F22: High | G22: Scope_009 | H22: Kiểm tra các trường mặc định của hộp thoại Create scope | I22: Đăng nhập account Customer Admin | J22: 1. Mở màn Scopes 2. Mở hộp thoại Create scope 3. Kiểm tra từ trên xuống | K22: - Type * gồm 3 lựa chọn, chưa chọn sẵn lựa chọn nào: Organization — The whole company or one legal entity Product — A product or service you offer System — One information system; can belong to an organisation and a product - Name * rỗng - What is in scope * rỗng - What is out of scope (optional) rỗng, placeholder: e.g. Marketing email tool run by a supplier | X22: UC-SCP-003
A23: 23 | D23: Chọn loại | E23: Chọn System | F23: High | G23: Scope_010 | H23: Kiểm tra các trường hiện thêm khi chọn System | I23: Đăng nhập account Customer Admin | J23: 1. Mở màn Scopes 2. Mở hộp thoại Create scope 3. Chọn System | K23: - Lựa chọn System được đánh dấu - Hiện thêm hai trường: Belongs to organisation (placeholder Choose) và Belongs to product (optional) (mặc định None) | W23: Belongs to organisation không có * cũng không ghi (optional) → Q-S-04 | X23: UC-SCP-003
A24: 24 | E24: Đổi từ System sang loại khác | F24: Medium | G24: Scope_011 | H24: Kiểm tra đổi loại sau khi đã chọn System | I24: Đăng nhập account Customer Admin | J24: 1. Mở màn Scopes 2. Mở hộp thoại, chọn System, chọn một giá trị Belongs to organisation 3. Đổi sang Organization 4. Đổi sang Product | K24: - Ở bước 2 và 3 không còn hai trường Belongs to organisation, Belongs to product (optional) | W24: Giá trị Belongs to đã chọn có bị bỏ khi đổi loại → Q-S-04 | X24: UC-SCP-003
A25: 25 | D25: Danh sách chọn | E25: Belongs to organisation | F25: Medium | G25: Scope_012 | H25: Kiểm tra danh sách chọn của Belongs to organisation | I25: Đăng nhập account Customer Admin | J25: 1. Mở màn Scopes 2. Mở hộp thoại, chọn System 3. Mở danh sách Belongs to organisation | K25: - Chỉ liệt kê scope loại Organization của tenant - Không có scope loại Product, System | X25: UC-SCP-003
A26: 26 | E26: Belongs to product | F26: Medium | G26: Scope_013 | H26: Kiểm tra danh sách chọn của Belongs to product (optional) | I26: Đăng nhập account Customer Admin | J26: 1. Mở màn Scopes 2. Mở hộp thoại, chọn System 3. Mở danh sách Belongs to product (optional) | K26: - Có lựa chọn None - Liệt kê scope loại Product của tenant - Không có scope loại Organization, System | X26: UC-SCP-003
A27: 27 | D27: Không thành công | E27: Không chọn Type | F27: High | G27: Scope_014 | H27: Kiểm tra tạo scope khi chưa chọn Type | I27: Đăng nhập account Customer Admin | J27: 1. Mở màn Scopes 2. Mở hộp thoại 3. Nhập Name, What is in scope; không chọn Type 4. Bấm Create scope | K27: - Không tạo scope, hộp thoại vẫn mở - Hiện lỗi tại Type: "Choose the type of scope." | W27: Text lỗi nguyên văn → Q-S-05 | X27: UC-SCP-003
A28: 28 | E28: Bỏ trống Name | F28: High | G28: Scope_015 | H28: Kiểm tra tạo scope khi bỏ trống Name | I28: Đăng nhập account Customer Admin | J28: 1. Mở màn Scopes 2. Mở hộp thoại 3. Chọn Organization, nhập Name, để trống What is in scope 4. Bấm Create scope | K28: - Không tạo scope, hộp thoại vẫn mở - Hiện lỗi tại Name: "Enter a name." | W28: Text lỗi nguyên văn → Q-S-05 | X28: UC-SCP-003
A29: 29 | E29: Name chỉ có khoảng trắng | F29: Medium | G29: Scope_016 | H29: Kiểm tra tạo scope khi Name chỉ có khoảng trắng | I29: Đăng nhập account Customer Admin | J29: 1. Mở màn Scopes 2. Mở hộp thoại 3. Chọn Organization, nhập Name là ba dấu cách, nhập What is in scope 4. Bấm Create scope | K29: - Không tạo scope, hộp thoại vẫn mở - Hiện lỗi tại Name: "Enter a name." | W29: Khoảng trắng có bị coi là rỗng → Q-S-05 | X29: UC-SCP-003
A30: 30 | E30: Bỏ trống What is in scope | F30: High | G30: Scope_017 | H30: Kiểm tra tạo scope khi bỏ trống What is in scope | I30: Đăng nhập account Customer Admin | J30: 1. Mở màn Scopes 2. Mở hộp thoại 3. Chọn Organization, nhập Name, để trống What is in scope 4. Bấm Create scope | K30: - Không tạo scope, hộp thoại vẫn mở - Hiện lỗi tại What is in scope: "Describe what is in scope." | W30: Text lỗi nguyên văn → Q-S-05 | X30: UC-SCP-003
A31: 31 | E31: What is in scope chỉ có khoảng trắng | F31: Medium | G31: Scope_016 | H31: Kiểm tra tạo scope khi Name chỉ có khoảng trắng | I31: Đăng nhập account Customer Admin | J31: 1. Mở màn Scopes 2. Mở hộp thoại 3. Chọn Organization, nhập Name, nhập What is in scope là ba dấu cách 4. Bấm Create scope | K31: - Không tạo scope, hộp thoại vẫn mở - Hiện lỗi tại What is in scope: "Describe what is in scope." | W31: Trường này bắt buộc hay không → Q-S-04 | X31: UC-SCP-003
A32: 32 | E32: Trùng tên | F32: High | G32: Scope_019 | H32: Kiểm tra tạo scope trùng tên scope đang có | I32: Đăng nhập account Customer Admin | J32: 1. Mở màn Scopes 2. Mở hộp thoại 3. Nhập Name trùng tên [Organization], nhập đủ trường bắt buộc 4. Bấm Create scope | K32: - Không tạo scope, hộp thoại vẫn mở - Hiện lỗi tại Name: "A scope with this name already exists." | W32: Chặn hay cho phép trùng tên; có phân biệt hoa thường → Q-S-05 | X32: UC-SCP-003
E33: Quá giới hạn ký tự | F33: Medium | G33: Scope_020 | H33: Kiểm tra nhập quá giới hạn ký tự | I33: Đăng nhập account Customer Admin | J33: 1. Mở màn Scopes 2. Nhập Name, What is in scope, What is out of scope dài hơn giới hạn | W33: Giới hạn ký tự từng trường → Q-S-05 | X33: UC-SCP-003
E34: Bấm Cancel | F34: Medium | G34: Scope_028 | H34: Kiểm tra huỷ tạo scope bằng Cancel | I34: Đăng nhập account Customer Admin | J34: 1. Mở màn Scopes 2. Mở hộp thoại, chọn loại, nhập Name 3. Bấm Cancel | K34: - Hộp thoại đóng - Bảng không có dòng mới, dòng đếm giữ nguyên | W34: Đang nhập dở có hỏi xác nhận không → Q-S-06 | X34: UC-SCP-003
E35: Bấm × | F35: Low | G35: Scope_029 | H35: Kiểm tra đóng hộp thoại tạo scope bằng nút × | I35: Đăng nhập account Customer Admin | J35: 1. Mở màn Scopes 2. Mở hộp thoại, nhập Name 3. Bấm × | K35: - Hộp thoại đóng, không tạo scope | X35: UC-SCP-003
A36: 33 | E36: Nhấn Esc | F36: Low | G36: Scope_030 | H36: Kiểm tra nhấn Esc khi đang mở hộp thoại tạo scope | I36: Đăng nhập account Customer Admin | J36: 1. Mở màn Scopes 2. Mở hộp thoại, nhập Name 3. Nhấn Esc | K36: - Hộp thoại đóng, không tạo scope | W36: Thiết kế không ghi; prototype đóng hộp thoại ngay → Q-S-06 | X36: UC-SCP-003
A37: 34 | D37: Thành công | E37: Organization — hiện ở danh sách | F37: High | G37: Scope_021 | H37: Kiểm tra thông tin vừa tạo | I37: Đăng nhập account Customer Admin | J37: 1. Mở màn Scopes 2. Bấm nút tạo scope để mở hộp thoại Create scope 3. Chọn Type: Organization 4. Nhập - Name: abc - What is in scope: abc - What is out of scope (optional): abc 5. Bấm Create scope, tạo thành công 6. Kiểm tra dòng vừa tạo trong danh sách | K37: - Hộp thoại đóng, tạo thành công - Danh sách có dòng với Name: abc, nhãn loại Organization - Cột Belongs to: — - Dòng đếm tăng 1 | W37: Danh sách scope có hiển thị What is in scope / What is out of scope không? Yêu cầu của Hanna: kiểm tra cả 4 thông tin trên Danh sách; Figma chỉ có các cột Scope, Belongs to, Frameworks, Users, Evidence coverage → Q-S-28 | X37: UC-SCP-003
A38: 35 | E38: Product — hiện ở danh sách | F38: High | G38: Scope_022 | H38: Kiểm tra thông tin vừa tạo | I38: Đăng nhập account Customer Admin | J38: 1. Mở màn Scopes 2. Bấm nút tạo scope để mở hộp thoại Create scope 3. Chọn Type: Product 4. Nhập - Name: abc - What is in scope: abc - What is out of scope (optional): abc 5. Bấm Create scope, tạo thành công 6. Kiểm tra dòng vừa tạo trong danh sách | K38: - Hộp thoại đóng, tạo thành công - Danh sách có dòng với + Name: abc + Nhãn loại: Product - Cột Belongs to: — - Dòng đếm tăng 1 | W38: Khối Frameworks khi chưa gắn framework hiển thị gì → Q-S-13 | X38: UC-SCP-003
A39: 38 | E39: System — hiện ở danh sách | F39: High | G39: Scope_025 | H39: Kiểm tra scope System vừa tạo hiện ở danh sách | I39: Đăng nhập account Customer Admin | J39: 1. Mở màn Scopes 2. Bấm nút tạo scope để mở hộp thoại Create scope 3. Chọn Type: System 4. Nhập - Name: abc - What is in scope: abc - What is out of scope (optional): abc 5. Chọn - Belongs to organisation: [Organisation] - Belongs to product (optional): [Production] 6. Bấm Create scope, tạo thành công 7. Kiểm tra dòng vừa tạo trong danh sách | K39: - Hộp thoại đóng, tạo thành công - Danh sách có dòng với + Name: abc + Nhãn loại: Product - Cột Belongs to: [Organisation], [Production] - Dòng đếm tăng 1 | W39: Danh sách scope có hiển thị What is in scope / What is out of scope không? Yêu cầu của Hanna: kiểm tra cả 4 thông tin trên Danh sách; Figma chỉ có các cột Scope, Belongs to, Frameworks, Users, Evidence coverage → Q-S-28 | X39: UC-SCP-003
A40: 47 | C40: Thanh công cụ - Toolbar | D40: Dòng đếm | E40: Tổng số scope | F40: Medium | G40: Scope_031 | H40: Kiểm tra dòng đếm số scope | I40: Đăng nhập account Customer Admin | J40: 1. Mở màn Scopes 2. Kiểm tra dòng phía trên bảng, bên trái | K40: - Hiển thị <n> scopes, n bằng tổng số scope trong bảng (cộng mọi trang) | X40: UC-SCP-001
A41: 48 | D41: Tìm kiếm | E41: Hiển thị ô tìm kiếm | F41: Low | G41: Scope_032 | H41: Kiểm tra ô tìm kiếm | I41: Đăng nhập account Customer Admin | J41: 1. Mở màn Scopes 2. Kiểm tra phía trên bảng, bên phải | K41: - Ô tìm kiếm có icon kính lúp, placeholder: Search scopes | X41: UC-SCP-001
A42: 49 | E42: Một phần tên | F42: High | G42: Scope_033 | H42: Kiểm tra tìm theo một phần tên scope | I42: Đăng nhập account Customer Admin | J42: 1. Mở màn Scopes 2. Nhập {{text.partial}} vào ô tìm kiếm | K42: - Bảng chỉ còn các scope có tên chứa {{text.partial}} - Dòng phân trang cập nhật theo số kết quả, ví dụ 1–2 of 2 items | W42: Dòng đếm có đổi theo kết quả không (prototype giữ nguyên tổng) → Q-S-07 | X42: UC-SCP-001
A43: 50 | E43: Chữ hoa | F43: Medium | G43: Scope_034 | H43: Kiểm tra tìm kiếm khi nhập chữ hoa | I43: Đăng nhập account Customer Admin | J43: 1. Mở màn Scopes 2. Nhập {{text.partial_upper}} vào ô tìm kiếm | W43: Có phân biệt hoa thường không (prototype không phân biệt) → Q-S-07 | X43: UC-SCP-001
A44: 51 | E44: Không có kết quả | F44: High | G44: Scope_035 | H44: Kiểm tra tìm kiếm không ra kết quả | I44: Đăng nhập account Customer Admin | J44: 1. Mở màn Scopes 2. Nhập {{text.nomatch}} vào ô tìm kiếm | K44: - Bảng và dòng phân trang ẩn - Thông báo: No results for “{{text.nomatch}}” - Dòng phụ: Try a different search term. | W44: Text lấy từ prototype, Figma chưa có trạng thái này → Q-S-07 | X44: UC-SCP-001
A45: 52 | E45: Ký tự đặc biệt | F45: Medium | G45: Scope_036 | H45: Kiểm tra nhập ký tự đặc biệt vào ô tìm kiếm | I45: Đăng nhập account Customer Admin | J45: 1. Mở màn Scopes 2. Nhập {{text.sql}} vào ô tìm kiếm | K45: - Không có lỗi hệ thống, không lộ thông tin kỹ thuật - Chuỗi được tìm như văn bản thường | X45: UC-SCP-001
A46: 53 | E46: Xoá từ khoá | F46: Medium | G46: Scope_037 | H46: Kiểm tra xoá từ khoá tìm kiếm | I46: Đăng nhập account Customer Admin | J46: 1. Mở màn Scopes 2. Nhập từ khóa 3. Xoá hết nội dung ô tìm kiếm | K46: - Bảng hiển thị lại toàn bộ scope - Dòng phân trang trở về như lúc mở màn | X46: UC-SCP-001
A47: 54 | C47: Bảng danh sách - Table | D47: Hiển thị | E47: Tiêu đề cột | F47: High | G47: Scope_038 | H47: Kiểm tra tiêu đề các cột | I47: Đăng nhập account Customer Admin | J47: 1. Mở màn Scopes 2. Kiểm tra hàng tiêu đề của bảng | K47: - 5 cột theo thứ tự: Scope · Belongs to · Frameworks · Users · Evidence coverage | W47: Cột Evidence coverage có trong MVP không → Q-S-11 | X47: UC-SCP-001
A48: 55 | E48: Cột Scope | F48: High | G48: Scope_039 | H48: Kiểm tra cột Scope | I48: Đăng nhập account Customer Admin | J48: 1. Mở màn Scopes 2. Kiểm tra từng dòng ở cột Scope | K48: - Tên scope dạng liên kết - Dưới tên có nhãn loại Organization, Product hoặc System, đúng loại của scope | X48: UC-SCP-001
A49: 56 | E49: Cột Belongs to | F49: High | G49: Scope_040 | H49: Kiểm tra cột Belongs to với scope Organization | I49: Đăng nhập account Customer Admin | J49: 1. Mở màn Scopes 2. Kiểm tra cột Belongs to của type: Organization | K49: - Hiển thị Belongs to: — | X49: UC-SCP-001
F50: High | G50: Scope_041 | H50: Kiểm tra cột Belongs to với scope Product | I50: Đăng nhập account Customer Admin | J50: 1. Mở màn Scopes 2. Kiểm tra cột Belongs to của type: Product | K50: - Hiển thị Belongs to: —
F51: High | H51: Kiểm tra cột Belongs to với scope System | I51: Đăng nhập account Customer Admin | J51: 1. Tạo scope với type: System chọn - Belongs to organisation: [Organization] - Belongs to product (optional): [Product] 2. Tạo thành công Scope 3. Kiểm tra cột Belongs to của type: System | K51: - Hiển thị Belongs to đúng thông tin đã chọn Belongs to organisation và Belongs to product (optional), phân cách nhau bởi dấu phẩy
F52: High | G52: Scope_042 | H52: Kiểm tra cột Belongs to với scope System và bỏ trống lựa chọn Belongs to organisation và Belongs to product (optional) | I52: Đăng nhập account Customer Admin | J52: 1. Tạo scope với type: System bỏ trống - Belongs to organisation: - Belongs to product (optional): 2. Tạo thành công Scope 3. Kiểm tra cột Belongs to của type: System | K52: - Hiển thị Belongs to: —
A53: 57 | E53: Cột Frameworks — đã gắn | F53: High | G53: Scope_043 | H53: Kiểm tra cột Frameworks của scope đã gắn framework | I53: Đăng nhập account Customer Admin | J53: 1. Mở màn Scopes 2. Đã gắn link Frameworks 3. Kiểm tra cột Frameworks | K53: - Mỗi framework một dòng dạng <tên> · <phiên bản>, ví dụ ISO/IEC 27001 · 2022 - Framework có tier thêm · <tier>, ví dụ Appendix 10 · 2022 · Medium | X53: UC-SCP-001
A54: 58 | E54: Cột Frameworks — chưa gắn | F54: Medium | G54: Scope_044 | H54: Kiểm tra cột Frameworks của scope chưa gắn framework | I54: Đăng nhập account Customer Admin; trên Scopes đã tạo abc (Organization) chưa gắn framework | J54: 1. Mở màn Scopes 2. Chưa gắn link Frameworks 3. Kiểm tra cột Frameworks của abc | K54: - Hiển thị: None linked yet | W54: Text theo Figma, prototype chưa có dữ liệu để đối chiếu → Q-S-13 | X54: UC-SCP-001
A55: 59 | E55: Cột Users | F55: Medium | G55: Scope_045 | H55: Kiểm tra cột Users khớp với màn chi tiết | I55: Đăng nhập account Customer Admin | J55: 1. Mở màn Scopes 2. Ghi số ở cột Users 3. Mở chi tiết, đếm số dòng ở khối Users | K55: - Hai số bằng nhau | W55: Có tính Customer Admin không → Q-S-12 | X55: UC-SCP-001
E56: Cột Evidence coverage | F56: High | H56: Calculate Evidence coverage with multiple frameworks | I56: Đăng nhập account Customer Admin | J56: 1. Mở màn hình Scopes 2. Tạo Frameworks với: - Framework A: 74/116; - Framework B: 6/31; - Framework C: 0/78 | K56: - Hiển thị Evidence coverage = (74+6+0)/(116+31+78) × 100 = 35.56% → 36%
F57: High | H57: Calculate Evidence coverage with 2 frameworks | I57: Đăng nhập account Customer Admin | J57: 1. Mở màn hình Scopes 2. Tạo Frameworks với: - Framework A: 16/40; - Framework B: 38/61; | K57: - Hiển thị Evidence coverage = (16+38)/(40+61) × 100 = 53.47% → 53%
F58: High | H58: All requirements have mandatory evidence | I58: Đăng nhập account Customer Admin | J58: 1. Mở màn hình Scopes 2. Tạo Frameworks với: - Framework A: 40/40; - Framework B: 61/61; | K58: - Hiển thị Evidence coverage = 101/101 × 100 = 100%
F59: High | H59: No requirements have mandatory evidence | I59: Đăng nhập account Customer Admin | J59: 1. Mở màn hình Scopes 2. Tạo Frameworks với: - Framework A: 0/116; - Framework B: 0/31; | K59: - Hiển thị Evidence coverage = 0/101 × 100 = 0%
F60: High | H60: Only one framework is linked | I60: Đăng nhập account Customer Admin | J60: 1. Mở màn hình Scopes 2. Tạo Frameworks với: - Framework A: 16/40; | K60: - Hiển thị Evidence coverage = 16/40 × 100 = 40%
A61: 60 | F61: High | G61: Scope_046 | H61: One framework has 100% and another has 0% | I61: Đăng nhập account Customer Admin | J61: 1. Mở màn hình Scopes 2. Tạo Frameworks với: - Framework A: 40/40; - Framework B: 0/60; | K61: - Hiển thị Evidence coverage = 40/100 × 100 = 40% | W61: [ĐỀ XUẤT LÙI] RDN-004 0 giờ, LTS đề xuất Phase 2. Prototype: 54% = (74+6)/(116+31) → Q-S-11 | X61: UC-RDN-004
A62: 61 | D62: Sắp xếp | E62: Thứ tự mặc định | F62: Medium | G62: Scope_047 | H62: Kiểm tra thứ tự mặc định của danh sách | I62: Đăng nhập account Customer Admin | J62: 1. Mở màn Scopes, kiểm tra thứ tự các dòng | K62: - Hiển thị theo thứ tự thời gian cũ nhất xuống mới nhất | W62: Mặc định sắp theo gì (prototype không theo tên) → Q-S-08 | X62: UC-SCP-001
A63: 62 | E63: Bấm lần 1 | F63: Medium | G63: Scope_048 | H63: Kiểm tra sắp xếp tăng dần theo tên | I63: Đăng nhập account Customer Admin | J63: 1. Mở màn Scopes 2. Bấm tiêu đề cột Scope | K63: - Các dòng xếp theo tên từ A đến Z | W63: Figma không có icon sắp xếp → Q-S-08 | X63: UC-SCP-001
A64: 63 | E64: Bấm lần 2 | F64: Medium | G64: Scope_049 | H64: Kiểm tra sắp xếp giảm dần theo tên | I64: Đăng nhập account Customer Admin | J64: 1. Mở màn Scopes 2. Bấm tiêu đề cột Scope hai lần | K64: - Các dòng xếp theo tên từ Z đến A | W64: Figma không có icon sắp xếp → Q-S-08 | X64: UC-SCP-001
A65: 64 | C65: Phân trang - Paging | D65: Hiển thị | E65: Mặc định | F65: Medium | G65: Scope_050 | H65: Kiểm tra dòng phân trang mặc định | I65: Đăng nhập account Customer Admin | J65: 1. Mở màn Scopes 2. Kiểm tra thông tin: Items per page | K65: - Hiển thị mặc định là 10 items | W65: Figma: 1–4 of 4 items · Page 1 of 1. Prototype: Items per page 10 · 1–4 of 4 items · [1] of 1 page · ‹ › → Q-S-09 | X65: UC-SCP-001
E66: Các giá trị khác | F66: Medium | H66: Kiểm tra các giá trị trong Items per page | I66: Đăng nhập account Customer Admin | J66: 1. Mở màn Scopes 2. Click vào Items per page 3. Kiểm tra hiển thị | K66: - Hiển thị các giá trị: + 10 items + 25 items + 50 items + 100 items
A67: 65 | D67: Đổi số dòng | E67: Chọn giá trị khác | F67: Medium | G67: Scope_051 | H67: Kiểm tra đổi số dòng mỗi trang | I67: Đăng nhập Customer Admin của tenant có từ 11 scope trở lên | J67: 1. Mở màn Scopes 2. Mở Items per page 3. Chọn 25 | K67: - Hiển thị đủ 11 items trên bảng dữ liệu | W67: Có chọn số dòng không; giá trị 10/25/50/100 theo prototype → Q-S-09 | X67: UC-SCP-001
A68: 66 | D68: Chuyển trang | E68: Chỉ có một trang | F68: Low | G68: Scope_052 | H68: Kiểm tra nút chuyển trang khi chỉ có một trang | I68: Đăng nhập account Customer Admin | J68: 1. Mở màn Scopes 2. Kiểm tra hai nút ‹ › | K68: - Cả hai nút ở trạng thái không bấm được | X68: UC-SCP-001
A69: 67 | E69: Sang trang 2 | F69: Medium | G69: Scope_053 | H69: Kiểm tra chuyển sang trang 2 | I69: Đăng nhập Customer Admin của tenant có từ 11 scope trở lên | J69: 1. Mở màn Scopes 2. Bấm nút › | K69: - Bảng hiển thị từ scope thứ 11 - Dòng phân trang: 11–<n> of <n> items | W69: Số dòng mỗi trang mặc định → Q-S-09 | X69: UC-SCP-001
A70: 68 | B70: Chi tiết scope - Scope detail | C70: Phần đầu - Header | D70: Hiển thị | E70: Các thành phần | F70: High | G70: Scope_054 | H70: Kiểm tra phần đầu màn chi tiết | I70: Đăng nhập account Customer Admin | J70: 1. Mở chi tiết (bấm tên ở màn Scopes) 2. Kiểm tra phần đầu trang, từ trái sang phải | K70: - Nút quay lại ← - Tiêu đề: tên scope - Dòng phụ: Organization scope · [Tên Organization] - Nhãn Active - Nút ⋮ ở góc phải | W70: Ngoài Active còn trạng thái nào → Q-S-14 | X70: UC-SCP-002
E71: Dòng phụ theo loại | F71: Medium | H71: Kiểm tra dòng phụ theo loại scope Organization | I71: Đăng nhập account Customer Admin | J71: 1. Mở chi tiết scope Organization | K71: - Hiển thị title: Organization scope · [Tên Organization]
F72: Medium | H72: Kiểm tra dòng phụ theo loại scope Product | I72: Đăng nhập account Customer Admin | J72: 1. Mở chi tiết scope Product | K72: - Hiển thị title: Product scope · [Tên Organization]
A73: 69 | F73: Medium | G73: Scope_055 | H73: Kiểm tra dòng phụ theo loại scope System | I73: Đăng nhập account Customer Admin | J73: 1. Mở chi tiết scope System | K73: - Hiển thị title: System scope · [Tên Organization] | X73: UC-SCP-002
A74: 70 | D74: Nút quay lại | E74: Bấm ← | F74: Medium | G74: Scope_056 | H74: Kiểm tra nút quay lại | I74: Đăng nhập account Customer Admin | J74: 1. Mở chi tiết (bấm tên ở màn Scopes) 2. Bấm nút ← | K74: - Quay về màn Scopes | X74: UC-SCP-002
A75: 71 | D75: Menu ⋮ | E75: Các mục | F75: Medium | G75: Scope_057 | H75: Kiểm tra menu ⋮ của scope | I75: Đăng nhập account Customer Admin | J75: 1. Mở chi tiết (bấm tên ở màn Scopes) 2. Bấm nút ⋮ | K75: - Menu chỉ có một mục: Edit scope | W75: Không có Archive, Delete: SCP-005 lùi Phase 2, nhưng WBS CP-06 ghi CRUD → Q-S-14 | X75: UC-SCP-004
A76: 72 | E76: Bấm Edit scope | F76: Medium | G76: Scope_058 | H76: Kiểm tra mục Edit scope trong menu ⋮ | I76: Đăng nhập account Customer Admin | J76: 1. Mở chi tiết (bấm tên ở màn Scopes) 2. Bấm nút ⋮ 3. Bấm Edit scope | K76: - Mở hộp thoại Edit scope, giống khi bấm nút Edit ở khối Overview | W76: Figma không có frame sửa scope → Q-S-15 | X76: UC-SCP-004
A77: 73 | C77: Điều hướng trong màn - Section nav | D77: Hiển thị | E77: Ba mục | F77: Low | G77: Scope_059 | H77: Kiểm tra cột điều hướng bên trái | I77: Đăng nhập account Customer Admin | J77: 1. Mở chi tiết (bấm tên ở màn Scopes) 2. Kiểm tra cột bên trái | K77: - Ba mục theo thứ tự: Overview · Frameworks · Users - Mục Overview được tô nền khi mới mở | X77: UC-SCP-002
A78: 74 | D78: Bấm mục | E78: Frameworks, Users | F78: Low | G78: Scope_060 | H78: Kiểm tra bấm mục trong cột điều hướng | I78: Đăng nhập account Customer Admin | J78: 1. Mở chi tiết (bấm tên ở màn Scopes) 2. Bấm Frameworks 3. Bấm Users | K78: - Bước 1: trang cuộn tới khối Frameworks - Bước 2: trang cuộn tới khối Users | X78: UC-SCP-002
A79: 75 | C79: Tổng quan - Overview | D79: Hiển thị | E79: Scope Organization | F79: High | G79: Scope_061 | H79: Kiểm tra khối Overview của scope Organization | I79: Đăng nhập account Customer Admin | J79: 1. Mở chi tiết của scope Organization 2. Kiểm tra khối số 1 Overview | K79: - Tiêu đề khối: Overview, có nút Edit - Type: Organization - Contains: các scope con, mỗi scope dạng <tên> (system) - In scope, Out of scope: đúng nội dung đã lưu | X79: UC-SCP-002
A80: 76 | E80: Scope Product | F80: Medium | G80: Scope_062 | H80: Kiểm tra khối Overview của scope Product | I80: Đăng nhập account Customer Admin | J80: 1. Mở chi tiết scope Product 2. Kiểm tra khối số 1 Overview | K80: - Type: Product - Contains: các scope System thuộc về product này | X80: UC-SCP-002
A81: 77 | E81: Scope System | F81: High | G81: Scope_063 | H81: Kiểm tra khối Overview của scope System | I81: Đăng nhập account Customer Admin | J81: 1. Mở chi tiết scope System 2. Kiểm tra khối số 1 Overview | K81: - Type: System - Thay cho Contains là trường Belongs to: tên scope Organization và Product, cách nhau bằng dấu phẩy | X81: UC-SCP-002
A82: 78 | E82: Trường không có dữ liệu | F82: Low | G82: Scope_064 | H82: Kiểm tra trường không có dữ liệu | I82: Đăng nhập account Customer Admin | J82: 1. Mở chi tiết {{scope.prd_empty}} (bấm tên {{scope.prd_empty}} ở màn Scopes) 2. Kiểm tra khối số 1 Overview | K82: - Contains: — - Out of scope: — | X82: UC-SCP-002
A83: 79 | C83: Sửa scope - Edit scope | D83: Mở hộp thoại | E83: Bấm Edit | F83: High | G83: Scope_065 | H83: Kiểm tra mở hộp thoại Edit scope | I83: Đăng nhập account Customer Admin | J83: 1. Mở chi tiết (bấm tên ở màn Scopes) 2. Bấm nút Edit ở khối Overview | K83: - Mở hộp thoại Edit scope, có nút đóng × - Name *, What is in scope *, What is out of scope (optional) điền sẵn giá trị hiện tại - Không có trường Type, Belongs to - Có nút Cancel và Save | W83: Figma không có frame sửa scope; không cho đổi Type, Belongs to có đúng chủ ý → Q-S-15 | X83: UC-SCP-004
A84: 80 | D84: Kiểm tra dữ liệu | E84: Xoá trống Name | F84: High | G84: Scope_066 | H84: Kiểm tra lưu khi xoá trống Name | I84: Đăng nhập account Customer Admin | J84: 1. Mở chi tiết (bấm tên ở màn Scopes) 2. Mở Edit scope 3. Xoá hết Name 4. Bấm Save | K84: - Không lưu, hộp thoại vẫn mở - Hiện lỗi tại Name: "Enter a name." | W84: Text lỗi nguyên văn → Q-S-05 | X84: UC-SCP-004
A85: 81 | E85: Xoá trống What is in scope | F85: High | G85: Scope_067 | H85: Kiểm tra lưu khi xoá trống What is in scope | I85: Đăng nhập account Customer Admin | J85: 1. Mở chi tiết (bấm tên ở màn Scopes) 2. Mở Edit scope 3. Xoá hết What is in scope 4. Bấm Save | K85: - Không lưu, hộp thoại vẫn mở - Hiện lỗi tại What is in scope: "Describe what is in scope." | W85: Text lỗi nguyên văn → Q-S-05 | X85: UC-SCP-004
A86: 82 | E86: Trùng tên scope khác | F86: Medium | G86: Scope_068 | H86: Kiểm tra đổi Name trùng tên scope khác | I86: Đăng nhập account Customer Admin | J86: 1. Mở chi tiết (bấm tên ở màn Scopes) 2. Mở Edit scope 3. Đổi Name thành tên đã tồn tại 4. Bấm Save | K86: - Không lưu, hộp thoại vẫn mở - Hiện lỗi tại Name: "A scope with this name already exists." | W86: Chặn hay cho phép trùng tên → Q-S-05 | X86: UC-SCP-004
A87: 83 | D87: Thành công | E87: Đổi Name — tiêu đề chi tiết | F87: High | G87: Scope_069 | H87: Kiểm tra tên mới ở màn chi tiết sau khi sửa | I87: Đăng nhập account Customer Admin | J87: 1. Mở chi tiết (bấm tên ở màn Scopes) 2. Mở Edit scope 3. Đổi Name thành Tên hợp lệ 4. Bấm Save | K87: - Hộp thoại đóng - Tiêu đề trang đổi thành {{scope.renamed}} | X87: UC-SCP-004
A88: 84 | E88: Đổi Name — danh sách | F88: High | G88: Scope_070 | H88: Kiểm tra tên mới ở màn danh sách | I88: Đăng nhập account Customer Admin; trên Scopes đã đổi tên thành {{scope.renamed}} | J88: 1. Mở màn Scopes | K88: - Dòng của scope hiển thị {{scope.renamed}} | X88: UC-SCP-004
A89: 85 | E89: Đổi Name — Overview của scope con | F89: Medium | G89: Scope_071 | H89: Kiểm tra tên mới ở Overview của scope con | I89: Đăng nhập account Customer Admin; trên Scopes đã đổi tên thành {{scope.renamed}} | J89: 1. Mở chi tiết {{scope.sys}} | K89: - Trường Belongs to ở khối Overview hiển thị {{scope.renamed}} | X89: UC-SCP-004
A90: 86 | E90: Đổi Name — cột Belongs to | F90: Medium | G90: Scope_072 | H90: Kiểm tra tên mới ở cột Belongs to của danh sách | I90: Đăng nhập account Customer Admin; trên Scopes đã đổi tên thành {{scope.renamed}} | J90: 1. Mở màn Scopes 2. Kiểm tra cột Belongs to của {{scope.sys}} | K90: - Cột Belongs to hiển thị {{scope.renamed}} | X90: UC-SCP-004
A91: 87 | E91: Sửa In scope, Out of scope | F91: Medium | G91: Scope_073 | H91: Kiểm tra sửa In scope và Out of scope | I91: Đăng nhập account Customer Admin | J91: 1. Mở chi tiết (bấm tên ở màn Scopes) 2. Mở Edit scope 3. Sửa What is in scope, xoá trống What is out of scope 4. Bấm Save | K91: - Overview: In scope hiển thị nội dung mới, Out of scope hiển thị — | X91: UC-SCP-004
A92: 88 | D92: Không thành công | E92: Bấm Cancel | F92: Medium | G92: Scope_074 | H92: Kiểm tra huỷ sửa scope | I92: Đăng nhập account Customer Admin | J92: 1. Mở chi tiết (bấm tên ở màn Scopes) 2. Mở Edit scope, đổi Name 3. Bấm Cancel | K92: - Hộp thoại đóng - Tiêu đề và khối Overview giữ giá trị cũ | X92: UC-SCP-004
A93: 89 | E93: Scope đang có audit | F93: High | G93: Scope_075 | H93: Kiểm tra sửa scope khi đang có audit | I93: Đăng nhập account Customer Admin; audit {{audit.running}} đang chạy trên {{scope.sys}} | J93: 1. Mở chi tiết {{scope.sys}} (bấm tên {{scope.sys}} ở màn Scopes) 2. Bấm nút Edit ở khối Overview | K93: - Không mở hộp thoại sửa - Thông báo: The scope can't be edited while an audit is running. | W93: Quy tắc và text lấy từ prototype, UC không ghi → Q-S-16 | X93: UC-SCP-004
A94: 90 | C94: Khối Frameworks - Frameworks | D94: Hiển thị | E94: Tiêu đề khối và cột | F94: High | G94: Scope_076 | H94: Kiểm tra khối Frameworks | I94: Đăng nhập account Customer Admin | J94: 1. Mở chi tiết (bấm tên ở màn Scopes) 2. Kiểm tra khối số 2 Frameworks | K94: - Tiêu đề: Frameworks, mô tả: Each framework gets its own workspace - Nút gắn framework - Bảng 4 cột: Framework · version · Tier · Coverage · Status | W94: Nhãn nút: Figma 'Link framework', prototype '+ Link framework' → Q-S-03 | X94: UC-SCP-002
A95: 91 | E95: Cột Framework · version | F95: Medium | G95: Scope_077 | H95: Kiểm tra cột Framework · version | I95: Đăng nhập account Customer Admin | J95: 1. Mở chi tiết (bấm tên ở màn Scopes) 2. Kiểm tra cột đầu của bảng | K95: - Mỗi dòng dạng <tên framework> · <phiên bản>, ví dụ ISO/IEC 27001 · 2022 - Tên framework dạng liên kết | X95: UC-SCP-002
A96: 92 | E96: Cột Tier | F96: High | G96: Scope_078 | H96: Kiểm tra cột Tier | I96: Đăng nhập account Customer Admin | J96: 1. Mở chi tiết {{scope.sys}} (bấm tên {{scope.sys}} ở màn Scopes) 2. Kiểm tra cột Tier của framework không phân tier và framework có tier | K96: - Framework không phân tier: No tiers - Framework có tier: tier hiện tại | W96: Prototype ghi 'Medium · 中' ở đây nhưng 'Medium' ở danh sách và Summary; tier có phải 'obligation level' của SCP-002 → Q-S-17 | X96: UC-SCP-002
A97: 93 | E97: Cột Coverage | F97: High | G97: Scope_079 | H97: Kiểm tra cột Coverage | I97: Đăng nhập account Customer Admin | J97: 1. Mở chi tiết (bấm tên ở màn Scopes) 2. Kiểm tra cột Coverage | W97: [ĐỀ XUẤT LÙI] RDN-004. Prototype: <%> + thanh tiến trình + <đã có>/<tổng> → Q-S-11 | X97: UC-RDN-004
A98: 94 | E98: Cột Status | F98: Medium | G98: Scope_080 | H98: Kiểm tra cột Status | I98: Đăng nhập account Customer Admin | J98: 1. Mở chi tiết {{scope.sys}} (bấm tên {{scope.sys}} ở màn Scopes) 2. Kiểm tra cột Status | K98: - Mỗi framework có nhãn trạng thái của workspace, ví dụ Preparing, Audit in progress | W98: Danh sách trạng thái đầy đủ → Q-S-20 | X98: UC-SCP-002
A99: 95 | E99: Nút Change tier | F99: Medium | G99: Scope_081 | H99: Kiểm tra nút Change tier trên từng dòng | I99: Đăng nhập account Customer Admin | J99: 1. Mở chi tiết {{scope.sys}} (bấm tên {{scope.sys}} ở màn Scopes) 2. Kiểm tra cuối mỗi dòng của bảng | K99: - Dòng framework có tier có nút Change tier - Dòng framework không phân tier không có nút này | X99: UC-SCP-002
A100: 96 | D100: Liên kết | E100: Bấm tên framework | F100: High | G100: Scope_082 | H100: Kiểm tra mở workspace từ tên framework | I100: Đăng nhập account Customer Admin | J100: 1. Mở chi tiết (bấm tên ở màn Scopes) 2. Bấm tên một framework trong bảng | K100: - Chuyển sang màn workspace của framework đó trong scope đang xem | X100: UC-SCP-002
A101: 97 | C101: Gắn framework - Link framework | D101: Mở hộp thoại | E101: Bấm nút gắn framework | F101: High | G101: Scope_083 | H101: Kiểm tra mở hộp thoại gắn framework | I101: Đăng nhập account Customer Admin | J101: 1. Mở chi tiết (bấm tên ở màn Scopes) 2. Bấm nút gắn framework ở khối Frameworks | K101: - Mở hộp thoại Link a framework, có nút đóng × - Trường Framework *, placeholder: Choose a framework - Ghi chú: A workspace is created for this scope with the requirements of the chosen tier. You can change the tier later; uploaded evidence stays. - Nút Cancel và Link and create workspace | X101: UC-SCP-006
A102: 98 | D102: Danh sách framework | E102: Các lựa chọn | F102: High | G102: Scope_084 | H102: Kiểm tra danh sách framework | I102: Đăng nhập account Customer Admin | J102: 1. Mở chi tiết (bấm tên ở màn Scopes) 2. Mở hộp thoại 3. Mở danh sách Framework | K102: - Mỗi lựa chọn có tên framework và dòng phụ ghi tổ chức ban hành, kèm các tier nếu có, ví dụ MODA · tiers Basic / Medium / High | X102: UC-SCP-006
A103: 99 | E103: Framework đã gắn | F103: High | G103: Scope_085 | H103: Kiểm tra framework đã gắn vào scope có trong danh sách không | I103: Đăng nhập account Customer Admin | J103: 1. Mở chi tiết (bấm tên ở màn Scopes) 2. Mở hộp thoại 3. Mở danh sách Framework 4. Tìm {{fw.linked}} | W103: Prototype vẫn liệt kê và cho chọn → ẩn, khoá hay cho gắn lần hai → Q-S-19 | X103: UC-SCP-006
A104: 100 | D104: Chọn framework | E104: Framework có tier | F104: High | G104: Scope_086 | H104: Kiểm tra chọn framework có phân tier | I104: Đăng nhập account Customer Admin | J104: 1. Mở chi tiết (bấm tên ở màn Scopes) 2. Mở hộp thoại 3. Chọn {{fw.tiered}} | K104: - Hiện trường Version * đã có sẵn giá trị, ghi chú: Only active versions are listed. - Hiện mục Protection tier of this organization * gồm 3 lựa chọn, mỗi lựa chọn có tên tier, mô tả, số requirement - Chưa chọn sẵn tier nào | W104: Số requirement tier High: Figma 79, prototype 76 → Q-S-18 | X104: UC-SCP-006
...

Sheet Users
B3: Function Name | C3: USR-L0001_Quản lý người dùng | K3: Round | L3: Total | M3: Passed | N3: Failed | O3: Pending | P3: Blocked | Q3: NA | R3: Not execute
B4: Screen Name | C4: Users · Customer Portal, SGS Portal | K4: Round 1 | L4: =COUNTA($G$13:$G$74) -> 62 | M4: =COUNTIF($M$13:$M$74,M3) -> 0 | N4: =COUNTIF($M$13:$M$74,N3) -> 0 | O4: =COUNTIF($M$13:$M$74,O3) -> 0 | P4: =COUNTIF($M$13:$M$74,P3) -> 0 | Q4: =COUNTIF($M$13:$M$74,Q3) -> 0 | R4: =L4-SUM(M4:Q4) -> 62
B5: Creator | C5: AI (Claude) | M5: =M4/$L$4 -> 0 | N5: =N4/$L$4 -> 0 | O5: =O4/$L$4 -> 0 | P5: =P4/$L$4 -> 0 | Q5: =Q4/$L$4 -> 0 | R5: =R4/$L$4 -> 1
B6: Created date | C6: 05/10/2026 | K6: Round 2 | L6: =COUNTA($G$13:$G$74) -> 62 | M6: =COUNTIF($R$13:$R$74,M3) -> 0 | N6: =COUNTIF($R$13:$R$74,N3) -> 0 | O6: =COUNTIF($R$13:$R$74,O3) -> 0 | P6: =COUNTIF($R$13:$R$74,P3) -> 0 | Q6: =COUNTIF($R$13:$R$74,Q3) -> 0 | R6: =L6-SUM(M6:Q6) -> 62
B7: Reference | C7: UC List v4 (02/10/2026) · USR-01→05, ROL-01, ROL-02 · chưa có Figma trang 02 User & Profile Management: nhãn, bố cục chờ đối chiếu | M7: =M6/$L$6 -> 0 | N7: =N6/$L$6 -> 0 | O7: =O6/$L$6 -> 0 | P7: =P6/$L$6 -> 0 | Q7: =Q6/$L$6 -> 0 | R7: =R6/$L$6 -> 1
M10: Round 1 | R10: Round 2
B11: Classification | F11: Priority | G11: TVP_ID | H11: Test case name/ Test view point | I11: Pre-condition | J11: Step | K11: Expected result | L11: Dev test | M11: Result | N11: Test person | O11: Test date | P11: Bug_ID | Q11: Remark | R11: Result | S11: Test person | T11: Test date | U11: Bug_ID | V11: Remark | W11: Open question | X11: UC
A12: No. | B12: I | C12: II | D12: III | E12: IV
A13: 1 | B13: Điều hướng - Redirect | C13: Vào danh sách - User list | D13: Từ menu | E13: Customer Portal | F13: High | G13: TC_001 | H13: Kiểm tra vào danh sách người dùng từ menu ở Customer Portal | I13: Đăng nhập {{user.cust_admin}}, đang ở màn Home | J13: 1. Bấm Users ở mục Administration của menu trái | K13: - Mở danh sách người dùng của tenant A | W13: Tên mục menu lấy theo prototype của Scopes (Scopes TC_110), chờ Figma trang 02 → Q-U-01 | X13: USR-01
A14: 2 | E14: SGS Portal | F14: High | G14: TC_002 | H14: Kiểm tra vào danh sách người dùng ở SGS Portal | I14: Đăng nhập {{user.sgs_admin}} ở SGS Portal | J14: 1. Mở mục quản lý người dùng ở menu | K14: - Mở danh sách người dùng trong phạm vi của {{user.sgs_admin}} | W14: Lối vào ở SGS Portal chờ Figma trang 02 → Q-U-01 | X14: USR-01
A15: 3 | C15: Vào chi tiết - User detail | D15: Từ danh sách | E15: Mở một người dùng | F15: High | G15: TC_003 | H15: Kiểm tra mở chi tiết người dùng từ danh sách | I15: Đăng nhập {{user.cust_admin}} | J15: 1. Mở danh sách người dùng 2. Mở {{user.cust_user}} trong danh sách | K15: - Mở chi tiết của {{user.cust_user}} | X15: USR-02
A16: 4 | B16: Danh sách người dùng - User list | C16: Phạm vi dữ liệu - Boundary | D16: Customer Admin | E16: Chỉ người dùng của tenant mình | F16: High | G16: TC_004 | H16: Kiểm tra danh sách người dùng của Customer Admin chỉ có tenant mình | I16: Đăng nhập {{user.cust_admin}} (tenant A); tenant B có {{user.tenantB_admin}} | J16: 1. Mở danh sách người dùng 2. Tìm {{user.cust_user}}, {{user.cust_viewer}}, {{user.tenantB_admin}}, {{user.sgs_admin}} | K16: - Có {{user.cust_admin}}, {{user.cust_user}}, {{user.cust_viewer}} - Không có {{user.tenantB_admin}}, không có người dùng SGS nào | X16: USR-01
A17: 5 | D17: SGS Admin | E17: Người dùng SGS và khách hàng cùng affiliate | F17: High | G17: TC_005 | H17: Kiểm tra danh sách người dùng của SGS Admin | I17: Đăng nhập {{user.sgs_admin}} ở SGS Portal; {{user.consultant}} và tenant A cùng affiliate với {{user.sgs_admin}}, tenant C khác affiliate | J17: 1. Mở danh sách người dùng 2. Tìm {{user.consultant}}, {{user.cust_user}}, {{user.cust_c}} | K17: - Có {{user.consultant}} và {{user.cust_user}} - Không có {{user.cust_c}} | W17: Người dùng SGS của affiliate khác có hiện không → Q-U-02 | X17: USR-01
A18: 6 | C18: Người được mời - Invited user | D18: Hiển thị | E18: Chưa kích hoạt | F18: Medium | G18: TC_006 | H18: Kiểm tra người được mời nhưng chưa kích hoạt trong danh sách | I18: Đăng nhập {{user.cust_admin}}; đã mời {{email.new}} với vai trò Customer User, chưa kích hoạt | J18: 1. Mở danh sách người dùng | K18: - Có dòng của {{email.new}}, vai trò Customer User | W18: Trạng thái chưa kích hoạt hiển thị thế nào → Q-U-03 | X18: USR-01
A19: 7 | B19: Chi tiết người dùng - User detail | C19: Nội dung - Content | D19: Customer User | E19: Hồ sơ, trạng thái, vai trò, scope | F19: High | G19: TC_007 | H19: Kiểm tra chi tiết của một Customer User | I19: Đăng nhập {{user.cust_admin}}; {{user.cust_user}} đã kích hoạt, được cấp {{scope.sys}}, không được cấp {{scope.org}} | J19: 1. Mở chi tiết {{user.cust_user}} | K19: - Có thông tin hồ sơ và trạng thái của {{user.cust_user}} - Vai trò: Customer User - Phần quyền theo scope có {{scope.sys}}, không có {{scope.org}} | W19: Các trường hồ sơ và giá trị trạng thái → Q-U-03 | X19: USR-02
A20: 8 | D20: Người được mời | E20: Chưa kích hoạt | F20: Medium | G20: TC_008 | H20: Kiểm tra chi tiết của người được mời nhưng chưa kích hoạt | I20: Đăng nhập {{user.cust_admin}}; đã mời {{email.new}}, chưa kích hoạt | J20: 1. Mở chi tiết {{email.new}} | W20: Trạng thái và thao tác với lời mời đang chờ hiển thị thế nào → Q-U-03 | X20: USR-02
A21: 9 | B21: Mời người dùng - Invite user | C21: Vai trò được chọn - Role options | D21: Customer Admin | E21: Chỉ vai trò khách hàng | F21: High | G21: TC_009 | H21: Kiểm tra các vai trò được chọn khi Customer Admin mời | I21: Đăng nhập {{user.cust_admin}} | J21: 1. Mở danh sách người dùng 2. Mở form mời người dùng 3. Mở danh sách vai trò | K21: - Chỉ có Customer Admin, Customer User, Customer Viewer - Không có SGS Admin, SGS Consultant | X21: USR-03
A22: 10 | D22: SGS Admin | E22: Chỉ vai trò SGS | F22: High | G22: TC_010 | H22: Kiểm tra các vai trò được chọn khi SGS Admin mời | I22: Đăng nhập {{user.sgs_admin}} ở SGS Portal | J22: 1. Mở danh sách người dùng 2. Mở form mời người dùng 3. Mở danh sách vai trò | K22: - Chỉ có SGS Admin, SGS Consultant - Không có vai trò của khách hàng | X22: USR-03
A23: 11 | C23: Gửi lời mời - Send invitation | D23: Thành công | E23: Customer User — danh sách | F23: High | G23: TC_011 | H23: Kiểm tra mời Customer User | I23: Đăng nhập {{user.cust_admin}} | J23: 1. Mở danh sách người dùng 2. Mở form mời người dùng 3. Nhập email {{email.new}}, chọn vai trò Customer User 4. Gửi lời mời | K23: - Danh sách có {{email.new}}, vai trò Customer User | X23: USR-03
A24: 12 | E24: Customer User — email mời | F24: High | G24: TC_012 | H24: Kiểm tra email mời gửi tới người được mời | I24: Chưa đăng nhập; {{user.cust_admin}} đã mời {{email.new}} với vai trò Customer User | J24: 1. Mở hộp thư của {{email.new}} | K24: - Có email mời, trong email có link kích hoạt tài khoản | W24: Tiêu đề, nội dung email chờ mẫu email → Q-U-04 | X24: NTF-03
A25: 13 | E25: Customer User — kích hoạt rồi đăng nhập | F25: High | G25: TC_013 | H25: Kiểm tra người được mời kích hoạt rồi đăng nhập | I25: Chưa đăng nhập; {{user.cust_admin}} đã mời {{email.new}} với vai trò Customer User | J25: 1. Mở link kích hoạt trong email mời 2. Đặt mật khẩu, hoàn tất kích hoạt 3. Đăng nhập bằng {{email.new}} | K25: - Đăng nhập được vào Customer Portal của tenant A - Menu không có mục Users | X25: AUTH-03
A26: 14 | E26: Customer User — trạng thái sau kích hoạt | F26: Medium | G26: TC_014 | H26: Kiểm tra trạng thái người dùng sau khi kích hoạt | I26: Đăng nhập {{user.cust_admin}}; {{email.new}} vừa kích hoạt tài khoản | J26: 1. Mở danh sách người dùng 2. Mở chi tiết {{email.new}} | W26: Trạng thái đổi từ giá trị nào sang giá trị nào → Q-U-03 | X26: USR-02
A27: 15 | E27: Customer Viewer | F27: Medium | G27: TC_015 | H27: Kiểm tra mời Customer Viewer | I27: Đăng nhập {{user.cust_admin}} | J27: 1. Mở danh sách người dùng 2. Mời {{email.new_viewer}} với vai trò Customer Viewer | K27: - Danh sách có {{email.new_viewer}}, vai trò Customer Viewer | X27: USR-03
A28: 16 | E28: Customer Admin | F28: Medium | G28: TC_016 | H28: Kiểm tra mời Customer Admin | I28: Đăng nhập {{user.cust_admin}} | J28: 1. Mở danh sách người dùng 2. Mời {{email.new_admin}} với vai trò Customer Admin | K28: - Danh sách có {{email.new_admin}}, vai trò Customer Admin | X28: USR-03
A29: 17 | E29: SGS Consultant | F29: High | G29: TC_017 | H29: Kiểm tra SGS Admin mời SGS Consultant | I29: Đăng nhập {{user.sgs_admin}} ở SGS Portal | J29: 1. Mở danh sách người dùng 2. Mở form mời người dùng 3. Nhập email {{email.new_sgs}}, chọn vai trò SGS Consultant 4. Gửi lời mời | K29: - Danh sách có {{email.new_sgs}}, vai trò SGS Consultant | X29: USR-03
A30: 18 | D30: Không thành công | E30: Bỏ trống email | F30: Medium | G30: TC_018 | H30: Kiểm tra gửi lời mời khi bỏ trống email | I30: Đăng nhập {{user.cust_admin}} | J30: 1. Mở form mời người dùng 2. Để trống email, chọn vai trò Customer User 3. Gửi lời mời | K30: - Không gửi lời mời, danh sách không đổi | W30: Text thông báo → Q-U-04 | X30: USR-03
A31: 19 | E31: Email sai định dạng | F31: Medium | G31: TC_019 | H31: Kiểm tra gửi lời mời khi email sai định dạng | I31: Đăng nhập {{user.cust_admin}} | J31: 1. Mở form mời người dùng 2. Nhập email {{email.invalid}}, chọn vai trò Customer User 3. Gửi lời mời | K31: - Không gửi lời mời, danh sách không đổi | W31: Text thông báo → Q-U-04 | X31: USR-03
A32: 20 | E32: Chưa chọn vai trò | F32: Medium | G32: TC_020 | H32: Kiểm tra gửi lời mời khi chưa chọn vai trò | I32: Đăng nhập {{user.cust_admin}} | J32: 1. Mở form mời người dùng 2. Nhập email {{email.new}}, không chọn vai trò 3. Gửi lời mời | K32: - Không gửi lời mời, danh sách không đổi | W32: Text thông báo → Q-U-04 | X32: USR-03
A33: 21 | E33: Email đã là người dùng của tenant | F33: High | G33: TC_021 | H33: Kiểm tra mời một email đã là người dùng của tenant | I33: Đăng nhập {{user.cust_admin}} | J33: 1. Mở form mời người dùng 2. Nhập email của {{user.cust_user}}, chọn vai trò Customer Viewer 3. Gửi lời mời | W33: Xử lý email trùng → Q-U-05 | X33: USR-03
A34: 22 | E34: Email đang chờ kích hoạt | F34: Medium | G34: TC_022 | H34: Kiểm tra mời lại một email đang chờ kích hoạt | I34: Đăng nhập {{user.cust_admin}}; đã mời {{email.new}}, chưa kích hoạt | J34: 1. Mời {{email.new}} thêm một lần | W34: Xử lý email trùng → Q-U-05 | X34: USR-03
A35: 23 | E35: Email thuộc tenant khác | F35: Medium | G35: TC_023 | H35: Kiểm tra mời email đang là người dùng của tenant khác | I35: Đăng nhập {{user.cust_admin}} | J35: 1. Mở form mời người dùng 2. Nhập email của {{user.tenantB_admin}}, chọn vai trò Customer User 3. Gửi lời mời | W35: Xử lý email trùng → Q-U-05 | X35: USR-03
A36: 24 | E36: Đóng form không gửi | F36: Low | G36: TC_024 | H36: Kiểm tra đóng form mời mà không gửi | I36: Đăng nhập {{user.cust_admin}} | J36: 1. Mở form mời người dùng 2. Nhập email {{email.new}}, chọn vai trò Customer User 3. Đóng form, không gửi | K36: - Không gửi lời mời, danh sách không đổi | X36: USR-03
A37: 25 | C37: Lời mời đang chờ - Pending invitation | D37: Gửi lại | E37: Email mời mới | F37: High | G37: TC_025 | H37: Kiểm tra gửi lại lời mời | I37: Đăng nhập {{user.cust_admin}}; đã mời {{email.new}}, chưa kích hoạt | J37: 1. Gửi lại lời mời cho {{email.new}} | K37: - {{email.new}} nhận thêm một email mời có link kích hoạt | X37: USR-03
A38: 26 | E38: Link trong email cũ | F38: Medium | G38: TC_026 | H38: Kiểm tra link của email mời cũ sau khi gửi lại | I38: Chưa đăng nhập; {{user.cust_admin}} đã gửi lại lời mời cho {{email.new}} | J38: 1. Mở link kích hoạt trong email mời cũ | W38: Link cũ còn dùng được không, hạn của link → Q-U-06 | X38: USR-03
A39: 27 | D39: Thu hồi | E39: Danh sách sau khi thu hồi | F39: High | G39: TC_027 | H39: Kiểm tra thu hồi lời mời | I39: Đăng nhập {{user.cust_admin}}; đã mời {{email.new}}, chưa kích hoạt | J39: 1. Thu hồi lời mời của {{email.new}} 2. Xem danh sách người dùng | W39: Người bị thu hồi còn trong danh sách không → Q-U-07 | X39: USR-03
A40: 28 | E40: Mở link của lời mời đã thu hồi | F40: High | G40: TC_028 | H40: Kiểm tra kích hoạt bằng link của lời mời đã thu hồi | I40: Chưa đăng nhập; {{user.cust_admin}} đã thu hồi lời mời của {{email.new}} | J40: 1. Mở link kích hoạt trong email mời 2. Thử hoàn tất kích hoạt 3. Thử đăng nhập bằng {{email.new}} | K40: - Không kích hoạt được tài khoản - Không đăng nhập được bằng {{email.new}} | W40: Màn hình hiện gì → Q-U-07 | X40: USR-03
A41: 29 | B41: Đổi vai trò - Change role | C41: Đổi vai trò - Change role | D41: Thành công | E41: Customer User → Customer Admin | F41: High | G41: TC_029 | H41: Kiểm tra đổi Customer User thành Customer Admin | I41: Đăng nhập {{user.cust_admin}} | J41: 1. Mở chi tiết {{user.cust_user}} 2. Đổi vai trò thành Customer Admin 3. Lưu | K41: - Chi tiết và danh sách hiện vai trò Customer Admin cho {{user.cust_user}} | X41: USR-04
A42: 30 | E42: Quyền mới sau khi đăng nhập lại | F42: High | G42: TC_030 | H42: Kiểm tra quyền của người vừa được đổi thành Customer Admin | I42: Chưa đăng nhập; {{user.cust_admin}} vừa đổi {{user.cust_user}} thành Customer Admin | J42: 1. Đăng nhập {{user.cust_user}} 2. Mở Users ở mục Administration 3. Mở màn Scopes | K42: - Bước 2 mở được danh sách người dùng của tenant A - Bước 3 thấy mọi scope của tenant A, kể cả {{scope.org}} | X42: USR-04
A43: 31 | E43: Phiên đang mở của người bị đổi | F43: Medium | G43: TC_031 | H43: Kiểm tra quyền mới với phiên đang mở của người bị đổi vai trò | I43: Đăng nhập {{user.cust_user}} ở trình duyệt thứ nhất; {{user.cust_admin}} đổi {{user.cust_user}} thành Customer Viewer ở trình duyệt thứ hai | J43: 1. Ở trình duyệt thứ nhất, tải lại trang 2. Thao tác trên scope {{scope.sys}} | W43: Đổi vai trò có hiệu lực ngay hay từ lần đăng nhập sau → Q-U-08 | X43: USR-04
A44: 32 | E44: Hạ một Customer Admin khi còn admin khác | F44: High | G44: TC_032 | H44: Kiểm tra hạ vai trò một Customer Admin khi tenant còn Customer Admin khác | I44: Đăng nhập {{user.cust_admin}}; tenant A có thêm {{user.cust_admin_2}} | J44: 1. Mở chi tiết {{user.cust_admin_2}} 2. Đổi vai trò thành Customer User, lưu | K44: - {{user.cust_admin_2}} hiện vai trò Customer User - Tenant A vẫn có {{user.cust_admin}} là Customer Admin | X44: USR-04
A45: 33 | E45: SGS Consultant → SGS Admin | F45: Medium | G45: TC_033 | H45: Kiểm tra SGS Admin đổi vai trò của SGS Consultant | I45: Đăng nhập {{user.sgs_admin}} ở SGS Portal | J45: 1. Mở chi tiết {{user.consultant}} 2. Đổi vai trò thành SGS Admin, lưu | K45: - {{user.consultant}} hiện vai trò SGS Admin | X45: USR-04
A46: 34 | D46: Không thành công | E46: Customer Admin cuối cùng | F46: High | G46: TC_034 | H46: Kiểm tra không đổi được vai trò của Customer Admin cuối cùng | I46: Đăng nhập {{user.cust_admin}}; tenant A chỉ có {{user.cust_admin}} là Customer Admin | J46: 1. Mở chi tiết {{user.cust_admin}} 2. Đổi vai trò thành Customer User, lưu | K46: - Vai trò không đổi, tenant A vẫn có {{user.cust_admin}} là Customer Admin | W46: Chặn ở bước nào, text thông báo → Q-U-04; tự đổi vai trò của mình → Q-U-09 | X46: USR-04
A47: 35 | E47: Đóng mà không lưu | F47: Low | G47: TC_035 | H47: Kiểm tra đổi vai trò rồi đóng mà không lưu | I47: Đăng nhập {{user.cust_admin}} | J47: 1. Mở chi tiết {{user.cust_user}} 2. Chọn vai trò Customer Viewer 3. Đóng, không lưu | K47: - Vai trò của {{user.cust_user}} vẫn là Customer User | X47: USR-04
A48: 36 | D48: Tự đổi vai trò | E48: Còn Customer Admin khác | F48: Medium | G48: TC_036 | H48: Kiểm tra Customer Admin tự đổi vai trò của mình khi còn admin khác | I48: Đăng nhập {{user.cust_admin}}; tenant A có thêm {{user.cust_admin_2}} | J48: 1. Mở chi tiết {{user.cust_admin}} 2. Đổi vai trò thành Customer User, lưu | W48: Có cho tự đổi vai trò không → Q-U-09 | X48: USR-04
A49: 37 | D49: SGS Admin với người dùng khách | E49: Người dùng của tenant A | F49: High | G49: TC_037 | H49: Kiểm tra SGS Admin đổi vai trò người dùng của khách hàng | I49: Đăng nhập {{user.sgs_admin}} ở SGS Portal; tenant A cùng affiliate | J49: 1. Mở chi tiết {{user.cust_user}} 2. Tìm thao tác đổi vai trò | W49: SGS Admin có mời, đổi vai trò người dùng khách không → Q-U-10 | X49: USR-04
A50: 38 | B50: Quyền theo scope - Scope access | C50: Cấp quyền - Grant | D50: Thành công | E50: Từ chi tiết người dùng | F50: High | G50: TC_038 | H50: Kiểm tra cấp scope cho Customer User từ chi tiết người dùng | I50: Đăng nhập {{user.cust_admin}}; {{user.cust_user}} đang có {{scope.sys}} | J50: 1. Mở chi tiết {{user.cust_user}} 2. Cấp thêm {{scope.org}}, lưu | K50: - Phần quyền theo scope có {{scope.org}} và {{scope.sys}} | X50: USR-05
A51: 39 | E51: Người được cấp thấy scope | F51: High | G51: TC_039 | H51: Kiểm tra người vừa được cấp thấy scope | I51: Chưa đăng nhập; {{user.cust_admin}} vừa cấp {{scope.org}} cho {{user.cust_user}} | J51: 1. Đăng nhập {{user.cust_user}} 2. Mở màn Scopes | K51: - Danh sách có {{scope.org}} và {{scope.sys}} | X51: USR-05
A52: 40 | E52: Người được cấp thấy workspace | F52: Medium | G52: TC_040 | H52: Kiểm tra người vừa được cấp thấy workspace của scope | I52: Chưa đăng nhập; {{user.cust_admin}} vừa cấp {{scope.org}} cho {{user.cust_user}}; {{scope.org}} có {{wsp.org}} | J52: 1. Đăng nhập {{user.cust_user}} 2. Mở danh sách workspace | K52: - Danh sách có {{wsp.org}} | X52: USR-05
A53: 41 | E53: Khối Users ở chi tiết scope | F53: Medium | G53: TC_041 | H53: Kiểm tra người vừa được cấp hiện ở khối Users của scope | I53: Đăng nhập {{user.cust_admin}}; vừa cấp {{scope.org}} cho {{user.cust_user}} | J53: 1. Mở chi tiết {{scope.org}} 2. Xem khối Users | K53: - Có dòng {{user.cust_user}}, Role Customer User, Given là ngày hôm nay | X53: USR-05
A54: 42 | E54: Cấp cho người chưa kích hoạt | F54: Medium | G54: TC_042 | H54: Kiểm tra người được cấp scope khi chưa kích hoạt | I54: Đăng nhập {{user.cust_admin}}; đã mời {{email.new}} với vai trò Customer User, chưa kích hoạt | J54: 1. Cấp {{scope.org}} cho {{email.new}} 2. {{email.new}} kích hoạt tài khoản rồi đăng nhập 3. Mở màn Scopes | K54: - Sau khi kích hoạt, danh sách có {{scope.org}} | X54: USR-05
A55: 43 | D55: Không thành công | E55: Đóng mà không lưu | F55: Low | G55: TC_043 | H55: Kiểm tra chọn scope rồi đóng mà không lưu | I55: Đăng nhập {{user.cust_admin}} | J55: 1. Mở chi tiết {{user.cust_user}} 2. Chọn thêm {{scope.org}} 3. Đóng, không lưu | K55: - Phần quyền theo scope vẫn chỉ có {{scope.sys}} | X55: USR-05
A56: 44 | C56: Gỡ quyền - Remove | D56: Thành công | E56: Từ chi tiết người dùng | F56: High | G56: TC_044 | H56: Kiểm tra gỡ scope của Customer User | I56: Đăng nhập {{user.cust_admin}}; {{user.cust_user}} đang có {{scope.sys}} | J56: 1. Mở chi tiết {{user.cust_user}} 2. Gỡ {{scope.sys}}, lưu | K56: - Phần quyền theo scope không còn {{scope.sys}} | W56: Có hỏi xác nhận khi gỡ không → Q-S-23 | X56: USR-05
A57: 45 | E57: Người bị gỡ không còn thấy scope | F57: High | G57: TC_045 | H57: Kiểm tra người bị gỡ không còn thấy scope | I57: Chưa đăng nhập; {{user.cust_admin}} vừa gỡ {{scope.sys}} của {{user.cust_user}} | J57: 1. Đăng nhập {{user.cust_user}} 2. Mở màn Scopes 3. Mở {{url.app}}/scopes/<mã của {{scope.sys}}> | K57: - Danh sách không có {{scope.sys}} - Bước 3 không hiển thị nội dung của {{scope.sys}} | W57: Bước 3 hiện trang gì → Q-S-26 | X57: USR-05
A58: 46 | E58: Người bị gỡ không còn thấy workspace | F58: Medium | G58: TC_046 | H58: Kiểm tra người bị gỡ không còn thấy workspace của scope | I58: Chưa đăng nhập; {{user.cust_admin}} vừa gỡ {{scope.sys}} của {{user.cust_user}}; {{scope.sys}} có {{wsp.sys}} | J58: 1. Đăng nhập {{user.cust_user}} 2. Mở danh sách workspace | K58: - Danh sách không có {{wsp.sys}} | X58: USR-05
A59: 47 | D59: Không thành công | E59: Đóng mà không lưu | F59: Low | G59: TC_047 | H59: Kiểm tra bỏ chọn scope rồi đóng mà không lưu | I59: Đăng nhập {{user.cust_admin}}; {{user.cust_user}} đang có {{scope.sys}} | J59: 1. Mở chi tiết {{user.cust_user}} 2. Bỏ chọn {{scope.sys}} 3. Đóng, không lưu | K59: - Phần quyền theo scope vẫn có {{scope.sys}} | X59: USR-05
A60: 48 | C60: Đối tượng được cấp - Who can be granted | D60: Customer Admin | E60: Không cần cấp scope | F60: Medium | G60: TC_048 | H60: Kiểm tra quyền theo scope của Customer Admin | I60: Đăng nhập {{user.cust_admin}}; tenant A có thêm {{user.cust_admin_2}} | J60: 1. Mở chi tiết {{user.cust_admin_2}} | K60: - Không có thao tác cấp quyền theo scope cho {{user.cust_admin_2}} | X60: USR-05
A61: 49 | D61: Customer Viewer | E61: Cấp scope cho Customer Viewer | F61: Medium | G61: TC_049 | H61: Kiểm tra cấp quyền theo scope cho Customer Viewer | I61: Đăng nhập {{user.cust_admin}} | J61: 1. Mở chi tiết {{user.cust_viewer}} 2. Tìm thao tác cấp quyền theo scope | W61: USR-05 chỉ nói Customer User → Q-S-24 | X61: USR-05
A62: 50 | B62: Ma trận quyền - Role permissions | C62: Xem ma trận - View | D62: Customer Admin | E62: Mở ma trận quyền | F62: Medium | G62: TC_050 | H62: Kiểm tra Customer Admin xem ma trận quyền | I62: Đăng nhập {{user.cust_admin}} | J62: 1. Mở ma trận quyền của các vai trò | K62: - Hiển thị quyền của từng vai trò định sẵn - Chỉ xem: không có thao tác thêm, sửa, xoá vai trò hay quyền | W62: Lối vào và các vai trò được hiển thị → Q-U-11 | X62: ROL-02
A63: 51 | D63: SGS Admin | E63: Mở ma trận quyền | F63: Medium | G63: TC_051 | H63: Kiểm tra SGS Admin xem ma trận quyền | I63: Đăng nhập {{user.sgs_admin}} ở SGS Portal | J63: 1. Mở ma trận quyền của các vai trò | K63: - Hiển thị quyền của từng vai trò định sẵn - Chỉ xem: không có thao tác thêm, sửa, xoá vai trò hay quyền | W63: Lối vào và các vai trò được hiển thị → Q-U-11 | X63: ROL-02
A64: 52 | B64: Phân quyền - Permission | C64: Customer User | D64: Menu | E64: Không có Users | F64: High | G64: TC_052 | H64: Kiểm tra menu của Customer User không có Users | I64: Đăng nhập {{user.cust_user}} | J64: 1. Xem menu trái | K64: - Không có mục Users | X64: USR-01
A65: 53 | D65: URL | E65: Mở trang người dùng bằng URL | F65: High | G65: TC_053 | H65: Kiểm tra Customer User mở danh sách người dùng bằng URL | I65: Đăng nhập {{user.cust_user}} | J65: 1. Mở {{url.users}} | K65: - Không hiển thị danh sách người dùng | W65: Hiện trang gì → Q-S-26; địa chỉ trang → Q-U-01 | X65: ROL-01
A66: 54 | D66: API | E66: Mời, đổi vai trò, cấp scope | F66: High | G66: TC_054 | H66: Kiểm tra Customer User gọi API quản lý người dùng | I66: Đăng nhập {{user.cust_user}} | J66: 1. Gọi API mời người dùng 2. Gọi API đổi vai trò của {{user.cust_viewer}} 3. Gọi API cấp {{scope.org}} cho chính mình | K66: - Cả ba bị từ chối (403), dữ liệu không đổi | X66: ROL-01
A67: 55 | C67: Customer Viewer | D67: Menu và API | E67: Không có Users, API bị từ chối | F67: High | G67: TC_055 | H67: Kiểm tra Customer Viewer với quản lý người dùng | I67: Đăng nhập {{user.cust_viewer}} | J67: 1. Xem menu trái 2. Gọi API danh sách người dùng và API mời người dùng | K67: - Không có mục Users - Cả hai API bị từ chối (403) | X67: ROL-01
A68: 56 | C68: Vai trò SGS - SGS roles | D68: SGS Consultant | E68: Không có quản lý người dùng | F68: High | G68: TC_056 | H68: Kiểm tra SGS Consultant với quản lý người dùng | I68: Đăng nhập {{user.consultant}} ở SGS Portal | J68: 1. Xem menu 2. Gọi API danh sách người dùng và API mời người dùng | K68: - Không có mục quản lý người dùng - Cả hai API bị từ chối (403) | X68: ROL-01
A69: 57 | B69: Bảo mật - Security | C69: Cách ly tenant - Tenant isolation | D69: URL | E69: Chi tiết người dùng của tenant khác | F69: High | G69: TC_057 | H69: Kiểm tra mở chi tiết người dùng của tenant khác bằng URL | I69: Đăng nhập {{user.tenantB_admin}} | J69: 1. Mở {{url.users}}/<mã của {{user.cust_user}}> | K69: - Không hiển thị dữ liệu của {{user.cust_user}}, giống như người dùng không tồn tại | W69: Hiện trang gì → Q-S-26 | X69: ROL-01
A70: 58 | D70: API | E70: Đổi vai trò người dùng của tenant khác | F70: High | G70: TC_058 | H70: Kiểm tra gọi API đổi vai trò người dùng của tenant khác | I70: Đăng nhập {{user.tenantB_admin}} | J70: 1. Gọi API đổi vai trò của {{user.cust_user}} thành Customer Admin | K70: - Trả 404 như người dùng không tồn tại - Vai trò của {{user.cust_user}} không đổi | X70: ROL-01
A71: 59 | E71: Cấp scope của tenant khác | F71: High | G71: TC_059 | H71: Kiểm tra cấp scope của tenant khác cho người dùng của mình | I71: Đăng nhập {{user.cust_admin}} | J71: 1. Gọi API cấp {{scope.b}} của tenant B cho {{user.cust_user}} | K71: - Trả 404 như scope không tồn tại - Quyền theo scope của {{user.cust_user}} không đổi | X71: ROL-01
A72: 60 | C72: Phạm vi affiliate - Affiliate boundary | D72: API | E72: Người dùng của khách khác affiliate | F72: High | G72: TC_060 | H72: Kiểm tra SGS Admin xem người dùng của khách hàng khác affiliate | I72: Đăng nhập {{user.sgs_admin}} ở SGS Portal; tenant C khác affiliate | J72: 1. Gọi API chi tiết {{user.cust_c}} | K72: - Không trả dữ liệu của {{user.cust_c}} | X72: ROL-01
A73: 61 | C73: Dữ liệu nhập - Input | D73: Mã độc | E73: Email chứa thẻ script | F73: Medium | G73: TC_061 | H73: Kiểm tra mời với email chứa mã độc | I73: Đăng nhập {{user.cust_admin}} | J73: 1. Mở form mời người dùng 2. Nhập {{text.xss}} vào ô email, chọn vai trò Customer User 3. Gửi lời mời | K73: - Không gửi lời mời - Không có hộp thoại hay đoạn mã nào được chạy | X73: USR-03
A74: 62 | C74: Ghi vết - Audit log | D74: Thao tác ghi | E74: Mời, đổi vai trò, cấp và gỡ scope | F74: Medium | G74: TC_062 | H74: Kiểm tra ghi audit cho thao tác quản lý người dùng | I74: Đăng nhập {{user.cust_admin}} | J74: 1. Mời người dùng, đổi vai trò, cấp rồi gỡ scope 2. Mở nhật ký hoạt động của tổ chức | W74: Các thao tác này có phải ghi audit không → Q-U-12 | X74: AUD-01

Sheet Profile
B3: Function Name | C3: PRF-L0001_Ngôn ngữ hiển thị | K3: Round | L3: Total | M3: Passed | N3: Failed | O3: Pending | P3: Blocked | Q3: NA | R3: Not execute
B4: Screen Name | C4: Profile (tên tạm) · Customer Portal, SGS Portal | K4: Round 1 | L4: =COUNTA($G$13:$G$25) -> 13 | M4: =COUNTIF($M$13:$M$25,M3) -> 0 | N4: =COUNTIF($M$13:$M$25,N3) -> 0 | O4: =COUNTIF($M$13:$M$25,O3) -> 0 | P4: =COUNTIF($M$13:$M$25,P3) -> 0 | Q4: =COUNTIF($M$13:$M$25,Q3) -> 0 | R4: =L4-SUM(M4:Q4) -> 13
B5: Creator | C5: AI (Claude) | M5: =M4/$L$4 -> 0 | N5: =N4/$L$4 -> 0 | O5: =O4/$L$4 -> 0 | P5: =P4/$L$4 -> 0 | Q5: =Q4/$L$4 -> 0 | R5: =R4/$L$4 -> 1
B6: Created date | C6: 05/10/2026 | K6: Round 2 | L6: =COUNTA($G$13:$G$25) -> 13 | M6: =COUNTIF($R$13:$R$25,M3) -> 0 | N6: =COUNTIF($R$13:$R$25,N3) -> 0 | O6: =COUNTIF($R$13:$R$25,O3) -> 0 | P6: =COUNTIF($R$13:$R$25,P3) -> 0 | Q6: =COUNTIF($R$13:$R$25,Q3) -> 0 | R6: =L6-SUM(M6:Q6) -> 13
B7: Reference | C7: UC List v4 (02/10/2026) · PRF-01 · chưa có Figma trang 02: vị trí chỗ đổi ngôn ngữ chờ đối chiếu | M7: =M6/$L$6 -> 0 | N7: =N6/$L$6 -> 0 | O7: =O6/$L$6 -> 0 | P7: =P6/$L$6 -> 0 | Q7: =Q6/$L$6 -> 0 | R7: =R6/$L$6 -> 1
M10: Round 1 | R10: Round 2
B11: Classification | F11: Priority | G11: TVP_ID | H11: Test case name/ Test view point | I11: Pre-condition | J11: Step | K11: Expected result | L11: Dev test | M11: Result | N11: Test person | O11: Test date | P11: Bug_ID | Q11: Remark | R11: Result | S11: Test person | T11: Test date | U11: Bug_ID | V11: Remark | W11: Open question | X11: UC
A12: No. | B12: I | C12: II | D12: III | E12: IV
A13: 1 | B13: Điều hướng - Redirect | C13: Chỗ đổi ngôn ngữ - Language setting | D13: Sau khi đăng nhập | E13: Customer Portal | F13: Medium | G13: TC_001 | H13: Kiểm tra chỗ đổi ngôn ngữ sau khi đăng nhập | I13: Đăng nhập {{user.cust_user}} | J13: 1. Mở chỗ đổi ngôn ngữ | K13: - Có hai lựa chọn: English và 繁體中文 | W13: Chỗ đổi ngôn ngữ nằm ở đâu → Q-P-01 | X13: PRF-01
A14: 2 | B14: Đổi ngôn ngữ - Switch language | C14: Giao diện - Interface | D14: Chọn 繁體中文 | E14: Nhãn giao diện | F14: High | G14: TC_002 | H14: Kiểm tra giao diện sau khi chọn 繁體中文 | I14: Đăng nhập {{user.cust_user}}, ngôn ngữ đang là English | J14: 1. Đổi ngôn ngữ sang 繁體中文 2. Mở màn Scopes | K14: - Menu, tiêu đề, nút hiển thị bằng tiếng Trung phồn thể | X14: PRF-01
A15: 3 | D15: Chọn English | E15: Đổi lại English | F15: Medium | G15: TC_003 | H15: Kiểm tra đổi lại English | I15: Đăng nhập {{user.cust_user}}, ngôn ngữ đang là 繁體中文 | J15: 1. Đổi ngôn ngữ sang English | K15: - Menu, tiêu đề, nút hiển thị bằng tiếng Anh | X15: PRF-01
A16: 4 | C16: Nội dung framework - Framework content | D16: Có bản dịch | E16: Tiêu đề và mô tả requirement | F16: High | G16: TC_004 | H16: Kiểm tra nội dung framework hiển thị bằng 繁體中文 | I16: Đăng nhập {{user.cust_user}}, ngôn ngữ 繁體中文; {{wsp.sys}} dùng {{fwk.zh}} có nội dung tiếng Trung | J16: 1. Mở cây requirement của {{wsp.sys}} 2. Mở chi tiết một requirement | K16: - Tiêu đề và mô tả requirement hiển thị bản 繁體中文 | X16: PRF-01
A17: 5 | D17: Chưa có bản dịch | E17: Quay về tiếng Anh | F17: Medium | G17: TC_005 | H17: Kiểm tra nội dung chưa có bản dịch | I17: Đăng nhập {{user.cust_user}}, ngôn ngữ 繁體中文; requirement {{req.no_zh}} chưa có bản tiếng Trung | J17: 1. Mở chi tiết {{req.no_zh}} | K17: - Tiêu đề và mô tả của {{req.no_zh}} hiển thị bằng tiếng Anh | X17: PRF-01
A18: 6 | D18: Mã | E18: Mã không dịch | F18: Medium | G18: TC_006 | H18: Kiểm tra mã framework và mã requirement không bị dịch | I18: Đăng nhập {{user.cust_user}}; {{wsp.sys}} dùng {{fwk.zh}} | J18: 1. Xem mã framework và mã requirement khi để English 2. Đổi sang 繁體中文, xem lại | K18: - Mã framework và mã requirement giữ nguyên ở cả hai ngôn ngữ | X18: PRF-01
A19: 7 | B19: Lưu lựa chọn - Persistence | C19: Theo người dùng - Per user | D19: Đăng nhập lại | E19: Giữ 繁體中文 | F19: High | G19: TC_007 | H19: Kiểm tra giữ ngôn ngữ sau khi đăng nhập lại | I19: Đăng nhập {{user.cust_user}}, đã chọn 繁體中文 | J19: 1. Đăng xuất 2. Đăng nhập lại {{user.cust_user}} | K19: - Giao diện hiển thị bằng 繁體中文 ngay sau khi đăng nhập | X19: PRF-01
A20: 8 | D20: Trình duyệt khác | E20: Giữ 繁體中文 | F20: Medium | G20: TC_008 | H20: Kiểm tra giữ ngôn ngữ khi đăng nhập ở trình duyệt khác | I20: Đăng nhập {{user.cust_user}} ở trình duyệt thứ nhất, đã chọn 繁體中文 | J20: 1. Đăng nhập {{user.cust_user}} ở trình duyệt thứ hai | K20: - Giao diện hiển thị bằng 繁體中文 | X20: PRF-01
A21: 9 | D21: Người dùng khác | E21: Không bị ảnh hưởng | F21: Medium | G21: TC_009 | H21: Kiểm tra lựa chọn ngôn ngữ không ảnh hưởng người dùng khác | I21: Đăng nhập {{user.cust_viewer}}, ngôn ngữ English; {{user.cust_user}} đã chọn 繁體中文 | J21: 1. Xem giao diện của {{user.cust_viewer}} | K21: - Giao diện vẫn bằng English | X21: PRF-01
A22: 10 | D22: Người dùng mới | E22: Ngôn ngữ mặc định | F22: Low | G22: TC_010 | H22: Kiểm tra ngôn ngữ mặc định của người dùng mới | I22: Chưa đăng nhập; {{email.new}} vừa kích hoạt, chưa từng chọn ngôn ngữ | J22: 1. Đăng nhập bằng {{email.new}} | W22: Mặc định là ngôn ngữ nào → Q-P-03 | X22: PRF-01
A23: 11 | D23: Ngôn ngữ ở màn đăng nhập | E23: Khác ngôn ngữ đã lưu | F23: Medium | G23: TC_011 | H23: Kiểm tra khi chọn ở màn đăng nhập một ngôn ngữ khác ngôn ngữ đã lưu | I23: Chưa đăng nhập; {{user.cust_user}} đã lưu 繁體中文 | J23: 1. Ở màn đăng nhập chọn English 2. Đăng nhập {{user.cust_user}} | W23: Sau khi đăng nhập dùng ngôn ngữ nào → Q-P-02 | X23: PRF-01
A24: 12 | B24: Phân quyền - Permission | C24: Vai trò SGS - SGS roles | D24: SGS Admin | E24: Đổi ngôn ngữ ở SGS Portal | F24: Medium | G24: TC_012 | H24: Kiểm tra SGS Admin đổi ngôn ngữ | I24: Đăng nhập {{user.sgs_admin}} ở SGS Portal | J24: 1. Đổi ngôn ngữ sang 繁體中文 2. Mở danh sách khách hàng | K24: - Giao diện SGS Portal hiển thị bằng 繁體中文 | X24: PRF-01
A25: 13 | C25: Customer Viewer | D25: Customer Viewer | E25: Đổi ngôn ngữ | F25: Low | G25: TC_013 | H25: Kiểm tra Customer Viewer đổi ngôn ngữ | I25: Đăng nhập {{user.cust_viewer}} | J25: 1. Đổi ngôn ngữ sang 繁體中文 | K25: - Giao diện hiển thị bằng 繁體中文 | X25: PRF-01

Sheet Cần xác nhận
A1: Mã | B1: Sheet | C1: Câu hỏi | D1: Căn cứ, vì sao cần hỏi | E1: TC liên quan | F1: Đề xuất mặc định | G1: Mức | H1: Trạng thái
A2: Q-U-01 | B2: Users | C2: Lối vào và tên mục menu quản lý người dùng ở Customer Portal và SGS Portal; địa chỉ trang ({{url.users}}). | D2: Chưa có Figma trang 02. Customer Portal tạm theo prototype của Scopes (Scopes TC_110: Users ở mục Administration). | E2: Users TC_001, TC_002, TC_053 | F2: Theo Figma khi có. | G2: NHỎ | H2: Mở
A3: Q-U-02 | B3: Users | C3: SGS Admin thấy người dùng SGS của mọi affiliate hay chỉ affiliate của mình? | D3: USR-01 (P1 Use Cases!R14): "SGS users and affiliate customers for SGS Admin" — chỉ nói rõ phạm vi với người dùng khách. | E3: Users TC_005 | F3: Chỉ affiliate của mình, giống phạm vi khách hàng. | G3: QUAN TRỌNG | H3: Mở
A4: Q-U-03 | B4: Users | C4: Người dùng có những trạng thái nào (chờ kích hoạt, đã kích hoạt…), hiển thị ở danh sách và chi tiết ra sao? Chi tiết người dùng có những trường hồ sơ nào? | D4: USR-02 (R15) có "profile, status" nhưng không liệt kê; sửa, khoá người dùng đã dời sang P2 (P2-USR-01). | E4: Users TC_006, TC_007, TC_008, TC_014 | F4: Hai trạng thái: chờ kích hoạt và đã kích hoạt. | G4: QUAN TRỌNG | H4: Mở
A5: Q-U-04 | B5: Users | C5: Text thông báo của form mời (bỏ trống email, sai định dạng, chưa chọn vai trò) và khi đổi vai trò Customer Admin cuối cùng; tiêu đề, nội dung email mời. | D5: Chưa có Figma trang 02 và mẫu email. | E5: Users TC_012, TC_018, TC_019, TC_020, TC_034 | F5: Theo Figma và mẫu email khi có. | G5: NHỎ | H5: Mở
A6: Q-U-05 | B6: Users | C6: Mời một email đã có: (a) đã là người dùng của tenant, (b) đang chờ kích hoạt, (c) là người dùng của tenant khác — xử lý thế nào? | D6: USR-03 (R16) không nói về email trùng. | E6: Users TC_021, TC_022, TC_023 | F6: (a), (b): chặn và báo email đã có; (c): chặn, vì phiên đăng nhập chỉ gắn với một tenant (AUTH-01, R3). | G6: QUAN TRỌNG | H6: Mở
A7: Q-U-06 | B7: Users | C7: Gửi lại lời mời thì link trong email cũ còn dùng được không? Link mời có hạn bao lâu? | D7: USR-03 (R16) có gửi lại; AUTH-03 (R5) nói link dùng một lần và có hạn, không nói thời hạn. | E7: Users TC_026 | F7: Link cũ hết hiệu lực khi gửi lại; hạn 7 ngày. | G7: QUAN TRỌNG | H7: Mở
A8: Q-U-07 | B8: Users | C8: Thu hồi lời mời thì người đó còn trong danh sách không? Mở link của lời mời đã thu hồi thì hiện gì? | D8: USR-03 (R16) có thu hồi, không nói kết quả. | E8: Users TC_027, TC_028 | F8: Bỏ khỏi danh sách; link hiện thông báo giống link hết hạn. | G8: QUAN TRỌNG | H8: Mở
A9: Q-U-08 | B9: Users | C9: Đổi vai trò có hiệu lực ngay với phiên đang mở của người bị đổi, hay từ lần đăng nhập sau? | D9: AUTH-01 (R3): vai trò được xác định khi tạo phiên; ROL-01 (R19): kiểm quyền ở mọi API và màn hình. | E9: Users TC_031 | F9: Có hiệu lực ngay từ lần gọi API kế tiếp. | G9: QUAN TRỌNG | H9: Mở
A10: Q-U-09 | B10: Users | C10: Customer Admin có tự đổi vai trò của chính mình được không khi tenant còn Customer Admin khác? | D10: USR-04 (R17) chỉ có quy tắc tenant luôn còn ít nhất một Customer Admin. | E10: Users TC_034, TC_036 | F10: Không cho tự đổi. | G10: NHỎ | H10: Mở
A11: Q-U-10 | B11: Users | C11: SGS Admin có mời, đổi vai trò người dùng của khách hàng cùng affiliate không? | D11: USR-01 (R14) cho SGS Admin thấy người dùng khách; USR-03 (R16) chỉ cho SGS Admin mời vai trò SGS; USR-04 (R17) không nói. | E11: Users TC_037 | F11: Chỉ xem, không mời và không đổi vai trò người dùng khách. | G11: QUAN TRỌNG | H11: Mở
A12: Q-U-11 | B12: Users | C12: Ma trận quyền nằm ở đâu? Customer Admin và SGS Admin thấy những vai trò nào? | D12: ROL-02 (R20) chỉ nói xem quyền của từng vai trò định sẵn. Nếu ma trận nằm ở menu riêng thì tách thành sheet riêng. | E12: Users TC_050, TC_051 | F12: Customer Admin thấy 3 vai trò khách hàng; SGS Admin thấy cả 5 vai trò. | G12: NHỎ | H12: Mở
... A20: Q-S-28 | B20: Scopes | C20: Danh sách scope có hiển thị What is in scope và What is out of scope của từng scope không? | D20: Hanna yêu cầu kiểm tra cả 4 thông tin (Type, Name, In scope, Out of scope) trên Danh sách sau khi tạo; Figma Screens 05 chỉ có cột Scope (kèm nhãn loại), Belongs to, Frameworks, Users, Evidence coverage. | E20: Scopes Scope_021, Scope_025, Scope_131 | F20: Danh sách chỉ hiển thị Type và Name; In scope / Out of scope xem ở màn chi tiết. | G20: QUAN TRỌNG | H20: Mở
