Workbook

Sheet Cover
C2: TEST CASE
B3: Project Name | C3: DTP | F3: Creator
B4: Project Code | F4: Reviewer/Approver
B5: Document Code | F5: Issue Date
F6: Version | G6: Version 1.13
B7: Purpose of document
B8: Test environment
B9: Record of change
B10: Effective Date | C10: Version | D10: Change Item | E10: *A,D,M | F10: Change description | G10: Reference
B11: 01/10/2026 | C11: 1.0 | D11: Login, Scopes | E11: A | F11: Tạo mới | G11: UC List v2.1, Figma
B12: 02/10/2026 | C12: 1.1 | D12: Tất cả sheet | E12: M | F12: Một màu, một phông | G12: FB-016, FB-019
B13: 02/10/2026 | C13: 1.1 | D13: Login | E13: M | F13: Sửa vùng đếm tổng kết | G13: FB-019
B14: 05/10/2026 | C14: 1.2 | D14: Users, Profile, Cần xác nhận | E14: A | F14: Tạo mới từ UC List v4; nhãn, bố cục chờ Figma trang 02 | G14: UC List v4
B15: 06/10/2026 | C15: 1.3 | D15: Scopes, Login, Users | E15: M | F15: Pre-condition chỉ ghi trạng thái trước khi vào màn đang test, mở màn là Step 1; đổi Name sang giá trị cụ thể ở các case tạo scope | G15: FB-040
B16: 06/10/2026 | C16: 1.3 | D16: Scopes | E16: A | F16: Thêm Scope_130–132; viết lại Scope_021, 022, 025, 026 kiểm tra đủ Type, Name, In scope, Out of scope; thêm Q-S-28 | G16: FB-041
B17: 07/10/2026 | C17: 1.4 | D17: Scopes | E17: M | F17: Hanna viết lại khu vực Điều hướng và Danh sách scope (No. 1–67) | G17: FB-042 → FB-046
B18: 07/10/2026 | C18: 1.5 | D18: Scopes | E18: M | F18: Viết lại từ Chi tiết scope trở xuống theo cách viết của bản 1.4; thêm case biên cho Evidence coverage, Coverage; đánh lại No. và TVP_ID | G18: FB-042 → FB-048
B19: 07/10/2026 | C19: 1.5 | D19: Tất cả sheet | E19: M | F19: Mọi ô Times New Roman 10; ô bắt đầu bằng dấu - có dấu nháy đơn ở đầu | G19: FB-016, FB-049
B20: 08/10/2026 | C20: 1.6 | D20: Frameworks | E20: A | F20: Thêm sheet Frameworks (118 case; Expected để trống ở case còn câu hỏi Q-F) | G20: UC v4 FWK-01…07
B21: 08/10/2026 | C21: 1.7 | D21: Frameworks | E21: M | F21: Soát lại theo review Opus và các chỗ Hanna sửa: viết lại Total to meet theo công thức, điền Expected cho case kiểm được trên hệ thống, bỏ case trùng, thêm case thiếu | G21: FB-053
... B28: 09/10/2026 | C28: 1.13 | D28: Workspaces | E28: M | F28: Case Customer Viewer xem danh sách: viết Expected vì UC v5.3 WSP-02 có Customer Viewer và hệ thống cho Customer Viewer xem danh sách; bỏ Q-W-11 ở case này | G28: FB-065
B29: Annotation:
B30: A: Add
B31: D: Delete
B32: M: Modify

Sheet Test_Report
E2: Test Round 1 | N2: Test Round 2 (After fixed bug)
B3: Sheet name | C3: Classification I | D3: Classification II | E3: Executed rate | F3: Executed | G3: Total | H3: Passed | I3: Failed | J3: Pending | K3: Blocked | L3: NA | M3: Not execute | N3: Executed rate | O3: Executed | P3: Total | Q3: Passed | R3: Failed | S3: Pending | T3: Blocked | U3: NA | V3: Not execute
B4: Login | C4: Đăng nhập - Login | D4: Điều hướng - Redirect | E4: =F4/G4 | F4: =SUM(H4:L4) | G4: =SUM(H4:M4) | H4: =COUNTIF('Login'!$M$13:$M$15,H$3) | I4: =COUNTIF('Login'!$M$13:$M$15,I$3) | J4: =COUNTIF('Login'!$M$13:$M$15,J$3) | K4: =COUNTIF('Login'!$M$13:$M$15,K$3) | L4: =COUNTIF('Login'!$M$13:$M$15,L$3) | M4: =COUNTA('Login'!$G$13:$G$15)-SUM(H4:L4) | N4: =O4/P4 | O4: =SUM(Q4:U4) | P4: =SUM(Q4:V4) | Q4: =COUNTIF('Login'!$R$13:$R$15,Q$3) | R4: =COUNTIF('Login'!$R$13:$R$15,R$3) | S4: =COUNTIF('Login'!$R$13:$R$15,S$3) | T4: =COUNTIF('Login'!$R$13:$R$15,T$3) | U4: =COUNTIF('Login'!$R$13:$R$15,U$3) | V4: =COUNTA('Login'!$G$13:$G$15)-SUM(Q4:U4)
C5: Đăng nhập - Login | D5: Hiển thị - Display | E5: =F5/G5 | F5: =SUM(H5:L5) | G5: =SUM(H5:M5) | H5: =COUNTIF('Login'!$M$16:$M$19,H$3) | I5: =COUNTIF('Login'!$M$16:$M$19,I$3) | J5: =COUNTIF('Login'!$M$16:$M$19,J$3) | K5: =COUNTIF('Login'!$M$16:$M$19,K$3) | L5: =COUNTIF('Login'!$M$16:$M$19,L$3) | M5: =COUNTA('Login'!$G$16:$G$19)-SUM(H5:L5) | N5: =O5/P5 | O5: =SUM(Q5:U5) | P5: =SUM(Q5:V5) | Q5: =COUNTIF('Login'!$R$16:$R$19,Q$3) | R5: =COUNTIF('Login'!$R$16:$R$19,R$3) | S5: =COUNTIF('Login'!$R$16:$R$19,S$3) | T5: =COUNTIF('Login'!$R$16:$R$19,T$3) | U5: =COUNTIF('Login'!$R$16:$R$19,U$3) | V5: =COUNTA('Login'!$G$16:$G$19)-SUM(Q5:U5)
C6: Đăng nhập - Login | D6: Ngôn ngữ - Language | E6: =F6/G6 | F6: =SUM(H6:L6) | G6: =SUM(H6:M6) | H6: =COUNTIF('Login'!$M$20:$M$23,H$3) | I6: =COUNTIF('Login'!$M$20:$M$23,I$3) | J6: =COUNTIF('Login'!$M$20:$M$23,J$3) | K6: =COUNTIF('Login'!$M$20:$M$23,K$3) | L6: =COUNTIF('Login'!$M$20:$M$23,L$3) | M6: =COUNTA('Login'!$G$20:$G$23)-SUM(H6:L6) | N6: =O6/P6 | O6: =SUM(Q6:U6) | P6: =SUM(Q6:V6) | Q6: =COUNTIF('Login'!$R$20:$R$23,Q$3) | R6: =COUNTIF('Login'!$R$20:$R$23,R$3) | S6: =COUNTIF('Login'!$R$20:$R$23,S$3) | T6: =COUNTIF('Login'!$R$20:$R$23,T$3) | U6: =COUNTIF('Login'!$R$20:$R$23,U$3) | V6: =COUNTA('Login'!$G$20:$G$23)-SUM(Q6:U6)
C7: Đăng nhập - Login | D7: Email | E7: =F7/G7 | F7: =SUM(H7:L7) | G7: =SUM(H7:M7) | H7: =COUNTIF('Login'!$M$24:$M$32,H$3) | I7: =COUNTIF('Login'!$M$24:$M$32,I$3) | J7: =COUNTIF('Login'!$M$24:$M$32,J$3) | K7: =COUNTIF('Login'!$M$24:$M$32,K$3) | L7: =COUNTIF('Login'!$M$24:$M$32,L$3) | M7: =COUNTA('Login'!$G$24:$G$32)-SUM(H7:L7) | N7: =O7/P7 | O7: =SUM(Q7:U7) | P7: =SUM(Q7:V7) | Q7: =COUNTIF('Login'!$R$24:$R$32,Q$3) | R7: =COUNTIF('Login'!$R$24:$R$32,R$3) | S7: =COUNTIF('Login'!$R$24:$R$32,S$3) | T7: =COUNTIF('Login'!$R$24:$R$32,T$3) | U7: =COUNTIF('Login'!$R$24:$R$32,U$3) | V7: =COUNTA('Login'!$G$24:$G$32)-SUM(Q7:U7)
C8: Đăng nhập - Login | D8: Mật khẩu - Password | E8: =F8/G8 | F8: =SUM(H8:L8) | G8: =SUM(H8:M8) | H8: =COUNTIF('Login'!$M$33:$M$39,H$3) | I8: =COUNTIF('Login'!$M$33:$M$39,I$3) | J8: =COUNTIF('Login'!$M$33:$M$39,J$3) | K8: =COUNTIF('Login'!$M$33:$M$39,K$3) | L8: =COUNTIF('Login'!$M$33:$M$39,L$3) | M8: =COUNTA('Login'!$G$33:$G$39)-SUM(H8:L8) | N8: =O8/P8 | O8: =SUM(Q8:U8) | P8: =SUM(Q8:V8) | Q8: =COUNTIF('Login'!$R$33:$R$39,Q$3) | R8: =COUNTIF('Login'!$R$33:$R$39,R$3) | S8: =COUNTIF('Login'!$R$33:$R$39,S$3) | T8: =COUNTIF('Login'!$R$33:$R$39,T$3) | U8: =COUNTIF('Login'!$R$33:$R$39,U$3) | V8: =COUNTA('Login'!$G$33:$G$39)-SUM(Q8:U8)
C9: Đăng nhập - Login | D9: Ghi nhớ đăng nhập | E9: =F9/G9 | F9: =SUM(H9:L9) | G9: =SUM(H9:M9) | H9: =COUNTIF('Login'!$M$40:$M$43,H$3) | I9: =COUNTIF('Login'!$M$40:$M$43,I$3) | J9: =COUNTIF('Login'!$M$40:$M$43,J$3) | K9: =COUNTIF('Login'!$M$40:$M$43,K$3) | L9: =COUNTIF('Login'!$M$40:$M$43,L$3) | M9: =COUNTA('Login'!$G$40:$G$43)-SUM(H9:L9) | N9: =O9/P9 | O9: =SUM(Q9:U9) | P9: =SUM(Q9:V9) | Q9: =COUNTIF('Login'!$R$40:$R$43,Q$3) | R9: =COUNTIF('Login'!$R$40:$R$43,R$3) | S9: =COUNTIF('Login'!$R$40:$R$43,S$3) | T9: =COUNTIF('Login'!$R$40:$R$43,T$3) | U9: =COUNTIF('Login'!$R$40:$R$43,U$3) | V9: =COUNTA('Login'!$G$40:$G$43)-SUM(Q9:U9)
C10: Đăng nhập - Login | D10: Đăng nhập - Sign in | E10: =F10/G10 | F10: =SUM(H10:L10) | G10: =SUM(H10:M10) | H10: =COUNTIF('Login'!$M$44:$M$53,H$3) | I10: =COUNTIF('Login'!$M$44:$M$53,I$3) | J10: =COUNTIF('Login'!$M$44:$M$53,J$3) | K10: =COUNTIF('Login'!$M$44:$M$53,K$3) | L10: =COUNTIF('Login'!$M$44:$M$53,L$3) | M10: =COUNTA('Login'!$G$44:$G$53)-SUM(H10:L10) | N10: =O10/P10 | O10: =SUM(Q10:U10) | P10: =SUM(Q10:V10) | Q10: =COUNTIF('Login'!$R$44:$R$53,Q$3) | R10: =COUNTIF('Login'!$R$44:$R$53,R$3) | S10: =COUNTIF('Login'!$R$44:$R$53,S$3) | T10: =COUNTIF('Login'!$R$44:$R$53,T$3) | U10: =COUNTIF('Login'!$R$44:$R$53,U$3) | V10: =COUNTA('Login'!$G$44:$G$53)-SUM(Q10:U10)
C11: Đăng nhập - Login | D11: Nút Sign in | E11: =F11/G11 | F11: =SUM(H11:L11) | G11: =SUM(H11:M11) | H11: =COUNTIF('Login'!$M$54:$M$56,H$3) | I11: =COUNTIF('Login'!$M$54:$M$56,I$3) | J11: =COUNTIF('Login'!$M$54:$M$56,J$3) | K11: =COUNTIF('Login'!$M$54:$M$56,K$3) | L11: =COUNTIF('Login'!$M$54:$M$56,L$3) | M11: =COUNTA('Login'!$G$54:$G$56)-SUM(H11:L11) | N11: =O11/P11 | O11: =SUM(Q11:U11) | P11: =SUM(Q11:V11) | Q11: =COUNTIF('Login'!$R$54:$R$56,Q$3) | R11: =COUNTIF('Login'!$R$54:$R$56,R$3) | S11: =COUNTIF('Login'!$R$54:$R$56,S$3) | T11: =COUNTIF('Login'!$R$54:$R$56,T$3) | U11: =COUNTIF('Login'!$R$54:$R$56,U$3) | V11: =COUNTA('Login'!$G$54:$G$56)-SUM(Q11:U11)
C12: Đăng nhập - Login | D12: Hỗ trợ - Support | E12: =F12/G12 | F12: =SUM(H12:L12) | G12: =SUM(H12:M12) | H12: =COUNTIF('Login'!$M$57:$M$59,H$3) | I12: =COUNTIF('Login'!$M$57:$M$59,I$3) | J12: =COUNTIF('Login'!$M$57:$M$59,J$3) | K12: =COUNTIF('Login'!$M$57:$M$59,K$3) | L12: =COUNTIF('Login'!$M$57:$M$59,L$3) | M12: =COUNTA('Login'!$G$57:$G$59)-SUM(H12:L12) | N12: =O12/P12 | O12: =SUM(Q12:U12) | P12: =SUM(Q12:V12) | Q12: =COUNTIF('Login'!$R$57:$R$59,Q$3) | R12: =COUNTIF('Login'!$R$57:$R$59,R$3) | S12: =COUNTIF('Login'!$R$57:$R$59,S$3) | T12: =COUNTIF('Login'!$R$57:$R$59,T$3) | U12: =COUNTIF('Login'!$R$57:$R$59,U$3) | V12: =COUNTA('Login'!$G$57:$G$59)-SUM(Q12:U12)
C13: Đăng nhập - Login | D13: Bảo mật - Security | E13: =F13/G13 | F13: =SUM(H13:L13) | G13: =SUM(H13:M13) | H13: =COUNTIF('Login'!$M$60:$M$64,H$3) | I13: =COUNTIF('Login'!$M$60:$M$64,I$3) | J13: =COUNTIF('Login'!$M$60:$M$64,J$3) | K13: =COUNTIF('Login'!$M$60:$M$64,K$3) | L13: =COUNTIF('Login'!$M$60:$M$64,L$3) | M13: =COUNTA('Login'!$G$60:$G$64)-SUM(H13:L13) | N13: =O13/P13 | O13: =SUM(Q13:U13) | P13: =SUM(Q13:V13) | Q13: =COUNTIF('Login'!$R$60:$R$64,Q$3) | R13: =COUNTIF('Login'!$R$60:$R$64,R$3) | S13: =COUNTIF('Login'!$R$60:$R$64,S$3) | T13: =COUNTIF('Login'!$R$60:$R$64,T$3) | U13: =COUNTIF('Login'!$R$60:$R$64,U$3) | V13: =COUNTA('Login'!$G$60:$G$64)-SUM(Q13:U13)
C14: Total | E14: =F14/G14 | F14: =SUM(H14:L14) | G14: =SUM(H14:M14) | H14: =SUM(H4:H13) | I14: =SUM(I4:I13) | J14: =SUM(J4:J13) | K14: =SUM(K4:K13) | L14: =SUM(L4:L13) | M14: =SUM(M4:M13) | N14: =O14/P14 | O14: =SUM(Q14:U14) | P14: =SUM(Q14:V14) | Q14: =SUM(Q4:Q13) | R14: =SUM(R4:R13) | S14: =SUM(S4:S13) | T14: =SUM(T4:T13) | U14: =SUM(U4:U13) | V14: =SUM(V4:V13)
B15: Scopes | C15: Điều hướng - Redirect | D15: Vào danh sách - Scope list | E15: =F15/G15 | F15: =SUM(H15:L15) | G15: =SUM(H15:M15) | H15: =COUNTIF('Scopes'!$M$13:$M$14,H$3) | I15: =COUNTIF('Scopes'!$M$13:$M$14,I$3) | J15: =COUNTIF('Scopes'!$M$13:$M$14,J$3) | K15: =COUNTIF('Scopes'!$M$13:$M$14,K$3) | L15: =COUNTIF('Scopes'!$M$13:$M$14,L$3) | M15: =COUNTA('Scopes'!$G$13:$G$14)-SUM(H15:L15) | N15: =O15/P15 | O15: =SUM(Q15:U15) | P15: =SUM(Q15:V15) | Q15: =COUNTIF('Scopes'!$R$13:$R$14,Q$3) | R15: =COUNTIF('Scopes'!$R$13:$R$14,R$3) | S15: =COUNTIF('Scopes'!$R$13:$R$14,S$3) | T15: =COUNTIF('Scopes'!$R$13:$R$14,T$3) | U15: =COUNTIF('Scopes'!$R$13:$R$14,U$3) | V15: =COUNTA('Scopes'!$G$13:$G$14)-SUM(Q15:U15)
C16: Điều hướng - Redirect | D16: Vào chi tiết - Scope detail | E16: =F16/G16 | F16: =SUM(H16:L16) | G16: =SUM(H16:M16) | H16: =COUNTIF('Scopes'!$M$15:$M$17,H$3) | I16: =COUNTIF('Scopes'!$M$15:$M$17,I$3) | J16: =COUNTIF('Scopes'!$M$15:$M$17,J$3) | K16: =COUNTIF('Scopes'!$M$15:$M$17,K$3) | L16: =COUNTIF('Scopes'!$M$15:$M$17,L$3) | M16: =COUNTA('Scopes'!$G$15:$G$17)-SUM(H16:L16) | N16: =O16/P16 | O16: =SUM(Q16:U16) | P16: =SUM(Q16:V16) | Q16: =COUNTIF('Scopes'!$R$15:$R$17,Q$3) | R16: =COUNTIF('Scopes'!$R$15:$R$17,R$3) | S16: =COUNTIF('Scopes'!$R$15:$R$17,S$3) | T16: =COUNTIF('Scopes'!$R$15:$R$17,T$3) | U16: =COUNTIF('Scopes'!$R$15:$R$17,U$3) | V16: =COUNTA('Scopes'!$G$15:$G$17)-SUM(Q16:U16)
C17: Danh sách scope - Scope list | D17: Tiêu đề trang - Title | E17: =F17/G17 | F17: =SUM(H17:L17) | G17: =SUM(H17:M17) | H17: =COUNTIF('Scopes'!$M$18:$M$18,H$3) | I17: =COUNTIF('Scopes'!$M$18:$M$18,I$3) | J17: =COUNTIF('Scopes'!$M$18:$M$18,J$3) | K17: =COUNTIF('Scopes'!$M$18:$M$18,K$3) | L17: =COUNTIF('Scopes'!$M$18:$M$18,L$3) | M17: =COUNTA('Scopes'!$G$18:$G$18)-SUM(H17:L17) | N17: =O17/P17 | O17: =SUM(Q17:U17) | P17: =SUM(Q17:V17) | Q17: =COUNTIF('Scopes'!$R$18:$R$18,Q$3) | R17: =COUNTIF('Scopes'!$R$18:$R$18,R$3) | S17: =COUNTIF('Scopes'!$R$18:$R$18,S$3) | T17: =COUNTIF('Scopes'!$R$18:$R$18,T$3) | U17: =COUNTIF('Scopes'!$R$18:$R$18,U$3) | V17: =COUNTA('Scopes'!$G$18:$G$18)-SUM(Q17:U17)
C18: Danh sách scope - Scope list | D18: Trạng thái rỗng - Empty | E18: =F18/G18 | F18: =SUM(H18:L18) | G18: =SUM(H18:M18) | H18: =COUNTIF('Scopes'!$M$19:$M$19,H$3) | I18: =COUNTIF('Scopes'!$M$19:$M$19,I$3) | J18: =COUNTIF('Scopes'!$M$19:$M$19,J$3) | K18: =COUNTIF('Scopes'!$M$19:$M$19,K$3) | L18: =COUNTIF('Scopes'!$M$19:$M$19,L$3) | M18: =COUNTA('Scopes'!$G$19:$G$19)-SUM(H18:L18) | N18: =O18/P18 | O18: =SUM(Q18:U18) | P18: =SUM(Q18:V18) | Q18: =COUNTIF('Scopes'!$R$19:$R$19,Q$3) | R18: =COUNTIF('Scopes'!$R$19:$R$19,R$3) | S18: =COUNTIF('Scopes'!$R$19:$R$19,S$3) | T18: =COUNTIF('Scopes'!$R$19:$R$19,T$3) | U18: =COUNTIF('Scopes'!$R$19:$R$19,U$3) | V18: =COUNTA('Scopes'!$G$19:$G$19)-SUM(Q18:U18)
C19: Danh sách scope - Scope list | D19: Tạo scope - Create scope | E19: =F19/G19 | F19: =SUM(H19:L19) | G19: =SUM(H19:M19) | H19: =COUNTIF('Scopes'!$M$20:$M$39,H$3) | I19: =COUNTIF('Scopes'!$M$20:$M$39,I$3) | J19: =COUNTIF('Scopes'!$M$20:$M$39,J$3) | K19: =COUNTIF('Scopes'!$M$20:$M$39,K$3) | L19: =COUNTIF('Scopes'!$M$20:$M$39,L$3) | M19: =COUNTA('Scopes'!$G$20:$G$39)-SUM(H19:L19) | N19: =O19/P19 | O19: =SUM(Q19:U19) | P19: =SUM(Q19:V19) | Q19: =COUNTIF('Scopes'!$R$20:$R$39,Q$3) | R19: =COUNTIF('Scopes'!$R$20:$R$39,R$3) | S19: =COUNTIF('Scopes'!$R$20:$R$39,S$3) | T19: =COUNTIF('Scopes'!$R$20:$R$39,T$3) | U19: =COUNTIF('Scopes'!$R$20:$R$39,U$3) | V19: =COUNTA('Scopes'!$G$20:$G$39)-SUM(Q19:U19)
C20: Danh sách scope - Scope list | D20: Thanh công cụ - Toolbar | E20: =F20/G20 | F20: =SUM(H20:L20) | G20: =SUM(H20:M20) | H20: =COUNTIF('Scopes'!$M$40:$M$46,H$3) | I20: =COUNTIF('Scopes'!$M$40:$M$46,I$3) | J20: =COUNTIF('Scopes'!$M$40:$M$46,J$3) | K20: =COUNTIF('Scopes'!$M$40:$M$46,K$3) | L20: =COUNTIF('Scopes'!$M$40:$M$46,L$3) | M20: =COUNTA('Scopes'!$G$40:$G$46)-SUM(H20:L20) | N20: =O20/P20 | O20: =SUM(Q20:U20) | P20: =SUM(Q20:V20) | Q20: =COUNTIF('Scopes'!$R$40:$R$46,Q$3) | R20: =COUNTIF('Scopes'!$R$40:$R$46,R$3) | S20: =COUNTIF('Scopes'!$R$40:$R$46,S$3) | T20: =COUNTIF('Scopes'!$R$40:$R$46,T$3) | U20: =COUNTIF('Scopes'!$R$40:$R$46,U$3) | V20: =COUNTA('Scopes'!$G$40:$G$46)-SUM(Q20:U20)
C21: Danh sách scope - Scope list | D21: Bảng danh sách - Table | E21: =F21/G21 | F21: =SUM(H21:L21) | G21: =SUM(H21:M21) | H21: =COUNTIF('Scopes'!$M$47:$M$68,H$3) | I21: =COUNTIF('Scopes'!$M$47:$M$68,I$3) | J21: =COUNTIF('Scopes'!$M$47:$M$68,J$3) | K21: =COUNTIF('Scopes'!$M$47:$M$68,K$3) | L21: =COUNTIF('Scopes'!$M$47:$M$68,L$3) | M21: =COUNTA('Scopes'!$G$47:$G$68)-SUM(H21:L21) | N21: =O21/P21 | O21: =SUM(Q21:U21) | P21: =SUM(Q21:V21) | Q21: =COUNTIF('Scopes'!$R$47:$R$68,Q$3) | R21: =COUNTIF('Scopes'!$R$47:$R$68,R$3) | S21: =COUNTIF('Scopes'!$R$47:$R$68,S$3) | T21: =COUNTIF('Scopes'!$R$47:$R$68,T$3) | U21: =COUNTIF('Scopes'!$R$47:$R$68,U$3) | V21: =COUNTA('Scopes'!$G$47:$G$68)-SUM(Q21:U21)
C22: Danh sách scope - Scope list | D22: Phân trang - Paging | E22: =F22/G22 | F22: =SUM(H22:L22) | G22: =SUM(H22:M22) | H22: =COUNTIF('Scopes'!$M$69:$M$73,H$3) | I22: =COUNTIF('Scopes'!$M$69:$M$73,I$3) | J22: =COUNTIF('Scopes'!$M$69:$M$73,J$3) | K22: =COUNTIF('Scopes'!$M$69:$M$73,K$3) | L22: =COUNTIF('Scopes'!$M$69:$M$73,L$3) | M22: =COUNTA('Scopes'!$G$69:$G$73)-SUM(H22:L22) | N22: =O22/P22 | O22: =SUM(Q22:U22) | P22: =SUM(Q22:V22) | Q22: =COUNTIF('Scopes'!$R$69:$R$73,Q$3) | R22: =COUNTIF('Scopes'!$R$69:$R$73,R$3) | S22: =COUNTIF('Scopes'!$R$69:$R$73,S$3) | T22: =COUNTIF('Scopes'!$R$69:$R$73,T$3) | U22: =COUNTIF('Scopes'!$R$69:$R$73,U$3) | V22: =COUNTA('Scopes'!$G$69:$G$73)-SUM(Q22:U22)
C23: Chi tiết scope - Scope detail | D23: Phần đầu - Header | E23: =F23/G23 | F23: =SUM(H23:L23) | G23: =SUM(H23:M23) | H23: =COUNTIF('Scopes'!$M$74:$M$80,H$3) | I23: =COUNTIF('Scopes'!$M$74:$M$80,I$3) | J23: =COUNTIF('Scopes'!$M$74:$M$80,J$3) | K23: =COUNTIF('Scopes'!$M$74:$M$80,K$3) | L23: =COUNTIF('Scopes'!$M$74:$M$80,L$3) | M23: =COUNTA('Scopes'!$G$74:$G$80)-SUM(H23:L23) | N23: =O23/P23 | O23: =SUM(Q23:U23) | P23: =SUM(Q23:V23) | Q23: =COUNTIF('Scopes'!$R$74:$R$80,Q$3) | R23: =COUNTIF('Scopes'!$R$74:$R$80,R$3) | S23: =COUNTIF('Scopes'!$R$74:$R$80,S$3) | T23: =COUNTIF('Scopes'!$R$74:$R$80,T$3) | U23: =COUNTIF('Scopes'!$R$74:$R$80,U$3) | V23: =COUNTA('Scopes'!$G$74:$G$80)-SUM(Q23:U23)
C24: Chi tiết scope - Scope detail | D24: Điều hướng trong màn - Section nav | E24: =F24/G24 | F24: =SUM(H24:L24) | G24: =SUM(H24:M24) | H24: =COUNTIF('Scopes'!$M$81:$M$82,H$3) | I24: =COUNTIF('Scopes'!$M$81:$M$82,I$3) | J24: =COUNTIF('Scopes'!$M$81:$M$82,J$3) | K24: =COUNTIF('Scopes'!$M$81:$M$82,K$3) | L24: =COUNTIF('Scopes'!$M$81:$M$82,L$3) | M24: =COUNTA('Scopes'!$G$81:$G$82)-SUM(H24:L24) | N24: =O24/P24 | O24: =SUM(Q24:U24) | P24: =SUM(Q24:V24) | Q24: =COUNTIF('Scopes'!$R$81:$R$82,Q$3) | R24: =COUNTIF('Scopes'!$R$81:$R$82,R$3) | S24: =COUNTIF('Scopes'!$R$81:$R$82,S$3) | T24: =COUNTIF('Scopes'!$R$81:$R$82,T$3) | U24: =COUNTIF('Scopes'!$R$81:$R$82,U$3) | V24: =COUNTA('Scopes'!$G$81:$G$82)-SUM(Q24:U24)
C25: Chi tiết scope - Scope detail | D25: Tổng quan - Overview | E25: =F25/G25 | F25: =SUM(H25:L25) | G25: =SUM(H25:M25) | H25: =COUNTIF('Scopes'!$M$83:$M$86,H$3) | I25: =COUNTIF('Scopes'!$M$83:$M$86,I$3) | J25: =COUNTIF('Scopes'!$M$83:$M$86,J$3) | K25: =COUNTIF('Scopes'!$M$83:$M$86,K$3) | L25: =COUNTIF('Scopes'!$M$83:$M$86,L$3) | M25: =COUNTA('Scopes'!$G$83:$G$86)-SUM(H25:L25) | N25: =O25/P25 | O25: =SUM(Q25:U25) | P25: =SUM(Q25:V25) | Q25: =COUNTIF('Scopes'!$R$83:$R$86,Q$3) | R25: =COUNTIF('Scopes'!$R$83:$R$86,R$3) | S25: =COUNTIF('Scopes'!$R$83:$R$86,S$3) | T25: =COUNTIF('Scopes'!$R$83:$R$86,T$3) | U25: =COUNTIF('Scopes'!$R$83:$R$86,U$3) | V25: =COUNTA('Scopes'!$G$83:$G$86)-SUM(Q25:U25)
C26: Chi tiết scope - Scope detail | D26: Sửa scope - Edit scope | E26: =F26/G26 | F26: =SUM(H26:L26) | G26: =SUM(H26:M26) | H26: =COUNTIF('Scopes'!$M$87:$M$95,H$3) | I26: =COUNTIF('Scopes'!$M$87:$M$95,I$3) | J26: =COUNTIF('Scopes'!$M$87:$M$95,J$3) | K26: =COUNTIF('Scopes'!$M$87:$M$95,K$3) | L26: =COUNTIF('Scopes'!$M$87:$M$95,L$3) | M26: =COUNTA('Scopes'!$G$87:$G$95)-SUM(H26:L26) | N26: =O26/P26 | O26: =SUM(Q26:U26) | P26: =SUM(Q26:V26) | Q26: =COUNTIF('Scopes'!$R$87:$R$95,Q$3) | R26: =COUNTIF('Scopes'!$R$87:$R$95,R$3) | S26: =COUNTIF('Scopes'!$R$87:$R$95,S$3) | T26: =COUNTIF('Scopes'!$R$87:$R$95,T$3) | U26: =COUNTIF('Scopes'!$R$87:$R$95,U$3) | V26: =COUNTA('Scopes'!$G$87:$G$95)-SUM(Q26:U26)
C27: Chi tiết scope - Scope detail | D27: Khối Frameworks - Frameworks | E27: =F27/G27 | F27: =SUM(H27:L27) | G27: =SUM(H27:M27) | H27: =COUNTIF('Scopes'!$M$96:$M$107,H$3) | I27: =COUNTIF('Scopes'!$M$96:$M$107,I$3) | J27: =COUNTIF('Scopes'!$M$96:$M$107,J$3) | K27: =COUNTIF('Scopes'!$M$96:$M$107,K$3) | L27: =COUNTIF('Scopes'!$M$96:$M$107,L$3) | M27: =COUNTA('Scopes'!$G$96:$G$107)-SUM(H27:L27) | N27: =O27/P27 | O27: =SUM(Q27:U27) | P27: =SUM(Q27:V27) | Q27: =COUNTIF('Scopes'!$R$96:$R$107,Q$3) | R27: =COUNTIF('Scopes'!$R$96:$R$107,R$3) | S27: =COUNTIF('Scopes'!$R$96:$R$107,S$3) | T27: =COUNTIF('Scopes'!$R$96:$R$107,T$3) | U27: =COUNTIF('Scopes'!$R$96:$R$107,U$3) | V27: =COUNTA('Scopes'!$G$96:$G$107)-SUM(Q27:U27)
C28: Chi tiết scope - Scope detail | D28: Gắn framework - Link framework | E28: =F28/G28 | F28: =SUM(H28:L28) | G28: =SUM(H28:M28) | H28: =COUNTIF('Scopes'!$M$108:$M$119,H$3) | I28: =COUNTIF('Scopes'!$M$108:$M$119,I$3) | J28: =COUNTIF('Scopes'!$M$108:$M$119,J$3) | K28: =COUNTIF('Scopes'!$M$108:$M$119,K$3) | L28: =COUNTIF('Scopes'!$M$108:$M$119,L$3) | M28: =COUNTA('Scopes'!$G$108:$G$119)-SUM(H28:L28) | N28: =O28/P28 | O28: =SUM(Q28:U28) | P28: =SUM(Q28:V28) | Q28: =COUNTIF('Scopes'!$R$108:$R$119,Q$3) | R28: =COUNTIF('Scopes'!$R$108:$R$119,R$3) | S28: =COUNTIF('Scopes'!$R$108:$R$119,S$3) | T28: =COUNTIF('Scopes'!$R$108:$R$119,T$3) | U28: =COUNTIF('Scopes'!$R$108:$R$119,U$3) | V28: =COUNTA('Scopes'!$G$108:$G$119)-SUM(Q28:U28)
C29: Chi tiết scope - Scope detail | D29: Đổi tier - Change tier | E29: =F29/G29 | F29: =SUM(H29:L29) | G29: =SUM(H29:M29) | H29: =COUNTIF('Scopes'!$M$120:$M$125,H$3) | I29: =COUNTIF('Scopes'!$M$120:$M$125,I$3) | J29: =COUNTIF('Scopes'!$M$120:$M$125,J$3) | K29: =COUNTIF('Scopes'!$M$120:$M$125,K$3) | L29: =COUNTIF('Scopes'!$M$120:$M$125,L$3) | M29: =COUNTA('Scopes'!$G$120:$G$125)-SUM(H29:L29) | N29: =O29/P29 | O29: =SUM(Q29:U29) | P29: =SUM(Q29:V29) | Q29: =COUNTIF('Scopes'!$R$120:$R$125,Q$3) | R29: =COUNTIF('Scopes'!$R$120:$R$125,R$3) | S29: =COUNTIF('Scopes'!$R$120:$R$125,S$3) | T29: =COUNTIF('Scopes'!$R$120:$R$125,T$3) | U29: =COUNTIF('Scopes'!$R$120:$R$125,U$3) | V29: =COUNTA('Scopes'!$G$120:$G$125)-SUM(Q29:U29)
C30: Chi tiết scope - Scope detail | D30: Khối Users - Users | E30: =F30/G30 | F30: =SUM(H30:L30) | G30: =SUM(H30:M30) | H30: =COUNTIF('Scopes'!$M$126:$M$128,H$3) | I30: =COUNTIF('Scopes'!$M$126:$M$128,I$3) | J30: =COUNTIF('Scopes'!$M$126:$M$128,J$3) | K30: =COUNTIF('Scopes'!$M$126:$M$128,K$3) | L30: =COUNTIF('Scopes'!$M$126:$M$128,L$3) | M30: =COUNTA('Scopes'!$G$126:$G$128)-SUM(H30:L30) | N30: =O30/P30 | O30: =SUM(Q30:U30) | P30: =SUM(Q30:V30) | Q30: =COUNTIF('Scopes'!$R$126:$R$128,Q$3) | R30: =COUNTIF('Scopes'!$R$126:$R$128,R$3) | S30: =COUNTIF('Scopes'!$R$126:$R$128,S$3) | T30: =COUNTIF('Scopes'!$R$126:$R$128,T$3) | U30: =COUNTIF('Scopes'!$R$126:$R$128,U$3) | V30: =COUNTA('Scopes'!$G$126:$G$128)-SUM(Q30:U30)
C31: Chi tiết scope - Scope detail | D31: Gán người dùng - Assign users | E31: =F31/G31 | F31: =SUM(H31:L31) | G31: =SUM(H31:M31) | H31: =COUNTIF('Scopes'!$M$129:$M$136,H$3) | I31: =COUNTIF('Scopes'!$M$129:$M$136,I$3) | J31: =COUNTIF('Scopes'!$M$129:$M$136,J$3) | K31: =COUNTIF('Scopes'!$M$129:$M$136,K$3) | L31: =COUNTIF('Scopes'!$M$129:$M$136,L$3) | M31: =COUNTA('Scopes'!$G$129:$G$136)-SUM(H31:L31) | N31: =O31/P31 | O31: =SUM(Q31:U31) | P31: =SUM(Q31:V31) | Q31: =COUNTIF('Scopes'!$R$129:$R$136,Q$3) | R31: =COUNTIF('Scopes'!$R$129:$R$136,R$3) | S31: =COUNTIF('Scopes'!$R$129:$R$136,S$3) | T31: =COUNTIF('Scopes'!$R$129:$R$136,T$3) | U31: =COUNTIF('Scopes'!$R$129:$R$136,U$3) | V31: =COUNTA('Scopes'!$G$129:$G$136)-SUM(Q31:U31)
C32: Chi tiết scope - Scope detail | D32: Tổng hợp - Summary | E32: =F32/G32 | F32: =SUM(H32:L32) | G32: =SUM(H32:M32) | H32: =COUNTIF('Scopes'!$M$137:$M$137,H$3) | I32: =COUNTIF('Scopes'!$M$137:$M$137,I$3) | J32: =COUNTIF('Scopes'!$M$137:$M$137,J$3) | K32: =COUNTIF('Scopes'!$M$137:$M$137,K$3) | L32: =COUNTIF('Scopes'!$M$137:$M$137,L$3) | M32: =COUNTA('Scopes'!$G$137:$G$137)-SUM(H32:L32) | N32: =O32/P32 | O32: =SUM(Q32:U32) | P32: =SUM(Q32:V32) | Q32: =COUNTIF('Scopes'!$R$137:$R$137,Q$3) | R32: =COUNTIF('Scopes'!$R$137:$R$137,R$3) | S32: =COUNTIF('Scopes'!$R$137:$R$137,S$3) | T32: =COUNTIF('Scopes'!$R$137:$R$137,T$3) | U32: =COUNTIF('Scopes'!$R$137:$R$137,U$3) | V32: =COUNTA('Scopes'!$G$137:$G$137)-SUM(Q32:U32)
C33: Phân quyền - Permission | D33: Customer User | E33: =F33/G33 | F33: =SUM(H33:L33) | G33: =SUM(H33:M33) | H33: =COUNTIF('Scopes'!$M$138:$M$141,H$3) | I33: =COUNTIF('Scopes'!$M$138:$M$141,I$3) | J33: =COUNTIF('Scopes'!$M$138:$M$141,J$3) | K33: =COUNTIF('Scopes'!$M$138:$M$141,K$3) | L33: =COUNTIF('Scopes'!$M$138:$M$141,L$3) | M33: =COUNTA('Scopes'!$G$138:$G$141)-SUM(H33:L33) | N33: =O33/P33 | O33: =SUM(Q33:U33) | P33: =SUM(Q33:V33) | Q33: =COUNTIF('Scopes'!$R$138:$R$141,Q$3) | R33: =COUNTIF('Scopes'!$R$138:$R$141,R$3) | S33: =COUNTIF('Scopes'!$R$138:$R$141,S$3) | T33: =COUNTIF('Scopes'!$R$138:$R$141,T$3) | U33: =COUNTIF('Scopes'!$R$138:$R$141,U$3) | V33: =COUNTA('Scopes'!$G$138:$G$141)-SUM(Q33:U33)
C34: Phân quyền - Permission | D34: Customer Viewer | E34: =F34/G34 | F34: =SUM(H34:L34) | G34: =SUM(H34:M34) | H34: =COUNTIF('Scopes'!$M$142:$M$142,H$3) | I34: =COUNTIF('Scopes'!$M$142:$M$142,I$3) | J34: =COUNTIF('Scopes'!$M$142:$M$142,J$3) | K34: =COUNTIF('Scopes'!$M$142:$M$142,K$3) | L34: =COUNTIF('Scopes'!$M$142:$M$142,L$3) | M34: =COUNTA('Scopes'!$G$142:$G$142)-SUM(H34:L34) | N34: =O34/P34 | O34: =SUM(Q34:U34) | P34: =SUM(Q34:V34) | Q34: =COUNTIF('Scopes'!$R$142:$R$142,Q$3) | R34: =COUNTIF('Scopes'!$R$142:$R$142,R$3) | S34: =COUNTIF('Scopes'!$R$142:$R$142,S$3) | T34: =COUNTIF('Scopes'!$R$142:$R$142,T$3) | U34: =COUNTIF('Scopes'!$R$142:$R$142,U$3) | V34: =COUNTA('Scopes'!$G$142:$G$142)-SUM(Q34:U34)
C35: Phân quyền - Permission | D35: Vai trò SGS - SGS roles | E35: =F35/G35 | F35: =SUM(H35:L35) | G35: =SUM(H35:M35) | H35: =COUNTIF('Scopes'!$M$143:$M$144,H$3) | I35: =COUNTIF('Scopes'!$M$143:$M$144,I$3) | J35: =COUNTIF('Scopes'!$M$143:$M$144,J$3) | K35: =COUNTIF('Scopes'!$M$143:$M$144,K$3) | L35: =COUNTIF('Scopes'!$M$143:$M$144,L$3) | M35: =COUNTA('Scopes'!$G$143:$G$144)-SUM(H35:L35) | N35: =O35/P35 | O35: =SUM(Q35:U35) | P35: =SUM(Q35:V35) | Q35: =COUNTIF('Scopes'!$R$143:$R$144,Q$3) | R35: =COUNTIF('Scopes'!$R$143:$R$144,R$3) | S35: =COUNTIF('Scopes'!$R$143:$R$144,S$3) | T35: =COUNTIF('Scopes'!$R$143:$R$144,T$3) | U35: =COUNTIF('Scopes'!$R$143:$R$144,U$3) | V35: =COUNTA('Scopes'!$G$143:$G$144)-SUM(Q35:U35)
C36: Bảo mật - Security | D36: Cách ly tenant - Tenant isolation | E36: =F36/G36 | F36: =SUM(H36:L36) | G36: =SUM(H36:M36) | H36: =COUNTIF('Scopes'!$M$145:$M$146,H$3) | I36: =COUNTIF('Scopes'!$M$145:$M$146,I$3) | J36: =COUNTIF('Scopes'!$M$145:$M$146,J$3) | K36: =COUNTIF('Scopes'!$M$145:$M$146,K$3) | L36: =COUNTIF('Scopes'!$M$145:$M$146,L$3) | M36: =COUNTA('Scopes'!$G$145:$G$146)-SUM(H36:L36) | N36: =O36/P36 | O36: =SUM(Q36:U36) | P36: =SUM(Q36:V36) | Q36: =COUNTIF('Scopes'!$R$145:$R$146,Q$3) | R36: =COUNTIF('Scopes'!$R$145:$R$146,R$3) | S36: =COUNTIF('Scopes'!$R$145:$R$146,S$3) | T36: =COUNTIF('Scopes'!$R$145:$R$146,T$3) | U36: =COUNTIF('Scopes'!$R$145:$R$146,U$3) | V36: =COUNTA('Scopes'!$G$145:$G$146)-SUM(Q36:U36)
C37: Bảo mật - Security | D37: Dữ liệu nhập - Input | E37: =F37/G37 | F37: =SUM(H37:L37) | G37: =SUM(H37:M37) | H37: =COUNTIF('Scopes'!$M$147:$M$147,H$3) | I37: =COUNTIF('Scopes'!$M$147:$M$147,I$3) | J37: =COUNTIF('Scopes'!$M$147:$M$147,J$3) | K37: =COUNTIF('Scopes'!$M$147:$M$147,K$3) | L37: =COUNTIF('Scopes'!$M$147:$M$147,L$3) | M37: =COUNTA('Scopes'!$G$147:$G$147)-SUM(H37:L37) | N37: =O37/P37 | O37: =SUM(Q37:U37) | P37: =SUM(Q37:V37) | Q37: =COUNTIF('Scopes'!$R$147:$R$147,Q$3) | R37: =COUNTIF('Scopes'!$R$147:$R$147,R$3) | S37: =COUNTIF('Scopes'!$R$147:$R$147,S$3) | T37: =COUNTIF('Scopes'!$R$147:$R$147,T$3) | U37: =COUNTIF('Scopes'!$R$147:$R$147,U$3) | V37: =COUNTA('Scopes'!$G$147:$G$147)-SUM(Q37:U37)
C38: Bảo mật - Security | D38: Ghi vết - Audit log | E38: =F38/G38 | F38: =SUM(H38:L38) | G38: =SUM(H38:M38) | H38: =COUNTIF('Scopes'!$M$148:$M$148,H$3) | I38: =COUNTIF('Scopes'!$M$148:$M$148,I$3) | J38: =COUNTIF('Scopes'!$M$148:$M$148,J$3) | K38: =COUNTIF('Scopes'!$M$148:$M$148,K$3) | L38: =COUNTIF('Scopes'!$M$148:$M$148,L$3) | M38: =COUNTA('Scopes'!$G$148:$G$148)-SUM(H38:L38) | N38: =O38/P38 | O38: =SUM(Q38:U38) | P38: =SUM(Q38:V38) | Q38: =COUNTIF('Scopes'!$R$148:$R$148,Q$3) | R38: =COUNTIF('Scopes'!$R$148:$R$148,R$3) | S38: =COUNTIF('Scopes'!$R$148:$R$148,S$3) | T38: =COUNTIF('Scopes'!$R$148:$R$148,T$3) | U38: =COUNTIF('Scopes'!$R$148:$R$148,U$3) | V38: =COUNTA('Scopes'!$G$148:$G$148)-SUM(Q38:U38)
C39: Total | E39: =F39/G39 | F39: =SUM(H39:L39) | G39: =SUM(H39:M39) | H39: =SUM(H15:H38) | I39: =SUM(I15:I38) | J39: =SUM(J15:J38) | K39: =SUM(K15:K38) | L39: =SUM(L15:L38) | M39: =SUM(M15:M38) | N39: =O39/P39 | O39: =SUM(Q39:U39) | P39: =SUM(Q39:V39) | Q39: =SUM(Q15:Q38) | R39: =SUM(R15:R38) | S39: =SUM(S15:S38) | T39: =SUM(T15:T38) | U39: =SUM(U15:U38) | V39: =SUM(V15:V38)
B40: Frameworks | C40: Điều hướng - Redirect | D40: Vào danh sách - Framework list | E40: =F40/G40 | F40: =SUM(H40:L40) | G40: =SUM(H40:M40) | H40: =COUNTIF('Frameworks'!$M$13:$M$14,H$3) | I40: =COUNTIF('Frameworks'!$M$13:$M$14,I$3) | J40: =COUNTIF('Frameworks'!$M$13:$M$14,J$3) | K40: =COUNTIF('Frameworks'!$M$13:$M$14,K$3) | L40: =COUNTIF('Frameworks'!$M$13:$M$14,L$3) | M40: =COUNTA('Frameworks'!$G$13:$G$14)-SUM(H40:L40) | N40: =O40/P40 | O40: =SUM(Q40:U40) | P40: =SUM(Q40:V40) | Q40: =COUNTIF('Frameworks'!$R$13:$R$14,Q$3) | R40: =COUNTIF('Frameworks'!$R$13:$R$14,R$3) | S40: =COUNTIF('Frameworks'!$R$13:$R$14,S$3) | T40: =COUNTIF('Frameworks'!$R$13:$R$14,T$3) | U40: =COUNTIF('Frameworks'!$R$13:$R$14,U$3) | V40: =COUNTA('Frameworks'!$G$13:$G$14)-SUM(Q40:U40)
C41: Điều hướng - Redirect | D41: Vào chi tiết - Framework detail | E41: =F41/G41 | F41: =SUM(H41:L41) | G41: =SUM(H41:M41) | H41: =COUNTIF('Frameworks'!$M$15:$M$18,H$3) | I41: =COUNTIF('Frameworks'!$M$15:$M$18,I$3) | J41: =COUNTIF('Frameworks'!$M$15:$M$18,J$3) | K41: =COUNTIF('Frameworks'!$M$15:$M$18,K$3) | L41: =COUNTIF('Frameworks'!$M$15:$M$18,L$3) | M41: =COUNTA('Frameworks'!$G$15:$G$18)-SUM(H41:L41) | N41: =O41/P41 | O41: =SUM(Q41:U41) | P41: =SUM(Q41:V41) | Q41: =COUNTIF('Frameworks'!$R$15:$R$18,Q$3) | R41: =COUNTIF('Frameworks'!$R$15:$R$18,R$3) | S41: =COUNTIF('Frameworks'!$R$15:$R$18,S$3) | T41: =COUNTIF('Frameworks'!$R$15:$R$18,T$3) | U41: =COUNTIF('Frameworks'!$R$15:$R$18,U$3) | V41: =COUNTA('Frameworks'!$G$15:$G$18)-SUM(Q41:U41)
C42: Danh sách framework - Framework list | D42: Tiêu đề trang - Title | E42: =F42/G42 | F42: =SUM(H42:L42) | G42: =SUM(H42:M42) | H42: =COUNTIF('Frameworks'!$M$19:$M$19,H$3) | I42: =COUNTIF('Frameworks'!$M$19:$M$19,I$3) | J42: =COUNTIF('Frameworks'!$M$19:$M$19,J$3) | K42: =COUNTIF('Frameworks'!$M$19:$M$19,K$3) | L42: =COUNTIF('Frameworks'!$M$19:$M$19,L$3) | M42: =COUNTA('Frameworks'!$G$19:$G$19)-SUM(H42:L42) | N42: =O42/P42 | O42: =SUM(Q42:U42) | P42: =SUM(Q42:V42) | Q42: =COUNTIF('Frameworks'!$R$19:$R$19,Q$3) | R42: =COUNTIF('Frameworks'!$R$19:$R$19,R$3) | S42: =COUNTIF('Frameworks'!$R$19:$R$19,S$3) | T42: =COUNTIF('Frameworks'!$R$19:$R$19,T$3) | U42: =COUNTIF('Frameworks'!$R$19:$R$19,U$3) | V42: =COUNTA('Frameworks'!$G$19:$G$19)-SUM(Q42:U42)
C43: Danh sách framework - Framework list | D43: Nhập framework - Import framework | E43: =F43/G43 | F43: =SUM(H43:L43) | G43: =SUM(H43:M43) | H43: =COUNTIF('Frameworks'!$M$20:$M$64,H$3) | I43: =COUNTIF('Frameworks'!$M$20:$M$64,I$3) | J43: =COUNTIF('Frameworks'!$M$20:$M$64,J$3) | K43: =COUNTIF('Frameworks'!$M$20:$M$64,K$3) | L43: =COUNTIF('Frameworks'!$M$20:$M$64,L$3) | M43: =COUNTA('Frameworks'!$G$20:$G$64)-SUM(H43:L43) | N43: =O43/P43 | O43: =SUM(Q43:U43) | P43: =SUM(Q43:V43) | Q43: =COUNTIF('Frameworks'!$R$20:$R$64,Q$3) | R43: =COUNTIF('Frameworks'!$R$20:$R$64,R$3) | S43: =COUNTIF('Frameworks'!$R$20:$R$64,S$3) | T43: =COUNTIF('Frameworks'!$R$20:$R$64,T$3) | U43: =COUNTIF('Frameworks'!$R$20:$R$64,U$3) | V43: =COUNTA('Frameworks'!$G$20:$G$64)-SUM(Q43:U43)
C44: Danh sách framework - Framework list | D44: Thanh công cụ - Toolbar | E44: =F44/G44 | F44: =SUM(H44:L44) | G44: =SUM(H44:M44) | H44: =COUNTIF('Frameworks'!$M$65:$M$77,H$3) | I44: =COUNTIF('Frameworks'!$M$65:$M$77,I$3) | J44: =COUNTIF('Frameworks'!$M$65:$M$77,J$3) | K44: =COUNTIF('Frameworks'!$M$65:$M$77,K$3) | L44: =COUNTIF('Frameworks'!$M$65:$M$77,L$3) | M44: =COUNTA('Frameworks'!$G$65:$G$77)-SUM(H44:L44) | N44: =O44/P44 | O44: =SUM(Q44:U44) | P44: =SUM(Q44:V44) | Q44: =COUNTIF('Frameworks'!$R$65:$R$77,Q$3) | R44: =COUNTIF('Frameworks'!$R$65:$R$77,R$3) | S44: =COUNTIF('Frameworks'!$R$65:$R$77,S$3) | T44: =COUNTIF('Frameworks'!$R$65:$R$77,T$3) | U44: =COUNTIF('Frameworks'!$R$65:$R$77,U$3) | V44: =COUNTA('Frameworks'!$G$65:$G$77)-SUM(Q44:U44)
C45: Danh sách framework - Framework list | D45: Bảng danh sách - Table | E45: =F45/G45 | F45: =SUM(H45:L45) | G45: =SUM(H45:M45) | H45: =COUNTIF('Frameworks'!$M$78:$M$96,H$3) | I45: =COUNTIF('Frameworks'!$M$78:$M$96,I$3) | J45: =COUNTIF('Frameworks'!$M$78:$M$96,J$3) | K45: =COUNTIF('Frameworks'!$M$78:$M$96,K$3) | L45: =COUNTIF('Frameworks'!$M$78:$M$96,L$3) | M45: =COUNTA('Frameworks'!$G$78:$G$96)-SUM(H45:L45) | N45: =O45/P45 | O45: =SUM(Q45:U45) | P45: =SUM(Q45:V45) | Q45: =COUNTIF('Frameworks'!$R$78:$R$96,Q$3) | R45: =COUNTIF('Frameworks'!$R$78:$R$96,R$3) | S45: =COUNTIF('Frameworks'!$R$78:$R$96,S$3) | T45: =COUNTIF('Frameworks'!$R$78:$R$96,T$3) | U45: =COUNTIF('Frameworks'!$R$78:$R$96,U$3) | V45: =COUNTA('Frameworks'!$G$78:$G$96)-SUM(Q45:U45)
C46: Danh sách framework - Framework list | D46: Phân trang - Paging | E46: =F46/G46 | F46: =SUM(H46:L46) | G46: =SUM(H46:M46) | H46: =COUNTIF('Frameworks'!$M$97:$M$101,H$3) | I46: =COUNTIF('Frameworks'!$M$97:$M$101,I$3) | J46: =COUNTIF('Frameworks'!$M$97:$M$101,J$3) | K46: =COUNTIF('Frameworks'!$M$97:$M$101,K$3) | L46: =COUNTIF('Frameworks'!$M$97:$M$101,L$3) | M46: =COUNTA('Frameworks'!$G$97:$G$101)-SUM(H46:L46) | N46: =O46/P46 | O46: =SUM(Q46:U46) | P46: =SUM(Q46:V46) | Q46: =COUNTIF('Frameworks'!$R$97:$R$101,Q$3) | R46: =COUNTIF('Frameworks'!$R$97:$R$101,R$3) | S46: =COUNTIF('Frameworks'!$R$97:$R$101,S$3) | T46: =COUNTIF('Frameworks'!$R$97:$R$101,T$3) | U46: =COUNTIF('Frameworks'!$R$97:$R$101,U$3) | V46: =COUNTA('Frameworks'!$G$97:$G$101)-SUM(Q46:U46)
C47: Bản nháp - Draft preview | D47: Phần đầu - Header | E47: =F47/G47 | F47: =SUM(H47:L47) | G47: =SUM(H47:M47) | H47: =COUNTIF('Frameworks'!$M$102:$M$103,H$3) | I47: =COUNTIF('Frameworks'!$M$102:$M$103,I$3) | J47: =COUNTIF('Frameworks'!$M$102:$M$103,J$3) | K47: =COUNTIF('Frameworks'!$M$102:$M$103,K$3) | L47: =COUNTIF('Frameworks'!$M$102:$M$103,L$3) | M47: =COUNTA('Frameworks'!$G$102:$G$103)-SUM(H47:L47) | N47: =O47/P47 | O47: =SUM(Q47:U47) | P47: =SUM(Q47:V47) | Q47: =COUNTIF('Frameworks'!$R$102:$R$103,Q$3) | R47: =COUNTIF('Frameworks'!$R$102:$R$103,R$3) | S47: =COUNTIF('Frameworks'!$R$102:$R$103,S$3) | T47: =COUNTIF('Frameworks'!$R$102:$R$103,T$3) | U47: =COUNTIF('Frameworks'!$R$102:$R$103,U$3) | V47: =COUNTA('Frameworks'!$G$102:$G$103)-SUM(Q47:U47)
C48: Bản nháp - Draft preview | D48: Điều hướng trong màn - Section nav | E48: =F48/G48 | F48: =SUM(H48:L48) | G48: =SUM(H48:M48) | H48: =COUNTIF('Frameworks'!$M$104:$M$106,H$3) | I48: =COUNTIF('Frameworks'!$M$104:$M$106,I$3) | J48: =COUNTIF('Frameworks'!$M$104:$M$106,J$3) | K48: =COUNTIF('Frameworks'!$M$104:$M$106,K$3) | L48: =COUNTIF('Frameworks'!$M$104:$M$106,L$3) | M48: =COUNTA('Frameworks'!$G$104:$G$106)-SUM(H48:L48) | N48: =O48/P48 | O48: =SUM(Q48:U48) | P48: =SUM(Q48:V48) | Q48: =COUNTIF('Frameworks'!$R$104:$R$106,Q$3) | R48: =COUNTIF('Frameworks'!$R$104:$R$106,R$3) | S48: =COUNTIF('Frameworks'!$R$104:$R$106,S$3) | T48: =COUNTIF('Frameworks'!$R$104:$R$106,T$3) | U48: =COUNTIF('Frameworks'!$R$104:$R$106,U$3) | V48: =COUNTA('Frameworks'!$G$104:$G$106)-SUM(Q48:U48)
C49: Bản nháp - Draft preview | D49: Nội dung bản nháp - Draft content | E49: =F49/G49 | F49: =SUM(H49:L49) | G49: =SUM(H49:M49) | H49: =COUNTIF('Frameworks'!$M$107:$M$111,H$3) | I49: =COUNTIF('Frameworks'!$M$107:$M$111,I$3) | J49: =COUNTIF('Frameworks'!$M$107:$M$111,J$3) | K49: =COUNTIF('Frameworks'!$M$107:$M$111,K$3) | L49: =COUNTIF('Frameworks'!$M$107:$M$111,L$3) | M49: =COUNTA('Frameworks'!$G$107:$G$111)-SUM(H49:L49) | N49: =O49/P49 | O49: =SUM(Q49:U49) | P49: =SUM(Q49:V49) | Q49: =COUNTIF('Frameworks'!$R$107:$R$111,Q$3) | R49: =COUNTIF('Frameworks'!$R$107:$R$111,R$3) | S49: =COUNTIF('Frameworks'!$R$107:$R$111,S$3) | T49: =COUNTIF('Frameworks'!$R$107:$R$111,T$3) | U49: =COUNTIF('Frameworks'!$R$107:$R$111,U$3) | V49: =COUNTA('Frameworks'!$G$107:$G$111)-SUM(Q49:U49)
C50: Bản nháp - Draft preview | D50: Khung bên phải - Aside | E50: =F50/G50 | F50: =SUM(H50:L50) | G50: =SUM(H50:M50) | H50: =COUNTIF('Frameworks'!$M$112:$M$113,H$3) | I50: =COUNTIF('Frameworks'!$M$112:$M$113,I$3) | J50: =COUNTIF('Frameworks'!$M$112:$M$113,J$3) | K50: =COUNTIF('Frameworks'!$M$112:$M$113,K$3) | L50: =COUNTIF('Frameworks'!$M$112:$M$113,L$3) | M50: =COUNTA('Frameworks'!$G$112:$G$113)-SUM(H50:L50) | N50: =O50/P50 | O50: =SUM(Q50:U50) | P50: =SUM(Q50:V50) | Q50: =COUNTIF('Frameworks'!$R$112:$R$113,Q$3) | R50: =COUNTIF('Frameworks'!$R$112:$R$113,R$3) | S50: =COUNTIF('Frameworks'!$R$112:$R$113,S$3) | T50: =COUNTIF('Frameworks'!$R$112:$R$113,T$3) | U50: =COUNTIF('Frameworks'!$R$112:$R$113,U$3) | V50: =COUNTA('Frameworks'!$G$112:$G$113)-SUM(Q50:U50)
C51: Bản nháp - Draft preview | D51: Huỷ bản nháp - Discard draft | E51: =F51/G51 | F51: =SUM(H51:L51) | G51: =SUM(H51:M51) | H51: =COUNTIF('Frameworks'!$M$114:$M$118,H$3) | I51: =COUNTIF('Frameworks'!$M$114:$M$118,I$3) | J51: =COUNTIF('Frameworks'!$M$114:$M$118,J$3) | K51: =COUNTIF('Frameworks'!$M$114:$M$118,K$3) | L51: =COUNTIF('Frameworks'!$M$114:$M$118,L$3) | M51: =COUNTA('Frameworks'!$G$114:$G$118)-SUM(H51:L51) | N51: =O51/P51 | O51: =SUM(Q51:U51) | P51: =SUM(Q51:V51) | Q51: =COUNTIF('Frameworks'!$R$114:$R$118,Q$3) | R51: =COUNTIF('Frameworks'!$R$114:$R$118,R$3) | S51: =COUNTIF('Frameworks'!$R$114:$R$118,S$3) | T51: =COUNTIF('Frameworks'!$R$114:$R$118,T$3) | U51: =COUNTIF('Frameworks'!$R$114:$R$118,U$3) | V51: =COUNTA('Frameworks'!$G$114:$G$118)-SUM(Q51:U51)
C52: Bản nháp - Draft preview | D52: Kích hoạt - Activate framework | E52: =F52/G52 | F52: =SUM(H52:L52) | G52: =SUM(H52:M52) | H52: =COUNTIF('Frameworks'!$M$119:$M$128,H$3) | I52: =COUNTIF('Frameworks'!$M$119:$M$128,I$3) | J52: =COUNTIF('Frameworks'!$M$119:$M$128,J$3) | K52: =COUNTIF('Frameworks'!$M$119:$M$128,K$3) | L52: =COUNTIF('Frameworks'!$M$119:$M$128,L$3) | M52: =COUNTA('Frameworks'!$G$119:$G$128)-SUM(H52:L52) | N52: =O52/P52 | O52: =SUM(Q52:U52) | P52: =SUM(Q52:V52) | Q52: =COUNTIF('Frameworks'!$R$119:$R$128,Q$3) | R52: =COUNTIF('Frameworks'!$R$119:$R$128,R$3) | S52: =COUNTIF('Frameworks'!$R$119:$R$128,S$3) | T52: =COUNTIF('Frameworks'!$R$119:$R$128,T$3) | U52: =COUNTIF('Frameworks'!$R$119:$R$128,U$3) | V52: =COUNTA('Frameworks'!$G$119:$G$128)-SUM(Q52:U52)
C53: Chi tiết framework - Framework detail | D53: Phần đầu - Header | E53: =F53/G53 | F53: =SUM(H53:L53) | G53: =SUM(H53:M53) | H53: =COUNTIF('Frameworks'!$M$129:$M$132,H$3) | I53: =COUNTIF('Frameworks'!$M$129:$M$132,I$3) | J53: =COUNTIF('Frameworks'!$M$129:$M$132,J$3) | K53: =COUNTIF('Frameworks'!$M$129:$M$132,K$3) | L53: =COUNTIF('Frameworks'!$M$129:$M$132,L$3) | M53: =COUNTA('Frameworks'!$G$129:$G$132)-SUM(H53:L53) | N53: =O53/P53 | O53: =SUM(Q53:U53) | P53: =SUM(Q53:V53) | Q53: =COUNTIF('Frameworks'!$R$129:$R$132,Q$3) | R53: =COUNTIF('Frameworks'!$R$129:$R$132,R$3) | S53: =COUNTIF('Frameworks'!$R$129:$R$132,S$3) | T53: =COUNTIF('Frameworks'!$R$129:$R$132,T$3) | U53: =COUNTIF('Frameworks'!$R$129:$R$132,U$3) | V53: =COUNTA('Frameworks'!$G$129:$G$132)-SUM(Q53:U53)
C54: Chi tiết framework - Framework detail | D54: Điều hướng trong màn - Section nav | E54: =F54/G54 | F54: =SUM(H54:L54) | G54: =SUM(H54:M54) | H54: =COUNTIF('Frameworks'!$M$133:$M$134,H$3) | I54: =COUNTIF('Frameworks'!$M$133:$M$134,I$3) | J54: =COUNTIF('Frameworks'!$M$133:$M$134,J$3) | K54: =COUNTIF('Frameworks'!$M$133:$M$134,K$3) | L54: =COUNTIF('Frameworks'!$M$133:$M$134,L$3) | M54: =COUNTA('Frameworks'!$G$133:$G$134)-SUM(H54:L54) | N54: =O54/P54 | O54: =SUM(Q54:U54) | P54: =SUM(Q54:V54) | Q54: =COUNTIF('Frameworks'!$R$133:$R$134,Q$3) | R54: =COUNTIF('Frameworks'!$R$133:$R$134,R$3) | S54: =COUNTIF('Frameworks'!$R$133:$R$134,S$3) | T54: =COUNTIF('Frameworks'!$R$133:$R$134,T$3) | U54: =COUNTIF('Frameworks'!$R$133:$R$134,U$3) | V54: =COUNTA('Frameworks'!$G$133:$G$134)-SUM(Q54:U54)
C55: Chi tiết framework - Framework detail | D55: Tổng quan - Overview | E55: =F55/G55 | F55: =SUM(H55:L55) | G55: =SUM(H55:M55) | H55: =COUNTIF('Frameworks'!$M$135:$M$147,H$3) | I55: =COUNTIF('Frameworks'!$M$135:$M$147,I$3) | J55: =COUNTIF('Frameworks'!$M$135:$M$147,J$3) | K55: =COUNTIF('Frameworks'!$M$135:$M$147,K$3) | L55: =COUNTIF('Frameworks'!$M$135:$M$147,L$3) | M55: =COUNTA('Frameworks'!$G$135:$G$147)-SUM(H55:L55) | N55: =O55/P55 | O55: =SUM(Q55:U55) | P55: =SUM(Q55:V55) | Q55: =COUNTIF('Frameworks'!$R$135:$R$147,Q$3) | R55: =COUNTIF('Frameworks'!$R$135:$R$147,R$3) | S55: =COUNTIF('Frameworks'!$R$135:$R$147,S$3) | T55: =COUNTIF('Frameworks'!$R$135:$R$147,T$3) | U55: =COUNTIF('Frameworks'!$R$135:$R$147,U$3) | V55: =COUNTA('Frameworks'!$G$135:$G$147)-SUM(Q55:U55)
C56: Chi tiết framework - Framework detail | D56: Yêu cầu - Requirements | E56: =F56/G56 | F56: =SUM(H56:L56) | G56: =SUM(H56:M56) | H56: =COUNTIF('Frameworks'!$M$148:$M$164,H$3) | I56: =COUNTIF('Frameworks'!$M$148:$M$164,I$3) | J56: =COUNTIF('Frameworks'!$M$148:$M$164,J$3) | K56: =COUNTIF('Frameworks'!$M$148:$M$164,K$3) | L56: =COUNTIF('Frameworks'!$M$148:$M$164,L$3) | M56: =COUNTA('Frameworks'!$G$148:$G$164)-SUM(H56:L56) | N56: =O56/P56 | O56: =SUM(Q56:U56) | P56: =SUM(Q56:V56) | Q56: =COUNTIF('Frameworks'!$R$148:$R$164,Q$3) | R56: =COUNTIF('Frameworks'!$R$148:$R$164,R$3) | S56: =COUNTIF('Frameworks'!$R$148:$R$164,S$3) | T56: =COUNTIF('Frameworks'!$R$148:$R$164,T$3) | U56: =COUNTIF('Frameworks'!$R$148:$R$164,U$3) | V56: =COUNTA('Frameworks'!$G$148:$G$164)-SUM(Q56:U56)
C57: Phân quyền - Permission | D57: SGS User | E57: =F57/G57 | F57: =SUM(H57:L57) | G57: =SUM(H57:M57) | H57: =COUNTIF('Frameworks'!$M$165:$M$167,H$3) | I57: =COUNTIF('Frameworks'!$M$165:$M$167,I$3) | J57: =COUNTIF('Frameworks'!$M$165:$M$167,J$3) | K57: =COUNTIF('Frameworks'!$M$165:$M$167,K$3) | L57: =COUNTIF('Frameworks'!$M$165:$M$167,L$3) | M57: =COUNTA('Frameworks'!$G$165:$G$167)-SUM(H57:L57) | N57: =O57/P57 | O57: =SUM(Q57:U57) | P57: =SUM(Q57:V57) | Q57: =COUNTIF('Frameworks'!$R$165:$R$167,Q$3) | R57: =COUNTIF('Frameworks'!$R$165:$R$167,R$3) | S57: =COUNTIF('Frameworks'!$R$165:$R$167,S$3) | T57: =COUNTIF('Frameworks'!$R$165:$R$167,T$3) | U57: =COUNTIF('Frameworks'!$R$165:$R$167,U$3) | V57: =COUNTA('Frameworks'!$G$165:$G$167)-SUM(Q57:U57)
C58: Phân quyền - Permission | D58: SGS Consultant | E58: =F58/G58 | F58: =SUM(H58:L58) | G58: =SUM(H58:M58) | H58: =COUNTIF('Frameworks'!$M$168:$M$169,H$3) | I58: =COUNTIF('Frameworks'!$M$168:$M$169,I$3) | J58: =COUNTIF('Frameworks'!$M$168:$M$169,J$3) | K58: =COUNTIF('Frameworks'!$M$168:$M$169,K$3) | L58: =COUNTIF('Frameworks'!$M$168:$M$169,L$3) | M58: =COUNTA('Frameworks'!$G$168:$G$169)-SUM(H58:L58) | N58: =O58/P58 | O58: =SUM(Q58:U58) | P58: =SUM(Q58:V58) | Q58: =COUNTIF('Frameworks'!$R$168:$R$169,Q$3) | R58: =COUNTIF('Frameworks'!$R$168:$R$169,R$3) | S58: =COUNTIF('Frameworks'!$R$168:$R$169,S$3) | T58: =COUNTIF('Frameworks'!$R$168:$R$169,T$3) | U58: =COUNTIF('Frameworks'!$R$168:$R$169,U$3) | V58: =COUNTA('Frameworks'!$G$168:$G$169)-SUM(Q58:U58)
C59: Phân quyền - Permission | D59: SGS Auditor/Certification | E59: =F59/G59 | F59: =SUM(H59:L59) | G59: =SUM(H59:M59) | H59: =COUNTIF('Frameworks'!$M$170:$M$171,H$3) | I59: =COUNTIF('Frameworks'!$M$170:$M$171,I$3) | J59: =COUNTIF('Frameworks'!$M$170:$M$171,J$3) | K59: =COUNTIF('Frameworks'!$M$170:$M$171,K$3) | L59: =COUNTIF('Frameworks'!$M$170:$M$171,L$3) | M59: =COUNTA('Frameworks'!$G$170:$G$171)-SUM(H59:L59) | N59: =O59/P59 | O59: =SUM(Q59:U59) | P59: =SUM(Q59:V59) | Q59: =COUNTIF('Frameworks'!$R$170:$R$171,Q$3) | R59: =COUNTIF('Frameworks'!$R$170:$R$171,R$3) | S59: =COUNTIF('Frameworks'!$R$170:$R$171,S$3) | T59: =COUNTIF('Frameworks'!$R$170:$R$171,T$3) | U59: =COUNTIF('Frameworks'!$R$170:$R$171,U$3) | V59: =COUNTA('Frameworks'!$G$170:$G$171)-SUM(Q59:U59)
C60: Phân quyền - Permission | D60: Vai trò khách hàng - Customer roles | E60: =F60/G60 | F60: =SUM(H60:L60) | G60: =SUM(H60:M60) | H60: =COUNTIF('Frameworks'!$M$172:$M$175,H$3) | I60: =COUNTIF('Frameworks'!$M$172:$M$175,I$3) | J60: =COUNTIF('Frameworks'!$M$172:$M$175,J$3) | K60: =COUNTIF('Frameworks'!$M$172:$M$175,K$3) | L60: =COUNTIF('Frameworks'!$M$172:$M$175,L$3) | M60: =COUNTA('Frameworks'!$G$172:$G$175)-SUM(H60:L60) | N60: =O60/P60 | O60: =SUM(Q60:U60) | P60: =SUM(Q60:V60) | Q60: =COUNTIF('Frameworks'!$R$172:$R$175,Q$3) | R60: =COUNTIF('Frameworks'!$R$172:$R$175,R$3) | S60: =COUNTIF('Frameworks'!$R$172:$R$175,S$3) | T60: =COUNTIF('Frameworks'!$R$172:$R$175,T$3) | U60: =COUNTIF('Frameworks'!$R$172:$R$175,U$3) | V60: =COUNTA('Frameworks'!$G$172:$G$175)-SUM(Q60:U60)
C61: Bảo mật - Security | D61: Dữ liệu tải lên - Uploaded data | E61: =F61/G61 | F61: =SUM(H61:L61) | G61: =SUM(H61:M61) | H61: =COUNTIF('Frameworks'!$M$176:$M$177,H$3) | I61: =COUNTIF('Frameworks'!$M$176:$M$177,I$3) | J61: =COUNTIF('Frameworks'!$M$176:$M$177,J$3) | K61: =COUNTIF('Frameworks'!$M$176:$M$177,K$3) | L61: =COUNTIF('Frameworks'!$M$176:$M$177,L$3) | M61: =COUNTA('Frameworks'!$G$176:$G$177)-SUM(H61:L61) | N61: =O61/P61 | O61: =SUM(Q61:U61) | P61: =SUM(Q61:V61) | Q61: =COUNTIF('Frameworks'!$R$176:$R$177,Q$3) | R61: =COUNTIF('Frameworks'!$R$176:$R$177,R$3) | S61: =COUNTIF('Frameworks'!$R$176:$R$177,S$3) | T61: =COUNTIF('Frameworks'!$R$176:$R$177,T$3) | U61: =COUNTIF('Frameworks'!$R$176:$R$177,U$3) | V61: =COUNTA('Frameworks'!$G$176:$G$177)-SUM(Q61:U61)
C62: Bảo mật - Security | D62: Ghi vết - Audit log | E62: =F62/G62 | F62: =SUM(H62:L62) | G62: =SUM(H62:M62) | H62: =COUNTIF('Frameworks'!$M$178:$M$178,H$3) | I62: =COUNTIF('Frameworks'!$M$178:$M$178,I$3) | J62: =COUNTIF('Frameworks'!$M$178:$M$178,J$3) | K62: =COUNTIF('Frameworks'!$M$178:$M$178,K$3) | L62: =COUNTIF('Frameworks'!$M$178:$M$178,L$3) | M62: =COUNTA('Frameworks'!$G$178:$G$178)-SUM(H62:L62) | N62: =O62/P62 | O62: =SUM(Q62:U62) | P62: =SUM(Q62:V62) | Q62: =COUNTIF('Frameworks'!$R$178:$R$178,Q$3) | R62: =COUNTIF('Frameworks'!$R$178:$R$178,R$3) | S62: =COUNTIF('Frameworks'!$R$178:$R$178,S$3) | T62: =COUNTIF('Frameworks'!$R$178:$R$178,T$3) | U62: =COUNTIF('Frameworks'!$R$178:$R$178,U$3) | V62: =COUNTA('Frameworks'!$G$178:$G$178)-SUM(Q62:U62)
C63: Total | E63: =F63/G63 | F63: =SUM(H63:L63) | G63: =SUM(H63:M63) | H63: =SUM(H40:H62) | I63: =SUM(I40:I62) | J63: =SUM(J40:J62) | K63: =SUM(K40:K62) | L63: =SUM(L40:L62) | M63: =SUM(M40:M62) | N63: =O63/P63 | O63: =SUM(Q63:U63) | P63: =SUM(Q63:V63) | Q63: =SUM(Q40:Q62) | R63: =SUM(R40:R62) | S63: =SUM(S40:S62) | T63: =SUM(T40:T62) | U63: =SUM(U40:U62) | V63: =SUM(V40:V62)
B64: Assisted workspace | C64: Điều hướng - Redirect | D64: Vào chi tiết - Workspace detail | E64: =F64/G64 | F64: =SUM(H64:L64) | G64: =SUM(H64:M64) | H64: =COUNTIF('Assisted workspace'!$M$13:$M$13,H$3) | I64: =COUNTIF('Assisted workspace'!$M$13:$M$13,I$3) | J64: =COUNTIF('Assisted workspace'!$M$13:$M$13,J$3) | K64: =COUNTIF('Assisted workspace'!$M$13:$M$13,K$3) | L64: =COUNTIF('Assisted workspace'!$M$13:$M$13,L$3) | M64: =COUNTA('Assisted workspace'!$G$13:$G$13)-SUM(H64:L64) | N64: =O64/P64 | O64: =SUM(Q64:U64) | P64: =SUM(Q64:V64) | Q64: =COUNTIF('Assisted workspace'!$R$13:$R$13,Q$3) | R64: =COUNTIF('Assisted workspace'!$R$13:$R$13,R$3) | S64: =COUNTIF('Assisted workspace'!$R$13:$R$13,S$3) | T64: =COUNTIF('Assisted workspace'!$R$13:$R$13,T$3) | U64: =COUNTIF('Assisted workspace'!$R$13:$R$13,U$3) | V64: =COUNTA('Assisted workspace'!$G$13:$G$13)-SUM(Q64:U64)
C65: Điều hướng - Redirect | D65: Sang Evidence library | E65: =F65/G65 | F65: =SUM(H65:L65) | G65: =SUM(H65:M65) | H65: =COUNTIF('Assisted workspace'!$M$14:$M$15,H$3) | I65: =COUNTIF('Assisted workspace'!$M$14:$M$15,I$3) | J65: =COUNTIF('Assisted workspace'!$M$14:$M$15,J$3) | K65: =COUNTIF('Assisted workspace'!$M$14:$M$15,K$3) | L65: =COUNTIF('Assisted workspace'!$M$14:$M$15,L$3) | M65: =COUNTA('Assisted workspace'!$G$14:$G$15)-SUM(H65:L65) | N65: =O65/P65 | O65: =SUM(Q65:U65) | P65: =SUM(Q65:V65) | Q65: =COUNTIF('Assisted workspace'!$R$14:$R$15,Q$3) | R65: =COUNTIF('Assisted workspace'!$R$14:$R$15,R$3) | S65: =COUNTIF('Assisted workspace'!$R$14:$R$15,S$3) | T65: =COUNTIF('Assisted workspace'!$R$14:$R$15,T$3) | U65: =COUNTIF('Assisted workspace'!$R$14:$R$15,U$3) | V65: =COUNTA('Assisted workspace'!$G$14:$G$15)-SUM(Q65:U65)
C66: Phần đầu màn - Header | D66: Tiêu đề | E66: =F66/G66 | F66: =SUM(H66:L66) | G66: =SUM(H66:M66) | H66: =COUNTIF('Assisted workspace'!$M$16:$M$17,H$3) | I66: =COUNTIF('Assisted workspace'!$M$16:$M$17,I$3) | J66: =COUNTIF('Assisted workspace'!$M$16:$M$17,J$3) | K66: =COUNTIF('Assisted workspace'!$M$16:$M$17,K$3) | L66: =COUNTIF('Assisted workspace'!$M$16:$M$17,L$3) | M66: =COUNTA('Assisted workspace'!$G$16:$G$17)-SUM(H66:L66) | N66: =O66/P66 | O66: =SUM(Q66:U66) | P66: =SUM(Q66:V66) | Q66: =COUNTIF('Assisted workspace'!$R$16:$R$17,Q$3) | R66: =COUNTIF('Assisted workspace'!$R$16:$R$17,R$3) | S66: =COUNTIF('Assisted workspace'!$R$16:$R$17,S$3) | T66: =COUNTIF('Assisted workspace'!$R$16:$R$17,T$3) | U66: =COUNTIF('Assisted workspace'!$R$16:$R$17,U$3) | V66: =COUNTA('Assisted workspace'!$G$16:$G$17)-SUM(Q66:U66)
C67: Phần đầu màn - Header | D67: Tóm tắt coverage | E67: =F67/G67 | F67: =SUM(H67:L67) | G67: =SUM(H67:M67) | H67: =COUNTIF('Assisted workspace'!$M$18:$M$19,H$3) | I67: =COUNTIF('Assisted workspace'!$M$18:$M$19,I$3) | J67: =COUNTIF('Assisted workspace'!$M$18:$M$19,J$3) | K67: =COUNTIF('Assisted workspace'!$M$18:$M$19,K$3) | L67: =COUNTIF('Assisted workspace'!$M$18:$M$19,L$3) | M67: =COUNTA('Assisted workspace'!$G$18:$G$19)-SUM(H67:L67) | N67: =O67/P67 | O67: =SUM(Q67:U67) | P67: =SUM(Q67:V67) | Q67: =COUNTIF('Assisted workspace'!$R$18:$R$19,Q$3) | R67: =COUNTIF('Assisted workspace'!$R$18:$R$19,R$3) | S67: =COUNTIF('Assisted workspace'!$R$18:$R$19,S$3) | T67: =COUNTIF('Assisted workspace'!$R$18:$R$19,T$3) | U67: =COUNTIF('Assisted workspace'!$R$18:$R$19,U$3) | V67: =COUNTA('Assisted workspace'!$G$18:$G$19)-SUM(Q67:U67)
C68: Cây requirement - Requirement tree | D68: Nhóm requirement | E68: =F68/G68 | F68: =SUM(H68:L68) | G68: =SUM(H68:M68) | H68: =COUNTIF('Assisted workspace'!$M$20:$M$25,H$3) | I68: =COUNTIF('Assisted workspace'!$M$20:$M$25,I$3) | J68: =COUNTIF('Assisted workspace'!$M$20:$M$25,J$3) | K68: =COUNTIF('Assisted workspace'!$M$20:$M$25,K$3) | L68: =COUNTIF('Assisted workspace'!$M$20:$M$25,L$3) | M68: =COUNTA('Assisted workspace'!$G$20:$G$25)-SUM(H68:L68) | N68: =O68/P68 | O68: =SUM(Q68:U68) | P68: =SUM(Q68:V68) | Q68: =COUNTIF('Assisted workspace'!$R$20:$R$25,Q$3) | R68: =COUNTIF('Assisted workspace'!$R$20:$R$25,R$3) | S68: =COUNTIF('Assisted workspace'!$R$20:$R$25,S$3) | T68: =COUNTIF('Assisted workspace'!$R$20:$R$25,T$3) | U68: =COUNTIF('Assisted workspace'!$R$20:$R$25,U$3) | V68: =COUNTA('Assisted workspace'!$G$20:$G$25)-SUM(Q68:U68)
C69: Cây requirement - Requirement tree | D69: Trạng thái requirement | E69: =F69/G69 | F69: =SUM(H69:L69) | G69: =SUM(H69:M69) | H69: =COUNTIF('Assisted workspace'!$M$26:$M$30,H$3) | I69: =COUNTIF('Assisted workspace'!$M$26:$M$30,I$3) | J69: =COUNTIF('Assisted workspace'!$M$26:$M$30,J$3) | K69: =COUNTIF('Assisted workspace'!$M$26:$M$30,K$3) | L69: =COUNTIF('Assisted workspace'!$M$26:$M$30,L$3) | M69: =COUNTA('Assisted workspace'!$G$26:$G$30)-SUM(H69:L69) | N69: =O69/P69 | O69: =SUM(Q69:U69) | P69: =SUM(Q69:V69) | Q69: =COUNTIF('Assisted workspace'!$R$26:$R$30,Q$3) | R69: =COUNTIF('Assisted workspace'!$R$26:$R$30,R$3) | S69: =COUNTIF('Assisted workspace'!$R$26:$R$30,S$3) | T69: =COUNTIF('Assisted workspace'!$R$26:$R$30,T$3) | U69: =COUNTIF('Assisted workspace'!$R$26:$R$30,U$3) | V69: =COUNTA('Assisted workspace'!$G$26:$G$30)-SUM(Q69:U69)
C70: Cây requirement - Requirement tree | D70: Tìm kiếm - Search | E70: =F70/G70 | F70: =SUM(H70:L70) | G70: =SUM(H70:M70) | H70: =COUNTIF('Assisted workspace'!$M$31:$M$37,H$3) | I70: =COUNTIF('Assisted workspace'!$M$31:$M$37,I$3) | J70: =COUNTIF('Assisted workspace'!$M$31:$M$37,J$3) | K70: =COUNTIF('Assisted workspace'!$M$31:$M$37,K$3) | L70: =COUNTIF('Assisted workspace'!$M$31:$M$37,L$3) | M70: =COUNTA('Assisted workspace'!$G$31:$G$37)-SUM(H70:L70) | N70: =O70/P70 | O70: =SUM(Q70:U70) | P70: =SUM(Q70:V70) | Q70: =COUNTIF('Assisted workspace'!$R$31:$R$37,Q$3) | R70: =COUNTIF('Assisted workspace'!$R$31:$R$37,R$3) | S70: =COUNTIF('Assisted workspace'!$R$31:$R$37,S$3) | T70: =COUNTIF('Assisted workspace'!$R$31:$R$37,T$3) | U70: =COUNTIF('Assisted workspace'!$R$31:$R$37,U$3) | V70: =COUNTA('Assisted workspace'!$G$31:$G$37)-SUM(Q70:U70)
C71: Cây requirement - Requirement tree | D71: Bộ lọc - Filter | E71: =F71/G71 | F71: =SUM(H71:L71) | G71: =SUM(H71:M71) | H71: =COUNTIF('Assisted workspace'!$M$38:$M$43,H$3) | I71: =COUNTIF('Assisted workspace'!$M$38:$M$43,I$3) | J71: =COUNTIF('Assisted workspace'!$M$38:$M$43,J$3) | K71: =COUNTIF('Assisted workspace'!$M$38:$M$43,K$3) | L71: =COUNTIF('Assisted workspace'!$M$38:$M$43,L$3) | M71: =COUNTA('Assisted workspace'!$G$38:$G$43)-SUM(H71:L71) | N71: =O71/P71 | O71: =SUM(Q71:U71) | P71: =SUM(Q71:V71) | Q71: =COUNTIF('Assisted workspace'!$R$38:$R$43,Q$3) | R71: =COUNTIF('Assisted workspace'!$R$38:$R$43,R$3) | S71: =COUNTIF('Assisted workspace'!$R$38:$R$43,S$3) | T71: =COUNTIF('Assisted workspace'!$R$38:$R$43,T$3) | U71: =COUNTIF('Assisted workspace'!$R$38:$R$43,U$3) | V71: =COUNTA('Assisted workspace'!$G$38:$G$43)-SUM(Q71:U71)
C72: Chi tiết requirement - Requirement detail | D72: Phần đầu requirement | E72: =F72/G72 | F72: =SUM(H72:L72) | G72: =SUM(H72:M72) | H72: =COUNTIF('Assisted workspace'!$M$44:$M$50,H$3) | I72: =COUNTIF('Assisted workspace'!$M$44:$M$50,I$3) | J72: =COUNTIF('Assisted workspace'!$M$44:$M$50,J$3) | K72: =COUNTIF('Assisted workspace'!$M$44:$M$50,K$3) | L72: =COUNTIF('Assisted workspace'!$M$44:$M$50,L$3) | M72: =COUNTA('Assisted workspace'!$G$44:$G$50)-SUM(H72:L72) | N72: =O72/P72 | O72: =SUM(Q72:U72) | P72: =SUM(Q72:V72) | Q72: =COUNTIF('Assisted workspace'!$R$44:$R$50,Q$3) | R72: =COUNTIF('Assisted workspace'!$R$44:$R$50,R$3) | S72: =COUNTIF('Assisted workspace'!$R$44:$R$50,S$3) | T72: =COUNTIF('Assisted workspace'!$R$44:$R$50,T$3) | U72: =COUNTIF('Assisted workspace'!$R$44:$R$50,U$3) | V72: =COUNTA('Assisted workspace'!$G$44:$G$50)-SUM(Q72:U72)
C73: Chi tiết requirement - Requirement detail | D73: Expected evidence | E73: =F73/G73 | F73: =SUM(H73:L73) | G73: =SUM(H73:M73) | H73: =COUNTIF('Assisted workspace'!$M$51:$M$55,H$3) | I73: =COUNTIF('Assisted workspace'!$M$51:$M$55,I$3) | J73: =COUNTIF('Assisted workspace'!$M$51:$M$55,J$3) | K73: =COUNTIF('Assisted workspace'!$M$51:$M$55,K$3) | L73: =COUNTIF('Assisted workspace'!$M$51:$M$55,L$3) | M73: =COUNTA('Assisted workspace'!$G$51:$G$55)-SUM(H73:L73) | N73: =O73/P73 | O73: =SUM(Q73:U73) | P73: =SUM(Q73:V73) | Q73: =COUNTIF('Assisted workspace'!$R$51:$R$55,Q$3) | R73: =COUNTIF('Assisted workspace'!$R$51:$R$55,R$3) | S73: =COUNTIF('Assisted workspace'!$R$51:$R$55,S$3) | T73: =COUNTIF('Assisted workspace'!$R$51:$R$55,T$3) | U73: =COUNTIF('Assisted workspace'!$R$51:$R$55,U$3) | V73: =COUNTA('Assisted workspace'!$G$51:$G$55)-SUM(Q73:U73)
C74: Chi tiết requirement - Requirement detail | D74: Dòng evidence - Evidence row | E74: =F74/G74 | F74: =SUM(H74:L74) | G74: =SUM(H74:M74) | H74: =COUNTIF('Assisted workspace'!$M$56:$M$61,H$3) | I74: =COUNTIF('Assisted workspace'!$M$56:$M$61,I$3) | J74: =COUNTIF('Assisted workspace'!$M$56:$M$61,J$3) | K74: =COUNTIF('Assisted workspace'!$M$56:$M$61,K$3) | L74: =COUNTIF('Assisted workspace'!$M$56:$M$61,L$3) | M74: =COUNTA('Assisted workspace'!$G$56:$G$61)-SUM(H74:L74) | N74: =O74/P74 | O74: =SUM(Q74:U74) | P74: =SUM(Q74:V74) | Q74: =COUNTIF('Assisted workspace'!$R$56:$R$61,Q$3) | R74: =COUNTIF('Assisted workspace'!$R$56:$R$61,R$3) | S74: =COUNTIF('Assisted workspace'!$R$56:$R$61,S$3) | T74: =COUNTIF('Assisted workspace'!$R$56:$R$61,T$3) | U74: =COUNTIF('Assisted workspace'!$R$56:$R$61,U$3) | V74: =COUNTA('Assisted workspace'!$G$56:$G$61)-SUM(Q74:U74)
C75: Chi tiết requirement - Requirement detail | D75: Chi tiết evidence | E75: =F75/G75 | F75: =SUM(H75:L75) | G75: =SUM(H75:M75) | H75: =COUNTIF('Assisted workspace'!$M$62:$M$62,H$3) | I75: =COUNTIF('Assisted workspace'!$M$62:$M$62,I$3) | J75: =COUNTIF('Assisted workspace'!$M$62:$M$62,J$3) | K75: =COUNTIF('Assisted workspace'!$M$62:$M$62,K$3) | L75: =COUNTIF('Assisted workspace'!$M$62:$M$62,L$3) | M75: =COUNTA('Assisted workspace'!$G$62:$G$62)-SUM(H75:L75) | N75: =O75/P75 | O75: =SUM(Q75:U75) | P75: =SUM(Q75:V75) | Q75: =COUNTIF('Assisted workspace'!$R$62:$R$62,Q$3) | R75: =COUNTIF('Assisted workspace'!$R$62:$R$62,R$3) | S75: =COUNTIF('Assisted workspace'!$R$62:$R$62,S$3) | T75: =COUNTIF('Assisted workspace'!$R$62:$R$62,T$3) | U75: =COUNTIF('Assisted workspace'!$R$62:$R$62,U$3) | V75: =COUNTA('Assisted workspace'!$G$62:$G$62)-SUM(Q75:U75)
C76: Upload evidence | D76: Hộp thoại | E76: =F76/G76 | F76: =SUM(H76:L76) | G76: =SUM(H76:M76) | H76: =COUNTIF('Assisted workspace'!$M$63:$M$64,H$3) | I76: =COUNTIF('Assisted workspace'!$M$63:$M$64,I$3) | J76: =COUNTIF('Assisted workspace'!$M$63:$M$64,J$3) | K76: =COUNTIF('Assisted workspace'!$M$63:$M$64,K$3) | L76: =COUNTIF('Assisted workspace'!$M$63:$M$64,L$3) | M76: =COUNTA('Assisted workspace'!$G$63:$G$64)-SUM(H76:L76) | N76: =O76/P76 | O76: =SUM(Q76:U76) | P76: =SUM(Q76:V76) | Q76: =COUNTIF('Assisted workspace'!$R$63:$R$64,Q$3) | R76: =COUNTIF('Assisted workspace'!$R$63:$R$64,R$3) | S76: =COUNTIF('Assisted workspace'!$R$63:$R$64,S$3) | T76: =COUNTIF('Assisted workspace'!$R$63:$R$64,T$3) | U76: =COUNTIF('Assisted workspace'!$R$63:$R$64,U$3) | V76: =COUNTA('Assisted workspace'!$G$63:$G$64)-SUM(Q76:U76)
C77: Upload evidence | D77: Chọn file | E77: =F77/G77 | F77: =SUM(H77:L77) | G77: =SUM(H77:M77) | H77: =COUNTIF('Assisted workspace'!$M$65:$M$66,H$3) | I77: =COUNTIF('Assisted workspace'!$M$65:$M$66,I$3) | J77: =COUNTIF('Assisted workspace'!$M$65:$M$66,J$3) | K77: =COUNTIF('Assisted workspace'!$M$65:$M$66,K$3) | L77: =COUNTIF('Assisted workspace'!$M$65:$M$66,L$3) | M77: =COUNTA('Assisted workspace'!$G$65:$G$66)-SUM(H77:L77) | N77: =O77/P77 | O77: =SUM(Q77:U77) | P77: =SUM(Q77:V77) | Q77: =COUNTIF('Assisted workspace'!$R$65:$R$66,Q$3) | R77: =COUNTIF('Assisted workspace'!$R$65:$R$66,R$3) | S77: =COUNTIF('Assisted workspace'!$R$65:$R$66,S$3) | T77: =COUNTIF('Assisted workspace'!$R$65:$R$66,T$3) | U77: =COUNTIF('Assisted workspace'!$R$65:$R$66,U$3) | V77: =COUNTA('Assisted workspace'!$G$65:$G$66)-SUM(Q77:U77)
C78: Upload evidence | D78: Kiểm tra bắt buộc | E78: =F78/G78 | F78: =SUM(H78:L78) | G78: =SUM(H78:M78) | H78: =COUNTIF('Assisted workspace'!$M$67:$M$71,H$3) | I78: =COUNTIF('Assisted workspace'!$M$67:$M$71,I$3) | J78: =COUNTIF('Assisted workspace'!$M$67:$M$71,J$3) | K78: =COUNTIF('Assisted workspace'!$M$67:$M$71,K$3) | L78: =COUNTIF('Assisted workspace'!$M$67:$M$71,L$3) | M78: =COUNTA('Assisted workspace'!$G$67:$G$71)-SUM(H78:L78) | N78: =O78/P78 | O78: =SUM(Q78:U78) | P78: =SUM(Q78:V78) | Q78: =COUNTIF('Assisted workspace'!$R$67:$R$71,Q$3) | R78: =COUNTIF('Assisted workspace'!$R$67:$R$71,R$3) | S78: =COUNTIF('Assisted workspace'!$R$67:$R$71,S$3) | T78: =COUNTIF('Assisted workspace'!$R$67:$R$71,T$3) | U78: =COUNTIF('Assisted workspace'!$R$67:$R$71,U$3) | V78: =COUNTA('Assisted workspace'!$G$67:$G$71)-SUM(Q78:U78)
C79: Upload evidence | D79: Kích thước file | E79: =F79/G79 | F79: =SUM(H79:L79) | G79: =SUM(H79:M79) | H79: =COUNTIF('Assisted workspace'!$M$72:$M$75,H$3) | I79: =COUNTIF('Assisted workspace'!$M$72:$M$75,I$3) | J79: =COUNTIF('Assisted workspace'!$M$72:$M$75,J$3) | K79: =COUNTIF('Assisted workspace'!$M$72:$M$75,K$3) | L79: =COUNTIF('Assisted workspace'!$M$72:$M$75,L$3) | M79: =COUNTA('Assisted workspace'!$G$72:$G$75)-SUM(H79:L79) | N79: =O79/P79 | O79: =SUM(Q79:U79) | P79: =SUM(Q79:V79) | Q79: =COUNTIF('Assisted workspace'!$R$72:$R$75,Q$3) | R79: =COUNTIF('Assisted workspace'!$R$72:$R$75,R$3) | S79: =COUNTIF('Assisted workspace'!$R$72:$R$75,S$3) | T79: =COUNTIF('Assisted workspace'!$R$72:$R$75,T$3) | U79: =COUNTIF('Assisted workspace'!$R$72:$R$75,U$3) | V79: =COUNTA('Assisted workspace'!$G$72:$G$75)-SUM(Q79:U79)
C80: Upload evidence | D80: Ngày hiệu lực | E80: =F80/G80 | F80: =SUM(H80:L80) | G80: =SUM(H80:M80) | H80: =COUNTIF('Assisted workspace'!$M$76:$M$77,H$3) | I80: =COUNTIF('Assisted workspace'!$M$76:$M$77,I$3) | J80: =COUNTIF('Assisted workspace'!$M$76:$M$77,J$3) | K80: =COUNTIF('Assisted workspace'!$M$76:$M$77,K$3) | L80: =COUNTIF('Assisted workspace'!$M$76:$M$77,L$3) | M80: =COUNTA('Assisted workspace'!$G$76:$G$77)-SUM(H80:L80) | N80: =O80/P80 | O80: =SUM(Q80:U80) | P80: =SUM(Q80:V80) | Q80: =COUNTIF('Assisted workspace'!$R$76:$R$77,Q$3) | R80: =COUNTIF('Assisted workspace'!$R$76:$R$77,R$3) | S80: =COUNTIF('Assisted workspace'!$R$76:$R$77,S$3) | T80: =COUNTIF('Assisted workspace'!$R$76:$R$77,T$3) | U80: =COUNTIF('Assisted workspace'!$R$76:$R$77,U$3) | V80: =COUNTA('Assisted workspace'!$G$76:$G$77)-SUM(Q80:U80)
C81: Upload evidence | D81: Also use for | E81: =F81/G81 | F81: =SUM(H81:L81) | G81: =SUM(H81:M81) | H81: =COUNTIF('Assisted workspace'!$M$78:$M$78,H$3) | I81: =COUNTIF('Assisted workspace'!$M$78:$M$78,I$3) | J81: =COUNTIF('Assisted workspace'!$M$78:$M$78,J$3) | K81: =COUNTIF('Assisted workspace'!$M$78:$M$78,K$3) | L81: =COUNTIF('Assisted workspace'!$M$78:$M$78,L$3) | M81: =COUNTA('Assisted workspace'!$G$78:$G$78)-SUM(H81:L81) | N81: =O81/P81 | O81: =SUM(Q81:U81) | P81: =SUM(Q81:V81) | Q81: =COUNTIF('Assisted workspace'!$R$78:$R$78,Q$3) | R81: =COUNTIF('Assisted workspace'!$R$78:$R$78,R$3) | S81: =COUNTIF('Assisted workspace'!$R$78:$R$78,S$3) | T81: =COUNTIF('Assisted workspace'!$R$78:$R$78,T$3) | U81: =COUNTIF('Assisted workspace'!$R$78:$R$78,U$3) | V81: =COUNTA('Assisted workspace'!$G$78:$G$78)-SUM(Q81:U81)
C82: Upload evidence | D82: Hủy | E82: =F82/G82 | F82: =SUM(H82:L82) | G82: =SUM(H82:M82) | H82: =COUNTIF('Assisted workspace'!$M$79:$M$80,H$3) | I82: =COUNTIF('Assisted workspace'!$M$79:$M$80,I$3) | J82: =COUNTIF('Assisted workspace'!$M$79:$M$80,J$3) | K82: =COUNTIF('Assisted workspace'!$M$79:$M$80,K$3) | L82: =COUNTIF('Assisted workspace'!$M$79:$M$80,L$3) | M82: =COUNTA('Assisted workspace'!$G$79:$G$80)-SUM(H82:L82) | N82: =O82/P82 | O82: =SUM(Q82:U82) | P82: =SUM(Q82:V82) | Q82: =COUNTIF('Assisted workspace'!$R$79:$R$80,Q$3) | R82: =COUNTIF('Assisted workspace'!$R$79:$R$80,R$3) | S82: =COUNTIF('Assisted workspace'!$R$79:$R$80,S$3) | T82: =COUNTIF('Assisted workspace'!$R$79:$R$80,T$3) | U82: =COUNTIF('Assisted workspace'!$R$79:$R$80,U$3) | V82: =COUNTA('Assisted workspace'!$G$79:$G$80)-SUM(Q82:U82)
C83: Upload evidence | D83: Upload thành công | E83: =F83/G83 | F83: =SUM(H83:L83) | G83: =SUM(H83:M83) | H83: =COUNTIF('Assisted workspace'!$M$81:$M$85,H$3) | I83: =COUNTIF('Assisted workspace'!$M$81:$M$85,I$3) | J83: =COUNTIF('Assisted workspace'!$M$81:$M$85,J$3) | K83: =COUNTIF('Assisted workspace'!$M$81:$M$85,K$3) | L83: =COUNTIF('Assisted workspace'!$M$81:$M$85,L$3) | M83: =COUNTA('Assisted workspace'!$G$81:$G$85)-SUM(H83:L83) | N83: =O83/P83 | O83: =SUM(Q83:U83) | P83: =SUM(Q83:V83) | Q83: =COUNTIF('Assisted workspace'!$R$81:$R$85,Q$3) | R83: =COUNTIF('Assisted workspace'!$R$81:$R$85,R$3) | S83: =COUNTIF('Assisted workspace'!$R$81:$R$85,S$3) | T83: =COUNTIF('Assisted workspace'!$R$81:$R$85,T$3) | U83: =COUNTIF('Assisted workspace'!$R$81:$R$85,U$3) | V83: =COUNTA('Assisted workspace'!$G$81:$G$85)-SUM(Q83:U83)
C84: Upload evidence | D84: Trạng thái quét | E84: =F84/G84 | F84: =SUM(H84:L84) | G84: =SUM(H84:M84) | H84: =COUNTIF('Assisted workspace'!$M$86:$M$89,H$3) | I84: =COUNTIF('Assisted workspace'!$M$86:$M$89,I$3) | J84: =COUNTIF('Assisted workspace'!$M$86:$M$89,J$3) | K84: =COUNTIF('Assisted workspace'!$M$86:$M$89,K$3) | L84: =COUNTIF('Assisted workspace'!$M$86:$M$89,L$3) | M84: =COUNTA('Assisted workspace'!$G$86:$G$89)-SUM(H84:L84) | N84: =O84/P84 | O84: =SUM(Q84:U84) | P84: =SUM(Q84:V84) | Q84: =COUNTIF('Assisted workspace'!$R$86:$R$89,Q$3) | R84: =COUNTIF('Assisted workspace'!$R$86:$R$89,R$3) | S84: =COUNTIF('Assisted workspace'!$R$86:$R$89,S$3) | T84: =COUNTIF('Assisted workspace'!$R$86:$R$89,T$3) | U84: =COUNTIF('Assisted workspace'!$R$86:$R$89,U$3) | V84: =COUNTA('Assisted workspace'!$G$86:$G$89)-SUM(Q84:U84)
C85: Link existing evidence | D85: Hộp thoại | E85: =F85/G85 | F85: =SUM(H85:L85) | G85: =SUM(H85:M85) | H85: =COUNTIF('Assisted workspace'!$M$90:$M$93,H$3) | I85: =COUNTIF('Assisted workspace'!$M$90:$M$93,I$3) | J85: =COUNTIF('Assisted workspace'!$M$90:$M$93,J$3) | K85: =COUNTIF('Assisted workspace'!$M$90:$M$93,K$3) | L85: =COUNTIF('Assisted workspace'!$M$90:$M$93,L$3) | M85: =COUNTA('Assisted workspace'!$G$90:$G$93)-SUM(H85:L85) | N85: =O85/P85 | O85: =SUM(Q85:U85) | P85: =SUM(Q85:V85) | Q85: =COUNTIF('Assisted workspace'!$R$90:$R$93,Q$3) | R85: =COUNTIF('Assisted workspace'!$R$90:$R$93,R$3) | S85: =COUNTIF('Assisted workspace'!$R$90:$R$93,S$3) | T85: =COUNTIF('Assisted workspace'!$R$90:$R$93,T$3) | U85: =COUNTIF('Assisted workspace'!$R$90:$R$93,U$3) | V85: =COUNTA('Assisted workspace'!$G$90:$G$93)-SUM(Q85:U85)
C86: Link existing evidence | D86: Tìm trong hộp thoại | E86: =F86/G86 | F86: =SUM(H86:L86) | G86: =SUM(H86:M86) | H86: =COUNTIF('Assisted workspace'!$M$94:$M$94,H$3) | I86: =COUNTIF('Assisted workspace'!$M$94:$M$94,I$3) | J86: =COUNTIF('Assisted workspace'!$M$94:$M$94,J$3) | K86: =COUNTIF('Assisted workspace'!$M$94:$M$94,K$3) | L86: =COUNTIF('Assisted workspace'!$M$94:$M$94,L$3) | M86: =COUNTA('Assisted workspace'!$G$94:$G$94)-SUM(H86:L86) | N86: =O86/P86 | O86: =SUM(Q86:U86) | P86: =SUM(Q86:V86) | Q86: =COUNTIF('Assisted workspace'!$R$94:$R$94,Q$3) | R86: =COUNTIF('Assisted workspace'!$R$94:$R$94,R$3) | S86: =COUNTIF('Assisted workspace'!$R$94:$R$94,S$3) | T86: =COUNTIF('Assisted workspace'!$R$94:$R$94,T$3) | U86: =COUNTIF('Assisted workspace'!$R$94:$R$94,U$3) | V86: =COUNTA('Assisted workspace'!$G$94:$G$94)-SUM(Q86:U86)
C87: Link existing evidence | D87: Danh sách evidence | E87: =F87/G87 | F87: =SUM(H87:L87) | G87: =SUM(H87:M87) | H87: =COUNTIF('Assisted workspace'!$M$95:$M$98,H$3) | I87: =COUNTIF('Assisted workspace'!$M$95:$M$98,I$3) | J87: =COUNTIF('Assisted workspace'!$M$95:$M$98,J$3) | K87: =COUNTIF('Assisted workspace'!$M$95:$M$98,K$3) | L87: =COUNTIF('Assisted workspace'!$M$95:$M$98,L$3) | M87: =COUNTA('Assisted workspace'!$G$95:$G$98)-SUM(H87:L87) | N87: =O87/P87 | O87: =SUM(Q87:U87) | P87: =SUM(Q87:V87) | Q87: =COUNTIF('Assisted workspace'!$R$95:$R$98,Q$3) | R87: =COUNTIF('Assisted workspace'!$R$95:$R$98,R$3) | S87: =COUNTIF('Assisted workspace'!$R$95:$R$98,S$3) | T87: =COUNTIF('Assisted workspace'!$R$95:$R$98,T$3) | U87: =COUNTIF('Assisted workspace'!$R$95:$R$98,U$3) | V87: =COUNTA('Assisted workspace'!$G$95:$G$98)-SUM(Q87:U87)
C88: Link existing evidence | D88: Hủy | E88: =F88/G88 | F88: =SUM(H88:L88) | G88: =SUM(H88:M88) | H88: =COUNTIF('Assisted workspace'!$M$99:$M$99,H$3) | I88: =COUNTIF('Assisted workspace'!$M$99:$M$99,I$3) | J88: =COUNTIF('Assisted workspace'!$M$99:$M$99,J$3) | K88: =COUNTIF('Assisted workspace'!$M$99:$M$99,K$3) | L88: =COUNTIF('Assisted workspace'!$M$99:$M$99,L$3) | M88: =COUNTA('Assisted workspace'!$G$99:$G$99)-SUM(H88:L88) | N88: =O88/P88 | O88: =SUM(Q88:U88) | P88: =SUM(Q88:V88) | Q88: =COUNTIF('Assisted workspace'!$R$99:$R$99,Q$3) | R88: =COUNTIF('Assisted workspace'!$R$99:$R$99,R$3) | S88: =COUNTIF('Assisted workspace'!$R$99:$R$99,S$3) | T88: =COUNTIF('Assisted workspace'!$R$99:$R$99,T$3) | U88: =COUNTIF('Assisted workspace'!$R$99:$R$99,U$3) | V88: =COUNTA('Assisted workspace'!$G$99:$G$99)-SUM(Q88:U88)
C89: Link existing evidence | D89: Liên kết thành công | E89: =F89/G89 | F89: =SUM(H89:L89) | G89: =SUM(H89:M89) | H89: =COUNTIF('Assisted workspace'!$M$100:$M$102,H$3) | I89: =COUNTIF('Assisted workspace'!$M$100:$M$102,I$3) | J89: =COUNTIF('Assisted workspace'!$M$100:$M$102,J$3) | K89: =COUNTIF('Assisted workspace'!$M$100:$M$102,K$3) | L89: =COUNTIF('Assisted workspace'!$M$100:$M$102,L$3) | M89: =COUNTA('Assisted workspace'!$G$100:$G$102)-SUM(H89:L89) | N89: =O89/P89 | O89: =SUM(Q89:U89) | P89: =SUM(Q89:V89) | Q89: =COUNTIF('Assisted workspace'!$R$100:$R$102,Q$3) | R89: =COUNTIF('Assisted workspace'!$R$100:$R$102,R$3) | S89: =COUNTIF('Assisted workspace'!$R$100:$R$102,S$3) | T89: =COUNTIF('Assisted workspace'!$R$100:$R$102,T$3) | U89: =COUNTIF('Assisted workspace'!$R$100:$R$102,U$3) | V89: =COUNTA('Assisted workspace'!$G$100:$G$102)-SUM(Q89:U89)
C90: Gỡ liên kết - Unlink | D90: Gỡ evidence | E90: =F90/G90 | F90: =SUM(H90:L90) | G90: =SUM(H90:M90) | H90: =COUNTIF('Assisted workspace'!$M$103:$M$105,H$3) | I90: =COUNTIF('Assisted workspace'!$M$103:$M$105,I$3) | J90: =COUNTIF('Assisted workspace'!$M$103:$M$105,J$3) | K90: =COUNTIF('Assisted workspace'!$M$103:$M$105,K$3) | L90: =COUNTIF('Assisted workspace'!$M$103:$M$105,L$3) | M90: =COUNTA('Assisted workspace'!$G$103:$G$105)-SUM(H90:L90) | N90: =O90/P90 | O90: =SUM(Q90:U90) | P90: =SUM(Q90:V90) | Q90: =COUNTIF('Assisted workspace'!$R$103:$R$105,Q$3) | R90: =COUNTIF('Assisted workspace'!$R$103:$R$105,R$3) | S90: =COUNTIF('Assisted workspace'!$R$103:$R$105,S$3) | T90: =COUNTIF('Assisted workspace'!$R$103:$R$105,T$3) | U90: =COUNTIF('Assisted workspace'!$R$103:$R$105,U$3) | V90: =COUNTA('Assisted workspace'!$G$103:$G$105)-SUM(Q90:U90)
C91: Gỡ liên kết - Unlink | D91: Evidence còn trong thư viện | E91: =F91/G91 | F91: =SUM(H91:L91) | G91: =SUM(H91:M91) | H91: =COUNTIF('Assisted workspace'!$M$106:$M$106,H$3) | I91: =COUNTIF('Assisted workspace'!$M$106:$M$106,I$3) | J91: =COUNTIF('Assisted workspace'!$M$106:$M$106,J$3) | K91: =COUNTIF('Assisted workspace'!$M$106:$M$106,K$3) | L91: =COUNTIF('Assisted workspace'!$M$106:$M$106,L$3) | M91: =COUNTA('Assisted workspace'!$G$106:$G$106)-SUM(H91:L91) | N91: =O91/P91 | O91: =SUM(Q91:U91) | P91: =SUM(Q91:V91) | Q91: =COUNTIF('Assisted workspace'!$R$106:$R$106,Q$3) | R91: =COUNTIF('Assisted workspace'!$R$106:$R$106,R$3) | S91: =COUNTIF('Assisted workspace'!$R$106:$R$106,S$3) | T91: =COUNTIF('Assisted workspace'!$R$106:$R$106,T$3) | U91: =COUNTIF('Assisted workspace'!$R$106:$R$106,U$3) | V91: =COUNTA('Assisted workspace'!$G$106:$G$106)-SUM(Q91:U91)
C92: Gỡ liên kết - Unlink | D92: Xác nhận | E92: =F92/G92 | F92: =SUM(H92:L92) | G92: =SUM(H92:M92) | H92: =COUNTIF('Assisted workspace'!$M$107:$M$107,H$3) | I92: =COUNTIF('Assisted workspace'!$M$107:$M$107,I$3) | J92: =COUNTIF('Assisted workspace'!$M$107:$M$107,J$3) | K92: =COUNTIF('Assisted workspace'!$M$107:$M$107,K$3) | L92: =COUNTIF('Assisted workspace'!$M$107:$M$107,L$3) | M92: =COUNTA('Assisted workspace'!$G$107:$G$107)-SUM(H92:L92) | N92: =O92/P92 | O92: =SUM(Q92:U92) | P92: =SUM(Q92:V92) | Q92: =COUNTIF('Assisted workspace'!$R$107:$R$107,Q$3) | R92: =COUNTIF('Assisted workspace'!$R$107:$R$107,R$3) | S92: =COUNTIF('Assisted workspace'!$R$107:$R$107,S$3) | T92: =COUNTIF('Assisted workspace'!$R$107:$R$107,T$3) | U92: =COUNTIF('Assisted workspace'!$R$107:$R$107,U$3) | V92: =COUNTA('Assisted workspace'!$G$107:$G$107)-SUM(Q92:U92)
C93: Chủ sở hữu requirement - Owner | D93: Ô Owner | E93: =F93/G93 | F93: =SUM(H93:L93) | G93: =SUM(H93:M93) | H93: =COUNTIF('Assisted workspace'!$M$108:$M$109,H$3) | I93: =COUNTIF('Assisted workspace'!$M$108:$M$109,I$3) | J93: =COUNTIF('Assisted workspace'!$M$108:$M$109,J$3) | K93: =COUNTIF('Assisted workspace'!$M$108:$M$109,K$3) | L93: =COUNTIF('Assisted workspace'!$M$108:$M$109,L$3) | M93: =COUNTA('Assisted workspace'!$G$108:$G$109)-SUM(H93:L93) | N93: =O93/P93 | O93: =SUM(Q93:U93) | P93: =SUM(Q93:V93) | Q93: =COUNTIF('Assisted workspace'!$R$108:$R$109,Q$3) | R93: =COUNTIF('Assisted workspace'!$R$108:$R$109,R$3) | S93: =COUNTIF('Assisted workspace'!$R$108:$R$109,S$3) | T93: =COUNTIF('Assisted workspace'!$R$108:$R$109,T$3) | U93: =COUNTIF('Assisted workspace'!$R$108:$R$109,U$3) | V93: =COUNTA('Assisted workspace'!$G$108:$G$109)-SUM(Q93:U93)
C94: Chủ sở hữu requirement - Owner | D94: Gán owner | E94: =F94/G94 | F94: =SUM(H94:L94) | G94: =SUM(H94:M94) | H94: =COUNTIF('Assisted workspace'!$M$110:$M$111,H$3) | I94: =COUNTIF('Assisted workspace'!$M$110:$M$111,I$3) | J94: =COUNTIF('Assisted workspace'!$M$110:$M$111,J$3) | K94: =COUNTIF('Assisted workspace'!$M$110:$M$111,K$3) | L94: =COUNTIF('Assisted workspace'!$M$110:$M$111,L$3) | M94: =COUNTA('Assisted workspace'!$G$110:$G$111)-SUM(H94:L94) | N94: =O94/P94 | O94: =SUM(Q94:U94) | P94: =SUM(Q94:V94) | Q94: =COUNTIF('Assisted workspace'!$R$110:$R$111,Q$3) | R94: =COUNTIF('Assisted workspace'!$R$110:$R$111,R$3) | S94: =COUNTIF('Assisted workspace'!$R$110:$R$111,S$3) | T94: =COUNTIF('Assisted workspace'!$R$110:$R$111,T$3) | U94: =COUNTIF('Assisted workspace'!$R$110:$R$111,U$3) | V94: =COUNTA('Assisted workspace'!$G$110:$G$111)-SUM(Q94:U94)
C95: Requirement theo tier - Effective scope | D95: Số requirement | E95: =F95/G95 | F95: =SUM(H95:L95) | G95: =SUM(H95:M95) | H95: =COUNTIF('Assisted workspace'!$M$112:$M$115,H$3) | I95: =COUNTIF('Assisted workspace'!$M$112:$M$115,I$3) | J95: =COUNTIF('Assisted workspace'!$M$112:$M$115,J$3) | K95: =COUNTIF('Assisted workspace'!$M$112:$M$115,K$3) | L95: =COUNTIF('Assisted workspace'!$M$112:$M$115,L$3) | M95: =COUNTA('Assisted workspace'!$G$112:$G$115)-SUM(H95:L95) | N95: =O95/P95 | O95: =SUM(Q95:U95) | P95: =SUM(Q95:V95) | Q95: =COUNTIF('Assisted workspace'!$R$112:$R$115,Q$3) | R95: =COUNTIF('Assisted workspace'!$R$112:$R$115,R$3) | S95: =COUNTIF('Assisted workspace'!$R$112:$R$115,S$3) | T95: =COUNTIF('Assisted workspace'!$R$112:$R$115,T$3) | U95: =COUNTIF('Assisted workspace'!$R$112:$R$115,U$3) | V95: =COUNTA('Assisted workspace'!$G$112:$G$115)-SUM(Q95:U95)
C96: Workspace đã Archive | D96: Chỉ đọc | E96: =F96/G96 | F96: =SUM(H96:L96) | G96: =SUM(H96:M96) | H96: =COUNTIF('Assisted workspace'!$M$116:$M$116,H$3) | I96: =COUNTIF('Assisted workspace'!$M$116:$M$116,I$3) | J96: =COUNTIF('Assisted workspace'!$M$116:$M$116,J$3) | K96: =COUNTIF('Assisted workspace'!$M$116:$M$116,K$3) | L96: =COUNTIF('Assisted workspace'!$M$116:$M$116,L$3) | M96: =COUNTA('Assisted workspace'!$G$116:$G$116)-SUM(H96:L96) | N96: =O96/P96 | O96: =SUM(Q96:U96) | P96: =SUM(Q96:V96) | Q96: =COUNTIF('Assisted workspace'!$R$116:$R$116,Q$3) | R96: =COUNTIF('Assisted workspace'!$R$116:$R$116,R$3) | S96: =COUNTIF('Assisted workspace'!$R$116:$R$116,S$3) | T96: =COUNTIF('Assisted workspace'!$R$116:$R$116,T$3) | U96: =COUNTIF('Assisted workspace'!$R$116:$R$116,U$3) | V96: =COUNTA('Assisted workspace'!$G$116:$G$116)-SUM(Q96:U96)
C97: Phân quyền - Permission | D97: Customer User | E97: =F97/G97 | F97: =SUM(H97:L97) | G97: =SUM(H97:M97) | H97: =COUNTIF('Assisted workspace'!$M$117:$M$119,H$3) | I97: =COUNTIF('Assisted workspace'!$M$117:$M$119,I$3) | J97: =COUNTIF('Assisted workspace'!$M$117:$M$119,J$3) | K97: =COUNTIF('Assisted workspace'!$M$117:$M$119,K$3) | L97: =COUNTIF('Assisted workspace'!$M$117:$M$119,L$3) | M97: =COUNTA('Assisted workspace'!$G$117:$G$119)-SUM(H97:L97) | N97: =O97/P97 | O97: =SUM(Q97:U97) | P97: =SUM(Q97:V97) | Q97: =COUNTIF('Assisted workspace'!$R$117:$R$119,Q$3) | R97: =COUNTIF('Assisted workspace'!$R$117:$R$119,R$3) | S97: =COUNTIF('Assisted workspace'!$R$117:$R$119,S$3) | T97: =COUNTIF('Assisted workspace'!$R$117:$R$119,T$3) | U97: =COUNTIF('Assisted workspace'!$R$117:$R$119,U$3) | V97: =COUNTA('Assisted workspace'!$G$117:$G$119)-SUM(Q97:U97)
C98: Phân quyền - Permission | D98: Customer Viewer | E98: =F98/G98 | F98: =SUM(H98:L98) | G98: =SUM(H98:M98) | H98: =COUNTIF('Assisted workspace'!$M$120:$M$123,H$3) | I98: =COUNTIF('Assisted workspace'!$M$120:$M$123,I$3) | J98: =COUNTIF('Assisted workspace'!$M$120:$M$123,J$3) | K98: =COUNTIF('Assisted workspace'!$M$120:$M$123,K$3) | L98: =COUNTIF('Assisted workspace'!$M$120:$M$123,L$3) | M98: =COUNTA('Assisted workspace'!$G$120:$G$123)-SUM(H98:L98) | N98: =O98/P98 | O98: =SUM(Q98:U98) | P98: =SUM(Q98:V98) | Q98: =COUNTIF('Assisted workspace'!$R$120:$R$123,Q$3) | R98: =COUNTIF('Assisted workspace'!$R$120:$R$123,R$3) | S98: =COUNTIF('Assisted workspace'!$R$120:$R$123,S$3) | T98: =COUNTIF('Assisted workspace'!$R$120:$R$123,T$3) | U98: =COUNTIF('Assisted workspace'!$R$120:$R$123,U$3) | V98: =COUNTA('Assisted workspace'!$G$120:$G$123)-SUM(Q98:U98)
C99: Bảo mật - Security | D99: Phạm vi scope | E99: =F99/G99 | F99: =SUM(H99:L99) | G99: =SUM(H99:M99) | H99: =COUNTIF('Assisted workspace'!$M$124:$M$124,H$3) | I99: =COUNTIF('Assisted workspace'!$M$124:$M$124,I$3) | J99: =COUNTIF('Assisted workspace'!$M$124:$M$124,J$3) | K99: =COUNTIF('Assisted workspace'!$M$124:$M$124,K$3) | L99: =COUNTIF('Assisted workspace'!$M$124:$M$124,L$3) | M99: =COUNTA('Assisted workspace'!$G$124:$G$124)-SUM(H99:L99) | N99: =O99/P99 | O99: =SUM(Q99:U99) | P99: =SUM(Q99:V99) | Q99: =COUNTIF('Assisted workspace'!$R$124:$R$124,Q$3) | R99: =COUNTIF('Assisted workspace'!$R$124:$R$124,R$3) | S99: =COUNTIF('Assisted workspace'!$R$124:$R$124,S$3) | T99: =COUNTIF('Assisted workspace'!$R$124:$R$124,T$3) | U99: =COUNTIF('Assisted workspace'!$R$124:$R$124,U$3) | V99: =COUNTA('Assisted workspace'!$G$124:$G$124)-SUM(Q99:U99)
C100: Bảo mật - Security | D100: Dữ liệu nhập | E100: =F100/G100 | F100: =SUM(H100:L100) | G100: =SUM(H100:M100) | H100: =COUNTIF('Assisted workspace'!$M$125:$M$126,H$3) | I100: =COUNTIF('Assisted workspace'!$M$125:$M$126,I$3) | J100: =COUNTIF('Assisted workspace'!$M$125:$M$126,J$3) | K100: =COUNTIF('Assisted workspace'!$M$125:$M$126,K$3) | L100: =COUNTIF('Assisted workspace'!$M$125:$M$126,L$3) | M100: =COUNTA('Assisted workspace'!$G$125:$G$126)-SUM(H100:L100) | N100: =O100/P100 | O100: =SUM(Q100:U100) | P100: =SUM(Q100:V100) | Q100: =COUNTIF('Assisted workspace'!$R$125:$R$126,Q$3) | R100: =COUNTIF('Assisted workspace'!$R$125:$R$126,R$3) | S100: =COUNTIF('Assisted workspace'!$R$125:$R$126,S$3) | T100: =COUNTIF('Assisted workspace'!$R$125:$R$126,T$3) | U100: =COUNTIF('Assisted workspace'!$R$125:$R$126,U$3) | V100: =COUNTA('Assisted workspace'!$G$125:$G$126)-SUM(Q100:U100)
C101: Total | E101: =F101/G101 | F101: =SUM(H101:L101) | G101: =SUM(H101:M101) | H101: =SUM(H64:H100) | I101: =SUM(I64:I100) | J101: =SUM(J64:J100) | K101: =SUM(K64:K100) | L101: =SUM(L64:L100) | M101: =SUM(M64:M100) | N101: =O101/P101 | O101: =SUM(Q101:U101) | P101: =SUM(Q101:V101) | Q101: =SUM(Q64:Q100) | R101: =SUM(R64:R100) | S101: =SUM(S64:S100) | T101: =SUM(T64:T100) | U101: =SUM(U64:U100) | V101: =SUM(V64:V100)
...

Sheet Login
B3: Function Name | C3: AUTH-L0001_Đăng nhập | K3: Round | L3: Total | M3: Passed | N3: Failed | O3: Pending | P3: Blocked | Q3: NA | R3: Not execute
B4: Screen Name | C4: Login · Customer Portal | K4: Round 1 | L4: =COUNTA($G$13:$G$112) -> 52 | M4: =COUNTIF($M$13:$M941,M3) -> 0 | N4: =COUNTIF($M$13:$M941,N3) -> 0 | O4: =COUNTIF($M$13:$M941,O3) -> 0 | P4: =COUNTIF($M$13:$M941,P3) -> 0 | Q4: =COUNTIF($M$13:$M941,Q3) -> 0 | R4: =L4-SUM(M4:Q4) -> 52
B5: Creator | C5: Hanna | M5: =M4/$L$4 -> 0 | N5: =N4/$L$4 -> 0 | O5: =O4/$L$4 -> 0 | P5: =P4/$L$4 -> 0 | Q5: =Q4/$L$4 -> 0 | R5: =R4/$L$4 -> 1
B6: Created date | C6: 01/10/2026 | K6: Round 2 | L6: =COUNTA($G$13:$G$112) -> 52 | M6: =COUNTIF($R$13:$R$115,M3) -> 0 | N6: =COUNTIF($R$13:$R$115,N3) -> 0 | O6: =COUNTIF($R$13:$R$115,O3) -> 0 | P6: =COUNTIF($R$13:$R$115,P3) -> 0 | Q6: =COUNTIF($R$13:$R$115,Q3) -> 0 | R6: =L6-SUM(M6:Q6) -> 52
B7: Reference | C7: Figma SGS-DTP-DS · Screens 01 Authentication · Customer / Sign in | M7: =M6/$L$6 -> 0 | N7: =N6/$L$6 -> 0 | O7: =O6/$L$6 -> 0 | P7: =P6/$L$6 -> 0 | Q7: =Q6/$L$6 -> 0 | R7: =R6/$L$6 -> 1
M10: Round 1 | R10: Round 2
B11: Classification | F11: Priority | G11: TVP_ID | H11: Test case name/ Test view point | I11: Pre-condition | J11: Step | K11: Expected result | L11: Dev test | M11: Result | N11: Test person | O11: Test date | P11: Bug_ID | Q11: Remark | R11: Result | S11: Test person | T11: Test date | U11: Bug_ID | V11: Remark | W11: Open question | X11: UC
A12: No. | B12: I | C12: II | D12: III | E12: IV
A13: 1 | B13: Đăng nhập - Login | C13: Điều hướng - Redirect | D13: Vào màn hình | E13: Chưa đăng nhập | F13: High | G13: TC_001 | H13: Kiểm tra đường dẫn vào màn hình đăng nhập | I13: Chưa đăng nhập | J13: 1. Mở {{url.customer}} | K13: - Chuyển sang màn hình Đăng nhập - Hiển thị đủ: logo SGS, tiêu đề Digital Trust Platform, phụ đề Customer Portal | X13: UC-AUTH-001
A14: 2 | E14: Đã đăng nhập | F14: Medium | G14: TC_002 | H14: Kiểm tra khi đã đăng nhập mà mở lại màn đăng nhập | I14: Đã đăng nhập bằng {{user.cust_admin}} | J14: 1. Mở lại {{url.customer}}/login | W14: Chưa rõ: vào thẳng Home hay vẫn hiện màn đăng nhập → Q-L-12 | X14: UC-AUTH-001
A15: 3 | E15: Mở link sâu khi chưa đăng nhập | F15: High | G15: TC_003 | H15: Kiểm tra mở trang nội bộ bằng URL khi chưa đăng nhập | I15: Chưa đăng nhập | J15: 1. Dán URL một trang nội bộ, ví dụ {{url.customer}}/scopes 2. Enter | K15: - Chuyển sang màn hình Đăng nhập, không hiển thị nội dung trang nội bộ | W15: Sau khi đăng nhập có quay lại đúng trang vừa mở không → Q-L-12 | X15: UC-ROL-001
A16: 4 | C16: Hiển thị - Display | D16: Khối bên trái | E16: Thương hiệu | F16: Low | G16: TC_004 | H16: Kiểm tra hiển thị khối thương hiệu bên trái | I16: Chưa đăng nhập | J16: 1. Mở {{url.customer}} 2. Kiểm tra khối bên trái | K16: - Hiển thị hoạ tiết thương hiệu SGS - Tiêu đề: Digital Trust Platform - Phụ đề: Customer Portal | X16: UC-AUTH-001
A17: 5 | D17: Khối bên phải | E17: Logo và tiêu đề | F17: Low | G17: TC_005 | H17: Kiểm tra hiển thị logo và tiêu đề khối đăng nhập | I17: Chưa đăng nhập | J17: 1. Mở {{url.customer}} 2. Kiểm tra phần đầu khối bên phải | K17: - Logo SGS - Tiêu đề: Digital Trust Platform - Phụ đề: Customer Portal | X17: UC-AUTH-001
A18: 6 | E18: Tiêu đề trình duyệt | F18: Low | G18: TC_006 | H18: Kiểm tra tiêu đề tab trình duyệt | I18: Chưa đăng nhập | J18: 1. Mở {{url.customer}} 2. Kiểm tra tiêu đề tab | W18: Chưa có text tiêu đề tab trong thiết kế | X18: UC-AUTH-001
A19: 7 | E19: Màn hình hẹp | F19: Low | G19: TC_007 | H19: Kiểm tra hiển thị ở màn hình hẹp | I19: Chưa đăng nhập | J19: 1. Mở {{url.customer}} 2. Thu nhỏ cửa sổ xuống dưới 768px 3. Kiểm tra bố cục | W19: Thiết kế chưa có bản màn hình hẹp | X19: UC-AUTH-001
A20: 8 | C20: Ngôn ngữ - Language | D20: Bộ chọn ngôn ngữ | E20: Hiển thị mặc định | F20: Medium | G20: TC_008 | H20: Kiểm tra hiển thị mặc định của bộ chọn ngôn ngữ | I20: Chưa đăng nhập | J20: 1. Mở {{url.customer}} 2. Kiểm tra góc trên bên phải | K20: - Hiển thị icon quả địa cầu - Giá trị mặc định: EN - Có mũi tên mở danh sách | W20: Mặc định lấy theo trình duyệt hay cố định EN → Q-L-08 | X20: UC-AUTH-001
A21: 9 | E21: Mở danh sách | F21: Medium | G21: TC_009 | H21: Kiểm tra hiển thị khi mở danh sách ngôn ngữ | I21: Chưa đăng nhập | J21: 1. Mở {{url.customer}} 2. Bấm vào bộ chọn ngôn ngữ | W21: Danh sách ngôn ngữ gồm những gì → Q-L-08 | X21: UC-AUTH-001
A22: 10 | E22: Chọn ngôn ngữ khác | F22: Medium | G22: TC_010 | H22: Kiểm tra khi chọn một ngôn ngữ khác | I22: Chưa đăng nhập | J22: 1. Mở {{url.customer}} 2. Mở danh sách 3. Chọn một ngôn ngữ khác EN | W22: Bản dịch của màn đăng nhập chưa có → Q-L-08 | X22: UC-AUTH-001
A23: 11 | E23: Giữ lựa chọn | F23: Low | G23: TC_011 | H23: Kiểm tra giữ ngôn ngữ đã chọn sau khi tải lại trang | I23: Chưa đăng nhập | J23: 1. Mở {{url.customer}} 2. Chọn ngôn ngữ khác 3. Tải lại trang | W23: Có lưu lựa chọn không → Q-L-08 | X23: UC-AUTH-001
A24: 12 | C24: Email | D24: Hiển thị | E24: Mặc định | F24: High | G24: TC_012 | H24: Kiểm tra hiển thị mặc định của trường Email | I24: Chưa đăng nhập | J24: 1. Mở {{url.customer}} 2. Kiểm tra trường Email | K24: - Nhãn: Email kèm dấu * đỏ - Placeholder: name@company.com - Ô rỗng, không có thông báo lỗi | X24: UC-AUTH-001
A25: 13 | E25: Khi focus | F25: Low | G25: TC_013 | H25: Kiểm tra hiển thị khi đặt con trỏ vào trường Email | I25: Chưa đăng nhập | J25: 1. Mở {{url.customer}} 2. Bấm vào trường Email | K25: - Trường được làm nổi - Placeholder vẫn hiển thị khi chưa gõ | X25: UC-AUTH-001
A26: 14 | D26: Nhập liệu | E26: Nhập hợp lệ | F26: High | G26: TC_014 | H26: Kiểm tra nhập email đúng định dạng | I26: Chưa đăng nhập | J26: 1. Mở {{url.customer}} 2. Nhập {{user.cust_admin}} | K26: - Hiển thị đúng text đã nhập - Không có thông báo lỗi | X26: UC-AUTH-001
A27: 15 | E27: Giới hạn ký tự | F27: Medium | G27: TC_015 | H27: Kiểm tra nhập quá giới hạn ký tự | I27: Chưa đăng nhập | J27: 1. Mở {{url.customer}} 2. Nhập chuỗi dài hơn giới hạn cho phép | W27: Giới hạn ký tự của Email là bao nhiêu → Q-L-10 | X27: UC-AUTH-001
A28: 16 | E28: Ký tự đặc biệt và câu lệnh SQL | F28: High | G28: TC_016 | H28: Kiểm tra nhập ký tự đặc biệt và câu lệnh SQL | I28: Chưa đăng nhập | J28: 1. Mở {{url.customer}} 2. Nhập chuỗi chứa ' OR 1=1 -- và thẻ <script> 3. Bấm Sign in | K28: - Không đăng nhập được - Không có lỗi hệ thống, không lộ thông tin kỹ thuật | W28: Text lỗi hiển thị là gì → Q-L-02 | X28: UC-ROL-001
A29: 17 | E29: Khoảng trắng đầu cuối | F29: Low | G29: TC_017 | H29: Kiểm tra nhập email có khoảng trắng ở đầu và cuối | I29: Chưa đăng nhập | J29: 1. Mở {{url.customer}} 2. Nhập ' {{user.cust_admin}} ' 3. Bấm Sign in | W29: Có tự cắt khoảng trắng không → Q-L-02 | X29: UC-AUTH-001
A30: 18 | E30: Chữ hoa chữ thường | F30: Low | G30: TC_018 | H30: Kiểm tra nhập email viết hoa | I30: Chưa đăng nhập | J30: 1. Mở {{url.customer}} 2. Nhập email đúng nhưng viết hoa toàn bộ 3. Bấm Sign in | W30: Email có phân biệt hoa thường không → Q-L-02 | X30: UC-AUTH-001
A31: 19 | D31: Kiểm tra dữ liệu | E31: Bỏ trống | F31: High | G31: TC_019 | H31: Kiểm tra bỏ trống Email rồi đăng nhập | I31: Chưa đăng nhập | J31: 1. Mở {{url.customer}} 2. Để trống Email 3. Nhập mật khẩu hợp lệ 4. Bấm Sign in | K31: - Không gọi đăng nhập - Hiển thị thông báo lỗi ngay dưới trường Email | W31: Text lỗi nguyên văn → Q-L-01 | X31: UC-AUTH-001
A32: 20 | E32: Sai định dạng | F32: High | G32: TC_020 | H32: Kiểm tra nhập email sai định dạng | I32: Chưa đăng nhập | J32: 1. Mở {{url.customer}} 2. Nhập 'abc@' 3. Nhập mật khẩu hợp lệ 4. Bấm Sign in | K32: - Không gọi đăng nhập - Hiển thị thông báo lỗi ngay dưới trường Email | W32: Text lỗi nguyên văn → Q-L-02 | X32: UC-AUTH-001
A33: 21 | C33: Mật khẩu - Password | D33: Hiển thị | E33: Mặc định | F33: High | G33: TC_021 | H33: Kiểm tra hiển thị mặc định của trường Mật khẩu | I33: Chưa đăng nhập | J33: 1. Mở {{url.customer}} 2. Kiểm tra trường Password | K33: - Nhãn: Password kèm dấu * đỏ - Placeholder: Enter your password - Ô rỗng, không có thông báo lỗi | X33: UC-AUTH-001
A34: 22 | E34: Che ký tự | F34: High | G34: TC_022 | H34: Kiểm tra ký tự mật khẩu được che | I34: Chưa đăng nhập | J34: 1. Mở {{url.customer}} 2. Nhập mật khẩu bất kỳ | K34: - Mọi ký tự hiển thị dạng chấm tròn, không hiện text gốc | X34: UC-AUTH-001
A35: 23 | E35: Nút hiện mật khẩu | F35: Medium | G35: TC_023 | H35: Kiểm tra nút hiện/ẩn mật khẩu | I35: Chưa đăng nhập | J35: 1. Mở {{url.customer}} 2. Kiểm tra bên trong trường Password | W35: Thiết kế không có nút hiện/ẩn mật khẩu — có hay không → Q-L-11 | X35: UC-AUTH-001
A36: 24 | D36: Nhập liệu | E36: Giới hạn ký tự | F36: Medium | G36: TC_024 | H36: Kiểm tra nhập quá giới hạn ký tự | I36: Chưa đăng nhập | J36: 1. Mở {{url.customer}} 2. Nhập chuỗi dài hơn giới hạn cho phép | W36: Giới hạn ký tự của Password là bao nhiêu → Q-L-10 | X36: UC-AUTH-001
A37: 25 | E37: Dán nội dung | F37: Low | G37: TC_025 | H37: Kiểm tra dán mật khẩu từ bộ nhớ tạm | I37: Chưa đăng nhập | J37: 1. Mở {{url.customer}} 2. Dán chuỗi vào trường Password | K37: - Cho phép dán - Ký tự vẫn được che | X37: UC-AUTH-001
A38: 26 | D38: Kiểm tra dữ liệu | E38: Bỏ trống | F38: High | G38: TC_026 | H38: Kiểm tra bỏ trống Mật khẩu rồi đăng nhập | I38: Chưa đăng nhập | J38: 1. Mở {{url.customer}} 2. Nhập Email hợp lệ 3. Để trống Password 4. Bấm Sign in | K38: - Không gọi đăng nhập - Hiển thị thông báo lỗi ngay dưới trường Password | W38: Text lỗi nguyên văn → Q-L-01 | X38: UC-AUTH-001
A39: 27 | E39: Bỏ trống cả hai | F39: High | G39: TC_027 | H39: Kiểm tra bỏ trống cả hai trường rồi đăng nhập | I39: Chưa đăng nhập | J39: 1. Mở {{url.customer}} 2. Để trống cả hai 3. Bấm Sign in | K39: - Không gọi đăng nhập - Hiển thị lỗi ở cả hai trường | W39: Text lỗi nguyên văn → Q-L-01 | X39: UC-AUTH-001
A40: 28 | C40: Ghi nhớ đăng nhập | D40: Checkbox | E40: Mặc định | F40: Medium | G40: TC_028 | H40: Kiểm tra trạng thái mặc định của checkbox | I40: Chưa đăng nhập | J40: 1. Mở {{url.customer}} 2. Kiểm tra checkbox Keep me signed in | K40: - Checkbox ở trạng thái chưa tích - Nhãn: Keep me signed in | X40: UC-AUTH-001
A41: 29 | E41: Tích và bỏ tích | F41: Low | G41: TC_029 | H41: Kiểm tra tích và bỏ tích checkbox | I41: Chưa đăng nhập | J41: 1. Mở {{url.customer}} 2. Tích checkbox 3. Bỏ tích | K41: - Trạng thái đổi theo thao tác | X41: UC-AUTH-001
A42: 30 | D42: Phiên đăng nhập | E42: Có tích | F42: Medium | G42: TC_030 | H42: Kiểm tra thời hạn phiên khi có tích | I42: Chưa đăng nhập | J42: 1. Mở {{url.customer}} 2. Tích checkbox 3. Đăng nhập thành công 4. Đóng trình duyệt rồi mở lại | W42: Thời hạn phiên khi có tích là bao lâu → Q-L-06 | X42: UC-AUTH-001
A43: 31 | E43: Không tích | F43: Medium | G43: TC_031 | H43: Kiểm tra thời hạn phiên khi không tích | I43: Chưa đăng nhập | J43: 1. Mở {{url.customer}} 2. Không tích checkbox 3. Đăng nhập thành công 4. Đóng trình duyệt rồi mở lại | W43: Thời hạn phiên khi không tích là bao lâu → Q-L-06 | X43: UC-AUTH-001
A44: 32 | C44: Đăng nhập - Sign in | D44: Thành công | E44: Đúng cặp email và mật khẩu | F44: High | G44: TC_032 | H44: Kiểm tra đăng nhập với thông tin hợp lệ | I44: Chưa đăng nhập; có tài khoản {{user.cust_admin}} đang hoạt động | J44: 1. Mở {{url.customer}} 2. Nhập {{user.cust_admin}} 3. Nhập mật khẩu đúng 4. Bấm Sign in | K44: - Đăng nhập thành công, không có thông báo lỗi - Rời khỏi màn hình đăng nhập | X44: UC-AUTH-001
A45: 33 | E45: Màn hình sau khi đăng nhập | F45: High | G45: TC_033 | H45: Kiểm tra màn hình hiển thị sau khi đăng nhập | I45: Chưa đăng nhập; có tài khoản {{user.cust_admin}} đang hoạt động | J45: 1. Mở {{url.customer}} 2. Đăng nhập thành công 3. Kiểm tra màn hình | K45: - Hiển thị màn hình Home của Customer Portal - Menu trái hiện đúng các mục theo vai trò | W45: Xác nhận màn hình đích là Home → Q-L-12 | X45: UC-AUTH-001
A46: 34 | E46: Nhấn Enter để gửi | F46: Low | G46: TC_034 | H46: Kiểm tra đăng nhập bằng phím Enter | I46: Chưa đăng nhập; có tài khoản {{user.cust_admin}} đang hoạt động | J46: 1. Mở {{url.customer}} 2. Nhập đủ email và mật khẩu 3. Nhấn phím Enter | K46: - Gửi biểu mẫu, kết quả giống khi bấm Sign in | X46: UC-AUTH-001
A47: 35 | E47: Vai trò khác | F47: Medium | G47: TC_035 | H47: Kiểm tra đăng nhập bằng vai trò chỉ đọc | I47: Chưa đăng nhập; có tài khoản {{user.cust_viewer}} đang hoạt động | J47: 1. Mở {{url.customer}} 2. Đăng nhập bằng {{user.cust_viewer}} | K47: - Đăng nhập thành công - Menu và nút hành động hiển thị theo đúng quyền của vai trò | X47: UC-ROL-001
A48: 36 | D48: Không thành công | E48: Sai mật khẩu | F48: High | G48: TC_036 | H48: Kiểm tra đăng nhập với mật khẩu sai | I48: Chưa đăng nhập; có tài khoản {{user.cust_admin}} đang hoạt động | J48: 1. Mở {{url.customer}} 2. Nhập email đúng 3. Nhập mật khẩu sai 4. Bấm Sign in | K48: - Không đăng nhập được, vẫn ở màn hình đăng nhập - Hiển thị thông báo lỗi | W48: Text lỗi nguyên văn → Q-L-03 | X48: UC-AUTH-001
A49: 37 | E49: Email không tồn tại | F49: High | G49: TC_037 | H49: Kiểm tra đăng nhập với email không tồn tại | I49: Chưa đăng nhập | J49: 1. Mở {{url.customer}} 2. Nhập email chưa đăng ký 3. Nhập mật khẩu bất kỳ 4. Bấm Sign in | K49: - Không đăng nhập được - Thông báo lỗi KHÔNG được tiết lộ email có tồn tại trên hệ thống hay không | W49: Text lỗi nguyên văn, và có dùng chung text với sai mật khẩu không → Q-L-03 | X49: UC-AUTH-001
A50: 38 | E50: Tài khoản chưa kích hoạt | F50: High | G50: TC_038 | H50: Kiểm tra đăng nhập bằng tài khoản chưa kích hoạt | I50: Chưa đăng nhập; có tài khoản ở trạng thái chưa kích hoạt | J50: 1. Mở {{url.customer}} 2. Nhập email của tài khoản chưa kích hoạt 3. Nhập mật khẩu 4. Bấm Sign in | K50: - Không đăng nhập được | W50: Điều kiện và text của trạng thái Inactive → Q-L-05 | X50: UC-AUTH-005
A51: 39 | E51: Tài khoản bị khoá | F51: High | G51: TC_039 | H51: Kiểm tra đăng nhập bằng tài khoản bị khoá | I51: Chưa đăng nhập; có tài khoản ở trạng thái bị khoá | J51: 1. Mở {{url.customer}} 2. Nhập email của tài khoản bị khoá 3. Nhập mật khẩu đúng 4. Bấm Sign in | K51: - Không đăng nhập được | W51: Điều kiện khoá và text → Q-L-04 | X51: UC-AUTH-001
A52: 40 | E52: Sai nhiều lần liên tiếp | F52: High | G52: TC_040 | H52: Kiểm tra nhập sai mật khẩu nhiều lần liên tiếp | I52: Chưa đăng nhập; có tài khoản {{user.cust_admin}} đang hoạt động | J52: 1. Mở {{url.customer}} 2. Nhập sai mật khẩu nhiều lần liên tiếp 3. Kiểm tra sau mỗi lần | W52: Sai bao nhiêu lần thì khoá, khoá bao lâu, có CAPTCHA không → Q-L-04, Q-L-13 | X52: UC-AUTH-001
A53: 41 | E53: Tài khoản bị tạm ngừng | F53: Medium | G53: TC_041 | H53: Kiểm tra đăng nhập khi tài khoản khách hàng bị tạm ngừng | I53: Chưa đăng nhập; tài khoản khách hàng ở trạng thái tạm ngừng (UC-ACC-009) | J53: 1. Mở {{url.customer}} 2. Đăng nhập bằng người dùng thuộc tenant đó | K53: - Không truy cập được nền tảng | W53: Hiển thị thông báo gì → Q-L-05 | X53: UC-ACC-009
A54: 42 | C54: Nút Sign in | D54: Trạng thái nút | E54: Mặc định | F54: Medium | G54: TC_042 | H54: Kiểm tra trạng thái mặc định của nút Sign in | I54: Chưa đăng nhập | J54: 1. Mở {{url.customer}} 2. Kiểm tra nút Sign in khi hai trường còn rỗng | W54: Nút bật hay tắt khi chưa nhập gì → Q-L-01 | X54: UC-AUTH-001
A55: 43 | E55: Đang xử lý | F55: Medium | G55: TC_043 | H55: Kiểm tra trạng thái nút khi đang gửi | I55: Chưa đăng nhập; có tài khoản {{user.cust_admin}} đang hoạt động | J55: 1. Mở {{url.customer}} 2. Nhập đủ thông tin 3. Bấm Sign in 4. Quan sát nút trong lúc chờ | W55: Thiết kế chưa có trạng thái đang xử lý | X55: UC-AUTH-001
A56: 44 | E56: Bấm nhiều lần | F56: Medium | G56: TC_044 | H56: Kiểm tra bấm Sign in nhiều lần liên tiếp | I56: Chưa đăng nhập; có tài khoản {{user.cust_admin}} đang hoạt động | J56: 1. Mở {{url.customer}} 2. Nhập đủ thông tin 3. Bấm Sign in liên tiếp nhiều lần | K56: - Chỉ tạo một phiên đăng nhập, không gửi trùng yêu cầu | X56: UC-AUTH-001
A57: 45 | C57: Hỗ trợ - Support | D57: Liên kết | E57: Contact SGS support | F57: Medium | G57: TC_045 | H57: Kiểm tra hiển thị dòng hỗ trợ | I57: Chưa đăng nhập | J57: 1. Mở {{url.customer}} 2. Kiểm tra dòng dưới nút Sign in | K57: - Text: Need help? - Liên kết: Contact SGS support, có gạch chân | X57: UC-AUTH-001
A58: 46 | E58: Bấm vào liên kết | F58: Medium | G58: TC_046 | H58: Kiểm tra khi bấm Contact SGS support | I58: Chưa đăng nhập | J58: 1. Mở {{url.customer}} 2. Bấm Contact SGS support | W58: Liên kết dẫn tới đâu: email, trang hỗ trợ hay cửa sổ chat → Q-L-09 | X58: UC-AUTH-001
A59: 47 | D59: Quên mật khẩu | E59: Lối vào | F59: High | G59: TC_047 | H59: Kiểm tra lối vào chức năng quên mật khẩu | I59: Chưa đăng nhập | J59: 1. Mở {{url.customer}} 2. Tìm liên kết quên mật khẩu trên màn hình đăng nhập | W59: Màn hình không có liên kết quên mật khẩu, trong khi UC-AUTH-003 có chức năng này. Vào từ đâu → Q-L-07 | X59: UC-AUTH-003
A60: 48 | C60: Bảo mật - Security | D60: Lộ thông tin | E60: Mật khẩu trong DOM | F60: High | G60: TC_048 | H60: Kiểm tra mật khẩu không bị lộ trong mã trang | I60: Chưa đăng nhập | J60: 1. Mở {{url.customer}} 2. Nhập mật khẩu 3. Mở công cụ nhà phát triển, xem phần tử trường Password | K60: - Thuộc tính type là password - Giá trị không hiển thị dạng text thường | X60: UC-ROL-001
A61: 49 | E61: Mật khẩu trong yêu cầu mạng | F61: High | G61: TC_049 | H61: Kiểm tra mật khẩu không nằm trên URL | I61: Chưa đăng nhập | J61: 1. Mở {{url.customer}} 2. Mở tab Network 3. Đăng nhập 4. Kiểm tra yêu cầu đăng nhập | K61: - Gửi bằng phương thức POST qua HTTPS - Mật khẩu không nằm trong chuỗi truy vấn của URL | X61: UC-ROL-001
A62: 50 | D62: Phiên làm việc | E62: Quay lại sau khi đăng xuất | F62: High | G62: TC_050 | H62: Kiểm tra dùng nút Quay lại sau khi đăng xuất | I62: Đã đăng nhập rồi đăng xuất | J62: 1. Bấm nút Quay lại của trình duyệt 2. Kiểm tra hiển thị | K62: - Không hiển thị nội dung trang nội bộ - Chuyển về màn hình đăng nhập | X62: UC-ROL-001
A63: 51 | E63: Gọi thẳng API khi chưa đăng nhập | F63: High | G63: TC_051 | H63: Kiểm tra gọi API khi chưa có phiên | I63: Chưa đăng nhập | J63: 1. Gọi thẳng một API nội bộ không kèm token | K63: - Trả về 401, không trả dữ liệu | X63: UC-ROL-001
A64: 52 | D64: Ghi vết | E64: Ghi nhận lần đăng nhập | F64: Medium | G64: TC_052 | H64: Kiểm tra ghi vết đăng nhập thành công và thất bại | I64: Chưa đăng nhập; có tài khoản {{user.cust_admin}} đang hoạt động | J64: 1. Mở {{url.customer}} 2. Đăng nhập sai một lần 3. Đăng nhập đúng một lần 4. Mở Audit Trail bằng {{user.sgs_admin}} | K64: - Có bản ghi cho cả lần thất bại và lần thành công, đúng người, đúng thời điểm | W64: MVP có ghi vết lần đăng nhập thất bại không | X64: UC-AUD-001

Sheet Scopes
B3: Function Name | C3: SCP-L0001_Quản lý scope | K3: Round | L3: Total | M3: Passed | N3: Failed | O3: Pending | P3: Blocked | Q3: NA | R3: Not execute
B4: Screen Name | C4: Scopes · Customer Portal | K4: Round 1 | L4: =COUNTA($G$13:$G$148) -> 136 | M4: =COUNTIF($M$13:$M$148,M3) -> 0 | N4: =COUNTIF($M$13:$M$148,N3) -> 0 | O4: =COUNTIF($M$13:$M$148,O3) -> 0 | P4: =COUNTIF($M$13:$M$148,P3) -> 0 | Q4: =COUNTIF($M$13:$M$148,Q3) -> 0 | R4: =L4-SUM(M4:Q4) -> 136
B5: Creator | C5: Hanna | M5: =M4/$L$4 -> 0 | N5: =N4/$L$4 -> 0 | O5: =O4/$L$4 -> 0 | P5: =P4/$L$4 -> 0 | Q5: =Q4/$L$4 -> 0 | R5: =R4/$L$4 -> 1
B6: Created date | C6: 01/10/2026 | K6: Round 2 | L6: =COUNTA($G$13:$G$148) -> 136 | M6: =COUNTIF($R$13:$R$148,M3) -> 0 | N6: =COUNTIF($R$13:$R$148,N3) -> 0 | O6: =COUNTIF($R$13:$R$148,O3) -> 0 | P6: =COUNTIF($R$13:$R$148,P3) -> 0 | Q6: =COUNTIF($R$13:$R$148,Q3) -> 0 | R6: =L6-SUM(M6:Q6) -> 136
B7: Reference | C7: Figma SGS-DTP-DS · Screens 05 Scopes · prototype | M7: =M6/$L$6 -> 0 | N7: =N6/$L$6 -> 0 | O7: =O6/$L$6 -> 0 | P7: =P6/$L$6 -> 0 | Q7: =Q6/$L$6 -> 0 | R7: =R6/$L$6 -> 1
M10: Round 1 | R10: Round 2
B11: Classification | F11: Priority | G11: TVP_ID | H11: Test case name/ Test view point | I11: Pre-condition | J11: Step | K11: Expected result | L11: Dev test | M11: Result | N11: Test person | O11: Test date | P11: Bug_ID | Q11: Remark | R11: Result | S11: Test person | T11: Test date | U11: Bug_ID | V11: Remark | W11: Open question | X11: UC
A12: No. | B12: I | C12: II | D12: III | E12: IV
A13: 1 | B13: Điều hướng - Redirect | C13: Vào danh sách - Scope list | D13: Từ menu | E13: Bấm Scopes ở menu trái | F13: High | G13: Scope_001 | H13: Kiểm tra vào màn Scopes từ menu trái | I13: Đăng nhập account Customer Admin | J13: 1. Bấm mục Scopes ở menu trái | K13: - Chuyển sang màn Scopes - Breadcrumb: Scopes - Mục Scopes ở menu trái được tô nền | X13: UC-SCP-001
A14: 2 | D14: Bằng URL | E14: Đã đăng nhập | F14: Medium | G14: Scope_002 | H14: Kiểm tra mở màn Scopes bằng URL | I14: Đăng nhập account Customer Admin | J14: 1. Mở thẳng vào scopes | K14: - Hiển thị màn Scopes - Mục Scopes ở menu trái được tô nền | X14: UC-SCP-001
A15: 3 | C15: Vào chi tiết - Scope detail | D15: Từ danh sách | E15: Bấm tên scope | F15: High | G15: Scope_003 | H15: Kiểm tra mở chi tiết scope từ danh sách | I15: Đăng nhập account Customer Admin | J15: 1. Vào màn hình Scopes | K15: - Chuyển sang màn chi tiết, đúng dạng URL - Tiêu đề trang đúng định dạng | X15: UC-SCP-002
A16: 4 | D16: Bằng URL | E16: Mã scope hợp lệ | F16: Medium | G16: Scope_004 | H16: Kiểm tra mở chi tiết scope bằng URL | I16: Đăng nhập account Customer Admin | J16: 1. Mở url đúng định dạng | K16: - Hiển thị màn chi tiết của màn hình scope | X16: UC-SCP-002
A17: 5 | E17: Mã scope không tồn tại | F17: Medium | G17: Scope_005 | H17: Kiểm tra mở chi tiết bằng mã scope không tồn tại | I17: Đăng nhập account Customer Admin | J17: 1. Mở url sai định dạng | K17: - Hiển thị lỗi: "This scope doesn’t exist It may have been removed, or it belongs to an organisation you can’t see." | W17: Hiện trang lỗi, thông báo, hay quay về danh sách → Q-S-26 | X17: UC-SCP-002
A18: 6 | B18: Danh sách scope - Scope list | C18: Tiêu đề trang - Title | D18: Hiển thị | E18: Breadcrumb, tiêu đề, mô tả | F18: Medium | G18: Scope_006 | H18: Kiểm tra phần đầu màn Scopes | I18: Đăng nhập account Customer Admin | J18: 1. Mở màn Scopes 2. Kiểm tra phần đầu trang | K18: - Breadcrumb: Scopes - Tiêu đề: Scopes - Mô tả: The parts of [tenant.short] you prepare for a framework: the organisation, a product or a system. | W18: Mô tả dùng tên ngắn (ABC Trading), màn chi tiết dùng tên đầy đủ (ABC Trading Co., Ltd.) → Q-S-02 | X18: UC-SCP-001
A19: 7 | C19: Trạng thái rỗng - Empty | D19: Chưa có scope | E19: Customer Admin | F19: Medium | G19: Scope_007 | H19: Kiểm tra màn Scopes khi tenant chưa có scope nào | I19: Đăng nhập Customer Admin của tenant chưa có scope nào | J19: 1. Mở màn Scopes | K19: - Hiển thị thông tin: "Create your first scope A scope is the part of your organisation you want to prepare: the whole organisation, a product, or one system. Link a framework to it to start collecting evidence." | W19: Figma có frame Scopes / Empty, chưa đối chiếu được text → Q-S-10 | X19: UC-SCP-001
A20: 8 | C20: Tạo scope - Create scope | D20: Hiển thị | E20: Nút tạo scope | F20: High | G20: Scope_008 | H20: Kiểm tra hiển thị nút tạo scope | I20: Đăng nhập account Customer Admin | J20: 1. Mở màn Scopes 2. Kiểm tra góc trên bên phải | K20: - Có nút tạo scope ở góc trên bên phải | W20: Nhãn: Figma 'Create scope', prototype '+ Create scope' → Q-S-03 | X20: UC-SCP-003
A21: 9 | D21: Mở hộp thoại | E21: Bấm nút tạo scope | F21: High | G21: Scope_009 | H21: Kiểm tra mở hộp thoại Create scope | I21: Đăng nhập account Customer Admin | J21: 1. Mở màn Scopes 2. Bấm nút tạo scope | K21: - Mở hộp thoại tiêu đề Create scope, có nút đóng × - Có nút Cancel và nút Create scope | X21: UC-SCP-003
A22: 10 | E22: Trạng thái mặc định | F22: High | G22: Scope_010 | H22: Kiểm tra các trường mặc định của hộp thoại Create scope | I22: Đăng nhập account Customer Admin | J22: 1. Mở màn Scopes 2. Mở hộp thoại Create scope 3. Kiểm tra từ trên xuống | K22: - Type * gồm 3 lựa chọn, chưa chọn sẵn lựa chọn nào: Organization — The whole company or one legal entity Product — A product or service you offer System — One information system; can belong to an organisation and a product - Name * rỗng - What is in scope * rỗng - What is out of scope (optional) rỗng, placeholder: e.g. Marketing email tool run by a supplier | X22: UC-SCP-003
A23: 11 | D23: Chọn loại | E23: Chọn System | F23: High | G23: Scope_011 | H23: Kiểm tra các trường hiện thêm khi chọn System | I23: Đăng nhập account Customer Admin | J23: 1. Mở màn Scopes 2. Mở hộp thoại Create scope 3. Chọn System | K23: - Lựa chọn System được đánh dấu - Hiện thêm hai trường: Belongs to organisation (placeholder Choose) và Belongs to product (optional) (mặc định None) | W23: Belongs to organisation không có * cũng không ghi (optional) → Q-S-04 | X23: UC-SCP-003
A24: 12 | E24: Đổi từ System sang loại khác | F24: Medium | G24: Scope_012 | H24: Kiểm tra đổi loại sau khi đã chọn System | I24: Đăng nhập account Customer Admin | J24: 1. Mở màn Scopes 2. Mở hộp thoại, chọn System, chọn một giá trị Belongs to organisation 3. Đổi sang Organization 4. Đổi sang Product | K24: - Ở bước 2 và 3 không còn hai trường Belongs to organisation, Belongs to product (optional) | W24: Giá trị Belongs to đã chọn có bị bỏ khi đổi loại → Q-S-04 | X24: UC-SCP-003
A25: 13 | D25: Danh sách chọn | E25: Belongs to organisation | F25: Medium | G25: Scope_013 | H25: Kiểm tra danh sách chọn của Belongs to organisation | I25: Đăng nhập account Customer Admin | J25: 1. Mở màn Scopes 2. Mở hộp thoại, chọn System 3. Mở danh sách Belongs to organisation | K25: - Chỉ liệt kê scope loại Organization của tenant - Không có scope loại Product, System | X25: UC-SCP-003
A26: 14 | E26: Belongs to product | F26: Medium | G26: Scope_014 | H26: Kiểm tra danh sách chọn của Belongs to product (optional) | I26: Đăng nhập account Customer Admin | J26: 1. Mở màn Scopes 2. Mở hộp thoại, chọn System 3. Mở danh sách Belongs to product (optional) | K26: - Có lựa chọn None - Liệt kê scope loại Product của tenant - Không có scope loại Organization, System | X26: UC-SCP-003
A27: 15 | D27: Không thành công | E27: Không chọn Type | F27: High | G27: Scope_015 | H27: Kiểm tra tạo scope khi chưa chọn Type | I27: Đăng nhập account Customer Admin | J27: 1. Mở màn Scopes 2. Mở hộp thoại 3. Nhập Name, What is in scope; không chọn Type 4. Bấm Create scope | K27: - Không tạo scope, hộp thoại vẫn mở - Hiện lỗi tại Type: "Choose the type of scope." | W27: Text lỗi nguyên văn → Q-S-05 | X27: UC-SCP-003
A28: 16 | E28: Bỏ trống Name | F28: High | G28: Scope_016 | H28: Kiểm tra tạo scope khi bỏ trống Name | I28: Đăng nhập account Customer Admin | J28: 1. Mở màn Scopes 2. Mở hộp thoại 3. Chọn Organization, nhập What is in scope, để trống Name 4. Bấm Create scope | K28: - Không tạo scope, hộp thoại vẫn mở - Hiện lỗi tại Name: "Enter a name." | W28: Text lỗi nguyên văn → Q-S-05 | X28: UC-SCP-003
A29: 17 | E29: Name chỉ có khoảng trắng | F29: Medium | G29: Scope_017 | H29: Kiểm tra tạo scope khi Name chỉ có khoảng trắng | I29: Đăng nhập account Customer Admin | J29: 1. Mở màn Scopes 2. Mở hộp thoại 3. Chọn Organization, nhập Name là ba dấu cách, nhập What is in scope 4. Bấm Create scope | K29: - Không tạo scope, hộp thoại vẫn mở - Hiện lỗi tại Name: "Enter a name." | W29: Khoảng trắng có bị coi là rỗng → Q-S-05 | X29: UC-SCP-003
A30: 18 | E30: Bỏ trống What is in scope | F30: High | G30: Scope_018 | H30: Kiểm tra tạo scope khi bỏ trống What is in scope | I30: Đăng nhập account Customer Admin | J30: 1. Mở màn Scopes 2. Mở hộp thoại 3. Chọn Organization, nhập Name, để trống What is in scope 4. Bấm Create scope | K30: - Không tạo scope, hộp thoại vẫn mở - Hiện lỗi tại What is in scope: "Describe what is in scope." | W30: Text lỗi nguyên văn → Q-S-05 | X30: UC-SCP-003
A31: 19 | E31: What is in scope chỉ có khoảng trắng | F31: Medium | G31: Scope_019 | H31: Kiểm tra tạo scope khi What is in scope chỉ có khoảng trắng | I31: Đăng nhập account Customer Admin | J31: 1. Mở màn Scopes 2. Mở hộp thoại 3. Chọn Organization, nhập Name, nhập What is in scope là ba dấu cách 4. Bấm Create scope | K31: - Không tạo scope, hộp thoại vẫn mở - Hiện lỗi tại What is in scope: "Describe what is in scope." | W31: Khoảng trắng có bị coi là rỗng → Q-S-05 | X31: UC-SCP-003
A32: 20 | E32: Trùng tên | F32: High | G32: Scope_020 | H32: Kiểm tra tạo scope trùng tên scope đang có | I32: Đăng nhập account Customer Admin | J32: 1. Mở màn Scopes 2. Mở hộp thoại 3. Nhập Name trùng tên [Organization], nhập đủ trường bắt buộc 4. Bấm Create scope | K32: - Không tạo scope, hộp thoại vẫn mở - Hiện lỗi tại Name: "A scope with this name already exists." | W32: Chặn hay cho phép trùng tên; có phân biệt hoa thường → Q-S-05 | X32: UC-SCP-003
A33: 21 | E33: Quá giới hạn ký tự | F33: Medium | G33: Scope_021 | H33: Kiểm tra nhập quá giới hạn ký tự | I33: Đăng nhập account Customer Admin | J33: 1. Mở màn Scopes 2. Nhập Name, What is in scope, What is out of scope dài hơn giới hạn | W33: Giới hạn ký tự từng trường → Q-S-05 | X33: UC-SCP-003
A34: 22 | E34: Bấm Cancel | F34: Medium | G34: Scope_022 | H34: Kiểm tra huỷ tạo scope bằng Cancel | I34: Đăng nhập account Customer Admin | J34: 1. Mở màn Scopes 2. Mở hộp thoại, chọn loại, nhập Name 3. Bấm Cancel | K34: - Hộp thoại đóng - Bảng không có dòng mới, dòng đếm giữ nguyên | W34: Đang nhập dở có hỏi xác nhận không → Q-S-06 | X34: UC-SCP-003
A35: 23 | E35: Bấm × | F35: Low | G35: Scope_023 | H35: Kiểm tra đóng hộp thoại tạo scope bằng nút × | I35: Đăng nhập account Customer Admin | J35: 1. Mở màn Scopes 2. Mở hộp thoại, nhập Name 3. Bấm × | K35: - Hộp thoại đóng, không tạo scope | X35: UC-SCP-003
A36: 24 | E36: Nhấn Esc | F36: Low | G36: Scope_024 | H36: Kiểm tra nhấn Esc khi đang mở hộp thoại tạo scope | I36: Đăng nhập account Customer Admin | J36: 1. Mở màn Scopes 2. Mở hộp thoại, nhập Name 3. Nhấn Esc | K36: - Hộp thoại đóng, không tạo scope | W36: Thiết kế không ghi; prototype đóng hộp thoại ngay → Q-S-06 | X36: UC-SCP-003
A37: 25 | D37: Thành công | E37: Organization — hiện ở danh sách | F37: High | G37: Scope_025 | H37: Kiểm tra thông tin vừa tạo | I37: Đăng nhập account Customer Admin | J37: 1. Mở màn Scopes 2. Bấm nút tạo scope để mở hộp thoại Create scope 3. Chọn Type: Organization 4. Nhập - Name: abc - What is in scope: abc - What is out of scope (optional): abc 5. Bấm Create scope, tạo thành công 6. Kiểm tra dòng vừa tạo trong danh sách | K37: - Hộp thoại đóng, tạo thành công - Danh sách có dòng với Name: abc, nhãn loại Organization - Cột Belongs to: — - Dòng đếm tăng 1 | W37: Danh sách scope có hiển thị What is in scope / What is out of scope không? Yêu cầu của Hanna: kiểm tra cả 4 thông tin trên Danh sách; Figma chỉ có các cột Scope, Belongs to, Frameworks, Users, Evidence coverage → Q-S-28 | X37: UC-SCP-003
A38: 26 | E38: Product — hiện ở danh sách | F38: High | G38: Scope_026 | H38: Kiểm tra thông tin vừa tạo | I38: Đăng nhập account Customer Admin | J38: 1. Mở màn Scopes 2. Bấm nút tạo scope để mở hộp thoại Create scope 3. Chọn Type: Product 4. Nhập - Name: abc - What is in scope: abc - What is out of scope (optional): abc 5. Bấm Create scope, tạo thành công 6. Kiểm tra dòng vừa tạo trong danh sách | K38: - Hộp thoại đóng, tạo thành công - Danh sách có dòng với + Name: abc + Nhãn loại: Product - Cột Belongs to: — - Dòng đếm tăng 1 | W38: Danh sách scope có hiển thị What is in scope / What is out of scope không? Yêu cầu của Hanna: kiểm tra cả 4 thông tin trên Danh sách; Figma chỉ có các cột Scope, Belongs to, Frameworks, Users, Evidence coverage → Q-S-28 | X38: UC-SCP-003
A39: 27 | E39: System — hiện ở danh sách | F39: High | G39: Scope_027 | H39: Kiểm tra scope System vừa tạo hiện ở danh sách | I39: Đăng nhập account Customer Admin | J39: 1. Mở màn Scopes 2. Bấm nút tạo scope để mở hộp thoại Create scope 3. Chọn Type: System 4. Nhập - Name: abc - What is in scope: abc - What is out of scope (optional): abc 5. Chọn - Belongs to organisation: [Organization] - Belongs to product (optional): [Product] 6. Bấm Create scope, tạo thành công 7. Kiểm tra dòng vừa tạo trong danh sách | K39: - Hộp thoại đóng, tạo thành công - Danh sách có dòng với + Name: abc + Nhãn loại: System - Cột Belongs to: [Organization], [Product] - Dòng đếm tăng 1 | W39: Danh sách scope có hiển thị What is in scope / What is out of scope không? Yêu cầu của Hanna: kiểm tra cả 4 thông tin trên Danh sách; Figma chỉ có các cột Scope, Belongs to, Frameworks, Users, Evidence coverage → Q-S-28 | X39: UC-SCP-003
A40: 28 | C40: Thanh công cụ - Toolbar | D40: Dòng đếm | E40: Tổng số scope | F40: Medium | G40: Scope_028 | H40: Kiểm tra dòng đếm số scope | I40: Đăng nhập account Customer Admin | J40: 1. Mở màn Scopes 2. Kiểm tra dòng phía trên bảng, bên trái | K40: - Hiển thị <n> scopes, n bằng tổng số scope trong bảng (cộng mọi trang) | X40: UC-SCP-001
A41: 29 | D41: Tìm kiếm | E41: Hiển thị ô tìm kiếm | F41: Low | G41: Scope_029 | H41: Kiểm tra ô tìm kiếm | I41: Đăng nhập account Customer Admin | J41: 1. Mở màn Scopes 2. Kiểm tra phía trên bảng, bên phải | K41: - Ô tìm kiếm có icon kính lúp, placeholder: Search scopes | X41: UC-SCP-001
A42: 30 | E42: Một phần tên | F42: High | G42: Scope_030 | H42: Kiểm tra tìm theo một phần tên scope | I42: Đăng nhập account Customer Admin | J42: 1. Mở màn Scopes 2. Nhập [từ khóa] là một phần tên scope vào ô tìm kiếm | K42: - Bảng chỉ còn các scope có tên chứa [từ khóa] - Dòng phân trang cập nhật theo số kết quả, ví dụ 1–2 of 2 items | W42: Dòng đếm có đổi theo kết quả không (prototype giữ nguyên tổng) → Q-S-07 | X42: UC-SCP-001
A43: 31 | E43: Chữ hoa | F43: Medium | G43: Scope_031 | H43: Kiểm tra tìm kiếm khi nhập chữ hoa | I43: Đăng nhập account Customer Admin | J43: 1. Mở màn Scopes 2. Nhập [từ khóa] viết hoa vào ô tìm kiếm | K43: - Hệ thống hiển thị data đúng định dạng, không phân biệt chữ hoa hay không | W43: Có phân biệt hoa thường không (prototype không phân biệt) → Q-S-07 | X43: UC-SCP-001
A44: 32 | E44: Không có kết quả | F44: High | G44: Scope_032 | H44: Kiểm tra tìm kiếm không ra kết quả | I44: Đăng nhập account Customer Admin | J44: 1. Mở màn Scopes 2. Nhập [từ khóa] không khớp tên scope nào vào ô tìm kiếm | K44: - Bảng và dòng phân trang ẩn - Thông báo: No results for “[từ khóa]” - Dòng phụ: Try a different search term. | W44: Text lấy từ prototype, Figma chưa có trạng thái này → Q-S-07 | X44: UC-SCP-001
A45: 33 | E45: Ký tự đặc biệt | F45: Medium | G45: Scope_033 | H45: Kiểm tra nhập ký tự đặc biệt vào ô tìm kiếm | I45: Đăng nhập account Customer Admin | J45: 1. Mở màn Scopes 2. Nhập ' OR 1=1 -- vào ô tìm kiếm | K45: - Không có lỗi hệ thống, không lộ thông tin kỹ thuật - Chuỗi được tìm như văn bản thường | X45: UC-SCP-001
A46: 34 | E46: Xoá từ khoá | F46: Medium | G46: Scope_034 | H46: Kiểm tra xoá từ khoá tìm kiếm | I46: Đăng nhập account Customer Admin | J46: 1. Mở màn Scopes 2. Nhập từ khóa 3. Xoá hết nội dung ô tìm kiếm | K46: - Bảng hiển thị lại toàn bộ scope - Dòng phân trang trở về như lúc mở màn | X46: UC-SCP-001
A47: 35 | C47: Bảng danh sách - Table | D47: Hiển thị | E47: Tiêu đề cột | F47: High | G47: Scope_035 | H47: Kiểm tra tiêu đề các cột | I47: Đăng nhập account Customer Admin | J47: 1. Mở màn Scopes 2. Kiểm tra hàng tiêu đề của bảng | K47: - 5 cột theo thứ tự: Scope · Belongs to · Frameworks · Users · Evidence coverage | W47: Cột Evidence coverage có trong MVP không → Q-S-11 | X47: UC-SCP-001
A48: 36 | E48: Cột Scope | F48: High | G48: Scope_036 | H48: Kiểm tra cột Scope | I48: Đăng nhập account Customer Admin | J48: 1. Mở màn Scopes 2. Kiểm tra từng dòng ở cột Scope | K48: - Tên scope dạng liên kết - Dưới tên có nhãn loại Organization, Product hoặc System, đúng loại của scope | X48: UC-SCP-001
A49: 37 | E49: Cột Belongs to | F49: High | G49: Scope_037 | H49: Kiểm tra cột Belongs to với scope Organization | I49: Đăng nhập account Customer Admin | J49: 1. Mở màn Scopes 2. Kiểm tra cột Belongs to của type: Organization | K49: - Hiển thị Belongs to: — | X49: UC-SCP-001
A50: 38 | F50: High | G50: Scope_038 | H50: Kiểm tra cột Belongs to với scope Product | I50: Đăng nhập account Customer Admin | J50: 1. Mở màn Scopes 2. Kiểm tra cột Belongs to của type: Product | K50: - Hiển thị Belongs to: — | X50: UC-SCP-001
A51: 39 | F51: High | G51: Scope_039 | H51: Kiểm tra cột Belongs to với scope System | I51: Đăng nhập account Customer Admin | J51: 1. Tạo scope với type: System chọn - Belongs to organisation: [Organization] - Belongs to product (optional): [Product] 2. Tạo thành công Scope 3. Kiểm tra cột Belongs to của type: System | K51: - Hiển thị Belongs to đúng thông tin đã chọn Belongs to organisation và Belongs to product (optional), phân cách nhau bởi dấu phẩy | X51: UC-SCP-001
A52: 40 | F52: High | G52: Scope_040 | H52: Kiểm tra cột Belongs to với scope System và bỏ trống lựa chọn Belongs to organisation và Belongs to product (optional) | I52: Đăng nhập account Customer Admin | J52: 1. Tạo scope với type: System bỏ trống - Belongs to organisation: - Belongs to product (optional): 2. Tạo thành công Scope 3. Kiểm tra cột Belongs to của type: System | K52: - Hiển thị Belongs to: — | X52: UC-SCP-001
A53: 41 | E53: Cột Frameworks — đã gắn | F53: High | G53: Scope_041 | H53: Kiểm tra cột Frameworks của scope đã gắn framework | I53: Đăng nhập account Customer Admin | J53: 1. Mở màn Scopes 2. Đã gắn link Frameworks 3. Kiểm tra cột Frameworks | K53: - Mỗi framework một dòng dạng <tên> · <phiên bản>, ví dụ ISO/IEC 27001 · 2022 - Framework có tier thêm · <tier>, ví dụ Appendix 10 · 2022 · Medium | X53: UC-SCP-001
A54: 42 | E54: Cột Frameworks — chưa gắn | F54: Medium | G54: Scope_042 | H54: Kiểm tra cột Frameworks của scope chưa gắn framework | I54: Đăng nhập account Customer Admin; trên Scopes đã tạo abc (Organization) chưa gắn framework | J54: 1. Mở màn Scopes 2. Chưa gắn link Frameworks 3. Kiểm tra cột Frameworks của abc | K54: - Hiển thị: None linked yet | W54: Text theo Figma, prototype chưa có dữ liệu để đối chiếu → Q-S-13 | X54: UC-SCP-001
A55: 43 | E55: Cột Users | F55: Medium | G55: Scope_043 | H55: Kiểm tra cột Users khớp với màn chi tiết | I55: Đăng nhập account Customer Admin | J55: 1. Mở màn Scopes 2. Ghi số ở cột Users 3. Mở chi tiết, đếm số dòng ở khối Users | K55: - Hai số bằng nhau | W55: Có tính Customer Admin không → Q-S-12 | X55: UC-SCP-001
A56: 44 | E56: Cột Evidence coverage | F56: High | G56: Scope_044 | H56: Evidence coverage có nhiều framework | I56: Đăng nhập account Customer Admin | J56: 1. Mở màn hình Scopes 2. Tạo Frameworks với: - Framework A: 74/116; - Framework B: 6/31; - Framework C: 0/78 | K56: - Hiển thị Evidence coverage = (74+6+0)/(116+31+78) × 100 = 35.56% → 36% | X56: UC-RDN-004
A57: 45 | F57: High | G57: Scope_045 | H57: Evidence coverage có 2 framework | I57: Đăng nhập account Customer Admin | J57: 1. Mở màn hình Scopes 2. Tạo Frameworks với: - Framework A: 16/40; - Framework B: 38/61; | K57: - Hiển thị Evidence coverage = (16+38)/(40+61) × 100 = 53.47% → 53% | X57: UC-RDN-004
A58: 46 | F58: High | G58: Scope_046 | H58: Tất cả requirement đều có mandatory evidence | I58: Đăng nhập account Customer Admin | J58: 1. Mở màn hình Scopes 2. Tạo Frameworks với: - Framework A: 40/40; - Framework B: 61/61; | K58: - Hiển thị Evidence coverage = 101/101 × 100 = 100% | X58: UC-RDN-004
A59: 47 | F59: High | G59: Scope_047 | H59: Không có requirement nào có mandatory evidence | I59: Đăng nhập account Customer Admin | J59: 1. Mở màn hình Scopes 2. Tạo Frameworks với: - Framework A: 0/116; - Framework B: 0/31; | K59: - Hiển thị Evidence coverage = 0/147 × 100 = 0% | X59: UC-RDN-004
A60: 48 | F60: High | G60: Scope_048 | H60: Chỉ có 1 framework được gắn link | I60: Đăng nhập account Customer Admin | J60: 1. Mở màn hình Scopes 2. Tạo Frameworks với: - Framework A: 16/40; | K60: - Hiển thị Evidence coverage = 16/40 × 100 = 40% | X60: UC-RDN-004
A61: 49 | F61: High | G61: Scope_049 | H61: Một framework đạt 100%, một framework đạt 0% | I61: Đăng nhập account Customer Admin | J61: 1. Mở màn hình Scopes 2. Tạo Frameworks với: - Framework A: 40/40; - Framework B: 0/60; | K61: - Hiển thị Evidence coverage = 40/100 × 100 = 40% | W61: [ĐỀ XUẤT LÙI] RDN-004 0 giờ, LTS đề xuất Phase 2. Prototype: 54% = (74+6)/(116+31) → Q-S-11 | X61: UC-RDN-004
A62: 50 | F62: Medium | G62: Scope_050 | H62: Kiểm tra Evidence coverage khi scope chưa gắn framework nào | I62: Đăng nhập account Customer Admin | J62: 1. Mở màn hình Scopes 2. Kiểm tra cột Evidence coverage của scope chưa gắn framework | K62: - Hiển thị Evidence coverage:— | W62: Scope chưa gắn framework: cột Evidence coverage hiện —, 0% hay để trống → Q-S-13 | X62: UC-RDN-004
A63: 51 | F63: Medium | G63: Scope_051 | H63: Kiểm tra Evidence coverage khi phần thập phân đúng bằng .5 | I63: Đăng nhập account Customer Admin | J63: 1. Mở màn hình Scopes 2. Tạo Frameworks với: - Framework A: 1/8 | K63: - Hiển thị Evidence coverage = 1/8 × 100 = 12.5% → 13% | W63: 1/8 × 100 = 12.5%: hiển thị 12% hay 13% (cách làm tròn khi phần thập phân đúng bằng .5) → Q-S-11 | X63: UC-RDN-004
A64: 52 | F64: Medium | G64: Scope_052 | H64: Kiểm tra Evidence coverage khi kết quả trên 0% và dưới 0.5% | I64: Đăng nhập account Customer Admin | J64: 1. Mở màn hình Scopes 2. Tạo Frameworks với: - Framework A: 1/250 | K64: - Hiển thị Evidence coverage = 1/250 × 100 = 0.4% → 0%. | W64: 1/250 × 100 = 0.4%: làm tròn như các case trên thì ra 0% dù đã có 1 requirement đủ evidence; hiển thị 0%, 1% hay <1% → Q-S-11 | X64: UC-RDN-004
A65: 53 | F65: Medium | G65: Scope_053 | H65: Kiểm tra Evidence coverage khi kết quả từ 99.5% đến dưới 100% | I65: Đăng nhập account Customer Admin | J65: 1. Mở màn hình Scopes 2. Tạo Frameworks với: - Framework A: 249/250 | K65: - Hiển thị Evidence coverage = 249/250 × 100 = 99.6% → 100%. | W65: 249/250 × 100 = 99.6%: làm tròn như các case trên thì ra 100% dù còn 1 requirement chưa đủ evidence; hiển thị 100% hay 99% → Q-S-11 | X65: UC-RDN-004
A66: 54 | D66: Sắp xếp | E66: Thứ tự mặc định | F66: Medium | G66: Scope_054 | H66: Kiểm tra thứ tự mặc định của danh sách | I66: Đăng nhập account Customer Admin | J66: 1. Mở màn Scopes, kiểm tra thứ tự các dòng | K66: - Hiển thị theo thứ tự thời gian cũ nhất xuống mới nhất | W66: Mặc định sắp theo gì (prototype không theo tên) → Q-S-08 | X66: UC-SCP-001
A67: 55 | E67: Bấm lần 1 | F67: Medium | G67: Scope_055 | H67: Kiểm tra sắp xếp tăng dần theo tên | I67: Đăng nhập account Customer Admin | J67: 1. Mở màn Scopes 2. Bấm tiêu đề cột Scope | K67: - Các dòng xếp theo tên từ A đến Z | W67: Figma không có icon sắp xếp → Q-S-08 | X67: UC-SCP-001
A68: 56 | E68: Bấm lần 2 | F68: Medium | G68: Scope_056 | H68: Kiểm tra sắp xếp giảm dần theo tên | I68: Đăng nhập account Customer Admin | J68: 1. Mở màn Scopes 2. Bấm tiêu đề cột Scope hai lần | K68: - Các dòng xếp theo tên từ Z đến A | W68: Figma không có icon sắp xếp → Q-S-08 | X68: UC-SCP-001
A69: 57 | C69: Phân trang - Paging | D69: Hiển thị | E69: Mặc định | F69: Medium | G69: Scope_057 | H69: Kiểm tra dòng phân trang mặc định | I69: Đăng nhập account Customer Admin | J69: 1. Mở màn Scopes 2. Kiểm tra thông tin: Items per page | K69: - Hiển thị mặc định là 10 items | W69: Figma: 1–4 of 4 items · Page 1 of 1. Prototype: Items per page 10 · 1–4 of 4 items · [1] of 1 page · ‹ › → Q-S-09 | X69: UC-SCP-001
A70: 58 | E70: Các giá trị khác | F70: Medium | G70: Scope_058 | H70: Kiểm tra các giá trị trong Items per page | I70: Đăng nhập account Customer Admin | J70: 1. Mở màn Scopes 2. Click vào Items per page 3. Kiểm tra hiển thị | K70: - Hiển thị các giá trị: + 10 items + 25 items + 50 items + 100 items | X70: UC-SCP-001
A71: 59 | D71: Đổi số dòng | E71: Chọn giá trị khác | F71: Medium | G71: Scope_059 | H71: Kiểm tra đổi số dòng mỗi trang | I71: Đăng nhập Customer Admin của tenant có từ 11 scope trở lên | J71: 1. Mở màn Scopes 2. Mở Items per page 3. Chọn 25 | K71: - Hiển thị đủ 11 items trên bảng dữ liệu | W71: Có chọn số dòng không; giá trị 10/25/50/100 theo prototype → Q-S-09 | X71: UC-SCP-001
A72: 60 | D72: Chuyển trang | E72: Chỉ có một trang | F72: Low | G72: Scope_060 | H72: Kiểm tra nút chuyển trang khi chỉ có một trang | I72: Đăng nhập account Customer Admin | J72: 1. Mở màn Scopes 2. Kiểm tra hai nút ‹ › | K72: - Cả hai nút ở trạng thái không bấm được | X72: UC-SCP-001
A73: 61 | E73: Sang trang 2 | F73: Medium | G73: Scope_061 | H73: Kiểm tra chuyển sang trang 2 | I73: Đăng nhập Customer Admin của tenant có từ 11 scope trở lên | J73: 1. Mở màn Scopes 2. Bấm nút › | K73: - Bảng hiển thị từ scope thứ 11 - Dòng phân trang: 11–<n> of <n> items | W73: Số dòng mỗi trang mặc định → Q-S-09 | X73: UC-SCP-001
A74: 62 | B74: Chi tiết scope - Scope detail | C74: Phần đầu - Header | D74: Hiển thị | E74: Các thành phần | F74: High | G74: Scope_062 | H74: Kiểm tra phần đầu màn chi tiết | I74: Đăng nhập account Customer Admin | J74: 1. Mở chi tiết scope Organization (bấm tên scope ở màn Scopes) 2. Kiểm tra phần đầu trang, từ trái sang phải | K74: - Nút quay lại ← - Tiêu đề: tên scope - Dòng phụ: Organization scope · [Tên Organization] - Nhãn Active - Nút ⋮ ở góc phải | W74: Ngoài Active còn trạng thái nào → Q-S-14 | X74: UC-SCP-002
A75: 63 | E75: Dòng phụ theo loại | F75: Medium | G75: Scope_063 | H75: Kiểm tra dòng phụ theo loại scope Organization | I75: Đăng nhập account Customer Admin | J75: 1. Mở chi tiết scope Organization | K75: - Hiển thị title: Organization scope · [Tên Organization] | X75: UC-SCP-002
A76: 64 | F76: Medium | G76: Scope_064 | H76: Kiểm tra dòng phụ theo loại scope Product | I76: Đăng nhập account Customer Admin | J76: 1. Mở chi tiết scope Product | K76: - Hiển thị title: Product scope · [Tên Organization] | X76: UC-SCP-002
A77: 65 | F77: Medium | G77: Scope_065 | H77: Kiểm tra dòng phụ theo loại scope System | I77: Đăng nhập account Customer Admin | J77: 1. Mở chi tiết scope System | K77: - Hiển thị title: System scope · [Tên Organization] | X77: UC-SCP-002
A78: 66 | D78: Nút quay lại | E78: Bấm ← | F78: Medium | G78: Scope_066 | H78: Kiểm tra nút quay lại | I78: Đăng nhập account Customer Admin | J78: 1. Mở chi tiết scope (bấm tên scope ở màn Scopes) 2. Bấm nút ← | K78: - Quay về màn Scopes | X78: UC-SCP-002
A79: 67 | D79: Menu ⋮ | E79: Các mục | F79: Medium | G79: Scope_067 | H79: Kiểm tra menu ⋮ của scope | I79: Đăng nhập account Customer Admin | J79: 1. Mở chi tiết scope (bấm tên scope ở màn Scopes) 2. Bấm nút ⋮ | K79: - Menu chỉ có một mục: Edit scope | W79: Không có Archive, Delete: SCP-005 lùi Phase 2, nhưng WBS CP-06 ghi CRUD → Q-S-14 | X79: UC-SCP-004
A80: 68 | E80: Bấm Edit scope | F80: Medium | G80: Scope_068 | H80: Kiểm tra mục Edit scope trong menu ⋮ | I80: Đăng nhập account Customer Admin | J80: 1. Mở chi tiết scope (bấm tên scope ở màn Scopes) 2. Bấm nút ⋮ 3. Bấm Edit scope | K80: - Mở hộp thoại Edit scope | W80: Figma không có frame sửa scope → Q-S-15 | X80: UC-SCP-004
A81: 69 | C81: Điều hướng trong màn - Section nav | D81: Hiển thị | E81: Ba mục | F81: Low | G81: Scope_069 | H81: Kiểm tra cột điều hướng bên trái | I81: Đăng nhập account Customer Admin | J81: 1. Mở chi tiết scope (bấm tên scope ở màn Scopes) 2. Kiểm tra cột bên trái | K81: - Ba mục theo thứ tự: + Overview + Frameworks + Users - Mục Overview được tô nền khi mới mở | X81: UC-SCP-002
A82: 70 | D82: Bấm mục | E82: Frameworks, Users | F82: Low | G82: Scope_070 | H82: Kiểm tra bấm mục trong cột điều hướng | I82: Đăng nhập account Customer Admin | J82: 1. Mở chi tiết scope (bấm tên scope ở màn Scopes) 2. Bấm Frameworks 3. Bấm Users | K82: - Sau bước 2: trang cuộn tới khối Frameworks - Sau bước 3: trang cuộn tới khối Users | X82: UC-SCP-002
A83: 71 | C83: Tổng quan - Overview | D83: Hiển thị | E83: Scope Organization | F83: High | G83: Scope_071 | H83: Kiểm tra khối Overview của scope Organization | I83: Đăng nhập account Customer Admin; scope Organization đã có scope System thuộc về | J83: 1. Mở chi tiết scope Organization 2. Kiểm tra khối số 1 Overview | K83: - Tiêu đề khối: Overview, có nút Edit - Type: Organization - Contains: [System] (system) - In scope: [What is in scope] - Out of scope: [What is out of scope] | X83: UC-SCP-002
A84: 72 | E84: Scope Product | F84: Medium | G84: Scope_072 | H84: Kiểm tra khối Overview của scope Product | I84: Đăng nhập account Customer Admin; scope Product đã có scope System thuộc về | J84: 1. Mở chi tiết scope Product 2. Kiểm tra khối số 1 Overview | K84: - Type: Product - Contains: [System] (system) - In scope: [What is in scope] - Out of scope: [What is out of scope] | X84: UC-SCP-002
A85: 73 | E85: Scope System | F85: High | G85: Scope_073 | H85: Kiểm tra khối Overview của scope System | I85: Đăng nhập account Customer Admin; scope System đã chọn Belongs to organisation: [Organization], Belongs to product (optional): [Product] | J85: 1. Mở chi tiết scope System 2. Kiểm tra khối số 1 Overview | K85: - Type: System - Không có trường Contains - Belongs to: [Organization], [Product] - In scope: [What is in scope] - Out of scope: [What is out of scope] | X85: UC-SCP-002
A86: 74 | E86: Trường không có dữ liệu | F86: Low | G86: Scope_074 | H86: Kiểm tra trường không có dữ liệu | I86: Đăng nhập account Customer Admin; scope Product chưa có scope System thuộc về, What is out of scope (optional) để trống | J86: 1. Mở chi tiết scope Product 2. Kiểm tra khối số 1 Overview | K86: - Contains: — - Out of scope: — | X86: UC-SCP-002
A87: 75 | C87: Sửa scope - Edit scope | D87: Mở hộp thoại | E87: Bấm Edit | F87: High | G87: Scope_075 | H87: Kiểm tra mở hộp thoại Edit scope | I87: Đăng nhập account Customer Admin | J87: 1. Mở chi tiết scope (bấm tên scope ở màn Scopes) 2. Bấm nút Edit ở khối Overview | K87: - Mở hộp thoại Edit scope, có nút đóng × - Các trường điền sẵn giá trị hiện tại: + Name * + What is in scope * + What is out of scope (optional) - Không có trường Type, Belongs to - Có nút Cancel và nút Save | W87: Figma không có frame sửa scope; không cho đổi Type, Belongs to có đúng chủ ý → Q-S-15 | X87: UC-SCP-004
A88: 76 | D88: Không thành công | E88: Xoá trống Name | F88: High | G88: Scope_076 | H88: Kiểm tra lưu khi xoá trống Name | I88: Đăng nhập account Customer Admin | J88: 1. Mở chi tiết scope (bấm tên scope ở màn Scopes) 2. Mở Edit scope 3. Xoá hết Name 4. Bấm Save | K88: - Không lưu, hộp thoại vẫn mở - Hiện lỗi tại Name: "Enter a name." | W88: Text lỗi nguyên văn → Q-S-05 | X88: UC-SCP-004
A89: 77 | E89: Xoá trống What is in scope | F89: High | G89: Scope_077 | H89: Kiểm tra lưu khi xoá trống What is in scope | I89: Đăng nhập account Customer Admin | J89: 1. Mở chi tiết scope (bấm tên scope ở màn Scopes) 2. Mở Edit scope 3. Xoá hết What is in scope 4. Bấm Save | K89: - Không lưu, hộp thoại vẫn mở - Hiện lỗi tại What is in scope: "Describe what is in scope." | W89: Text lỗi nguyên văn → Q-S-05 | X89: UC-SCP-004
A90: 78 | E90: Trùng tên scope khác | F90: Medium | G90: Scope_078 | H90: Kiểm tra đổi Name trùng tên scope khác | I90: Đăng nhập account Customer Admin | J90: 1. Mở chi tiết scope (bấm tên scope ở màn Scopes) 2. Mở Edit scope 3. Đổi Name thành tên của một scope khác đang có 4. Bấm Save | K90: - Không lưu, hộp thoại vẫn mở - Hiện lỗi tại Name: "A scope with this name already exists." | W90: Chặn hay cho phép trùng tên → Q-S-05 | X90: UC-SCP-004
A91: 79 | E91: Bấm Cancel | F91: Medium | G91: Scope_079 | H91: Kiểm tra huỷ sửa scope | I91: Đăng nhập account Customer Admin | J91: 1. Mở chi tiết scope (bấm tên scope ở màn Scopes) 2. Mở Edit scope, đổi Name 3. Bấm Cancel | K91: - Hộp thoại đóng - Tiêu đề và khối Overview giữ giá trị cũ | X91: UC-SCP-004
A92: 80 | E92: Scope đang có audit | F92: High | G92: Scope_080 | H92: Kiểm tra sửa scope khi đang có audit | I92: Đăng nhập account Customer Admin; scope đang có audit chạy trên một framework | J92: 1. Mở chi tiết scope đang có audit 2. Bấm nút Edit ở khối Overview | K92: - Không mở hộp thoại Edit scope - Hiện thông báo: "The scope can't be edited while an audit is running." | W92: Quy tắc và text lấy từ prototype, UC không ghi → Q-S-16 | X92: UC-SCP-004
A93: 81 | D93: Thành công | E93: Đổi Name — tiêu đề chi tiết | F93: High | G93: Scope_081 | H93: Kiểm tra tên mới ở màn chi tiết sau khi sửa | I93: Đăng nhập account Customer Admin | J93: 1. Mở chi tiết scope (bấm tên scope ở màn Scopes) 2. Mở Edit scope 3. Đổi Name thành: abc1 4. Bấm Save | K93: - Hộp thoại đóng - Tiêu đề trang đổi thành abc1 | X93: UC-SCP-004
A94: 82 | E94: Đổi Name — danh sách | F94: High | G94: Scope_082 | H94: Kiểm tra tên mới ở màn danh sách | I94: Đăng nhập account Customer Admin | J94: 1. Mở chi tiết scope (bấm tên scope ở màn Scopes) 2. Mở Edit scope 3. Đổi Name thành: abc1 4. Bấm Save 5. Bấm nút ← để về màn Scopes 6. Kiểm tra dòng của scope vừa sửa | K94: - Cột Scope hiển thị tên mới: abc1 | X94: UC-SCP-004
A95: 83 | E95: Sửa In scope, Out of scope | F95: Medium | G95: Scope_083 | H95: Kiểm tra sửa In scope và Out of scope | I95: Đăng nhập account Customer Admin | J95: 1. Mở chi tiết scope (bấm tên scope ở màn Scopes) 2. Mở Edit scope 3. Sửa - What is in scope: abc1 - What is out of scope (optional): xoá trống 4. Bấm Save | K95: - Hộp thoại đóng - Khối Overview: + In scope: abc1 + Out of scope: — | X95: UC-SCP-004
A96: 84 | C96: Khối Frameworks - Frameworks | D96: Trạng thái rỗng | E96: Chưa gắn framework | F96: Medium | G96: Scope_084 | H96: Kiểm tra khối Frameworks khi scope chưa gắn framework | I96: Đăng nhập account Customer Admin | J96: 1. Mở chi tiết scope chưa gắn framework 2. Kiểm tra khối số 2 Frameworks | K96: - Hiển thị title: "No framework linked yet. Link one to create a workspace and start collecting evidence." | W96: Khối Frameworks khi chưa gắn framework hiển thị gì → Q-S-13 | X96: UC-SCP-002
A97: 85 | D97: Hiển thị | E97: Tiêu đề khối và cột | F97: High | G97: Scope_085 | H97: Kiểm tra khối Frameworks | I97: Đăng nhập account Customer Admin | J97: 1. Mở chi tiết scope đã gắn framework 2. Kiểm tra khối số 2 Frameworks | K97: - Tiêu đề: Frameworks - Mô tả: Each framework gets its own workspace - Có nút gắn framework - Bảng 4 cột theo thứ tự: + Framework · version + Tier + Coverage + Status | W97: Nhãn nút: Figma 'Link framework', prototype '+ Link framework' → Q-S-03 | X97: UC-SCP-002
A98: 86 | E98: Cột Framework · version | F98: Medium | G98: Scope_086 | H98: Kiểm tra cột Framework · version | I98: Đăng nhập account Customer Admin | J98: 1. Mở chi tiết scope đã gắn framework 2. Kiểm tra cột đầu của bảng ở khối Frameworks | K98: - Mỗi dòng dạng <tên framework> · <phiên bản>, ví dụ ISO/IEC 27001 · 2022 - Tên framework dạng liên kết | X98: UC-SCP-002
A99: 87 | E99: Cột Tier | F99: High | G99: Scope_087 | H99: Kiểm tra cột Tier của framework có tier | I99: Đăng nhập account Customer Admin | J99: 1. Mở chi tiết scope đã gắn framework có tier 2. Kiểm tra cột Tier của framework đó | K99: - Hiển thị tier hiện tại của framework | W99: Prototype ghi 'Medium · 中' ở đây nhưng 'Medium' ở danh sách và Summary; tier có phải 'obligation level' của SCP-002 → Q-S-17 | X99: UC-SCP-002
A100: 88 | F100: Medium | G100: Scope_088 | H100: Kiểm tra cột Tier của framework không phân tier | I100: Đăng nhập account Customer Admin | J100: 1. Mở chi tiết scope đã gắn framework không phân tier 2. Kiểm tra cột Tier của framework đó | K100: - Hiển thị: No tiers | X100: UC-SCP-002
A101: 89 | E101: Cột Coverage | F101: High | G101: Scope_089 | H101: Kiểm tra cột Coverage khi kết quả phải làm tròn lên | I101: Đăng nhập account Customer Admin | J101: 1. Mở chi tiết scope 2. Tạo Frameworks với: - Framework A: 74/116 3. Kiểm tra cột Coverage của Framework A | K101: - Hiển thị Coverage = 74/116 × 100 = 63.79% → 64% | W101: [ĐỀ XUẤT LÙI] RDN-004. Cách tính và làm tròn lấy theo cột Evidence coverage ở danh sách; prototype hiện <%> + thanh tiến trình + <đã có>/<tổng> → Q-S-11 | X101: UC-RDN-004
A102: 90 | F102: Medium | G102: Scope_090 | H102: Kiểm tra cột Coverage khi kết quả phải làm tròn xuống | I102: Đăng nhập account Customer Admin | J102: 1. Mở chi tiết scope 2. Tạo Frameworks với: - Framework A: 6/31 3. Kiểm tra cột Coverage của Framework A | K102: - Hiển thị Coverage = 6/31 × 100 = 19.35% → 19% | W102: [ĐỀ XUẤT LÙI] RDN-004. Cách tính và làm tròn lấy theo cột Evidence coverage ở danh sách; prototype hiện <%> + thanh tiến trình + <đã có>/<tổng> → Q-S-11 | X102: UC-RDN-004
A103: 91 | F103: Medium | G103: Scope_091 | H103: Kiểm tra cột Coverage khi chưa requirement nào đủ evidence | I103: Đăng nhập account Customer Admin | J103: 1. Mở chi tiết scope 2. Tạo Frameworks với: - Framework A: 0/78 3. Kiểm tra cột Coverage của Framework A | K103: - Hiển thị Coverage = 0/78 × 100 = 0% | W103: [ĐỀ XUẤT LÙI] RDN-004. Cách tính và làm tròn lấy theo cột Evidence coverage ở danh sách; prototype hiện <%> + thanh tiến trình + <đã có>/<tổng> → Q-S-11 | X103: UC-RDN-004
A104: 92 | F104: Medium | G104: Scope_092 | H104: Kiểm tra cột Coverage khi mọi requirement đều đủ evidence | I104: Đăng nhập account Customer Admin | J104: 1. Mở chi tiết scope 2. Tạo Frameworks với: - Framework A: 61/61 3. Kiểm tra cột Coverage của Framework A | K104: - Hiển thị Coverage = 61/61 × 100 = 100% | W104: [ĐỀ XUẤT LÙI] RDN-004. Cách tính và làm tròn lấy theo cột Evidence coverage ở danh sách; prototype hiện <%> + thanh tiến trình + <đã có>/<tổng> → Q-S-11 | X104: UC-RDN-004
...

Sheet Frameworks
B3: Function Name | C3: FWK-L0001_Quản lý framework | K3: Round | L3: Total | M3: Passed | N3: Failed | O3: Pending | P3: Blocked | Q3: NA | R3: Not execute
B4: Screen Name | C4: Frameworks · SGS Portal | K4: Round 1 | L4: =COUNTA($G$13:$G$178) | M4: =COUNTIF($M$13:$M$178,M3) | N4: =COUNTIF($M$13:$M$178,N3) | O4: =COUNTIF($M$13:$M$178,O3) | P4: =COUNTIF($M$13:$M$178,P3) | Q4: =COUNTIF($M$13:$M$178,Q3) | R4: =L4-SUM(M4:Q4)
B5: Creator | C5: Hanna | M5: =M4/$L$4 | N5: =N4/$L$4 | O5: =O4/$L$4 | P5: =P4/$L$4 | Q5: =Q4/$L$4 | R5: =R4/$L$4
B6: Created date | C6: 08/10/2026 | K6: Round 2 | L6: =COUNTA($G$13:$G$178) | M6: =COUNTIF($R$13:$R$178,M3) | N6: =COUNTIF($R$13:$R$178,N3) | O6: =COUNTIF($R$13:$R$178,O3) | P6: =COUNTIF($R$13:$R$178,P3) | Q6: =COUNTIF($R$13:$R$178,Q3) | R6: =L6-SUM(M6:Q6)
B7: Reference | C7: Figma SGS-DTP-DS · Screens 04 Frameworks · prototype · UC v4 FWK-01…07 | M7: =M6/$L$6 | N7: =N6/$L$6 | O7: =O6/$L$6 | P7: =P6/$L$6 | Q7: =Q6/$L$6 | R7: =R6/$L$6
M10: Round 1 | R10: Round 2
B11: Classification | F11: Priority | G11: TVP_ID | H11: Test case name/ Test view point | I11: Pre-condition | J11: Step | K11: Expected result | L11: Dev test | M11: Result | N11: Test person | O11: Test date | P11: Bug_ID | Q11: Remark | R11: Result | S11: Test person | T11: Test date | U11: Bug_ID | V11: Remark | W11: Open question | X11: UC
A12: No. | B12: I | C12: II | D12: III | E12: IV
A13: 1 | B13: Điều hướng - Redirect | C13: Vào danh sách - Framework list | D13: Từ menu | E13: Bấm Frameworks ở menu trái | F13: High | G13: Framework_001 | H13: Kiểm tra vào màn Frameworks từ menu trái | I13: Đăng nhập account SGS Admin | J13: 1. Bấm mục Frameworks ở menu trái | K13: - Chuyển sang màn Frameworks - Breadcrumb: Frameworks - Mục Frameworks ở menu trái được tô nền | X13: FWK-01
A14: 2 | D14: Bằng URL | E14: Đã đăng nhập | F14: Medium | G14: Framework_002 | H14: Kiểm tra mở màn Frameworks bằng URL | I14: Đăng nhập account SGS Admin | J14: 1. Mở thẳng url của màn Frameworks | K14: - Hiển thị màn Frameworks - Mục Frameworks ở menu trái được tô nền | X14: FWK-01
A15: 3 | C15: Vào chi tiết - Framework detail | D15: Từ danh sách | E15: Bấm tên framework Active | F15: High | G15: Framework_003 | H15: Kiểm tra mở chi tiết framework Active từ danh sách | I15: Đăng nhập account SGS Admin; có [Framework Active] | J15: 1. Mở màn Frameworks 2. Bấm tên [Framework Active] ở cột Framework | K15: - Chuyển sang màn chi tiết của [Framework Active] - Mục Overview ở cột bên trái được tô nền | X15: FWK-02
A16: 4 | E16: Bấm tên framework Draft | F16: High | G16: Framework_004 | H16: Kiểm tra mở bản nháp từ danh sách | I16: Đăng nhập account SGS Admin; có [Framework Draft] | J16: 1. Mở màn Frameworks 2. Bấm tên [Framework Draft] ở cột Framework | K16: - Chuyển sang màn bản nháp của [Framework Draft] - Cạnh tên framework có nhãn Draft · not active | X16: FWK-02
A17: 5 | D17: Bằng URL | E17: Mã framework hợp lệ | F17: Medium | G17: Framework_005 | H17: Kiểm tra mở chi tiết framework bằng URL | I17: Đăng nhập account SGS Admin; có [Framework Active] | J17: 1. Mở thẳng url chi tiết của [Framework Active] | K17: - Hiển thị màn chi tiết của [Framework Active] | X17: FWK-02
A18: 6 | E18: Mã framework không tồn tại | F18: Medium | G18: Framework_006 | H18: Kiểm tra mở chi tiết bằng mã framework không tồn tại | I18: Đăng nhập account SGS Admin | J18: 1. Mở url chi tiết framework với mã không tồn tại | K18: - Hiển thị thông báo: "This framework doesn’t exist It may have been removed, or it belongs to an organisation you can’t see." | X18: FWK-02
A19: 7 | B19: Danh sách framework - Framework list | C19: Tiêu đề trang - Title | D19: Hiển thị | E19: Breadcrumb, tiêu đề, mô tả | F19: Medium | G19: Framework_007 | H19: Kiểm tra phần đầu màn Frameworks | I19: Đăng nhập account SGS Admin | J19: 1. Mở màn Frameworks 2. Kiểm tra phần đầu trang | K19: - Breadcrumb: Frameworks - Tiêu đề: Frameworks - Mô tả: "Frameworks customers can activate on their scopes. Import one from the Excel template." | X19: FWK-01
A20: 8 | C20: Nhập framework - Import framework | D20: Hiển thị | E20: Nút Import framework | F20: High | G20: Framework_008 | H20: Kiểm tra hiển thị nút Import framework | I20: Đăng nhập account SGS Admin | J20: 1. Mở màn Frameworks 2. Kiểm tra góc trên bên phải | K20: - Có nút Import framework | X20: FWK-03
A21: 9 | E21: Nút Download template | F21: Medium | G21: Framework_009 | H21: Kiểm tra hiển thị nút Download template | I21: Đăng nhập account SGS Admin | J21: 1. Mở màn Frameworks 2. Kiểm tra góc trên bên phải | K21: - Có nút Download template | X21: FWK-03
A22: 10 | D22: Mở hộp thoại | E22: Bấm Import framework | F22: High | G22: Framework_010 | H22: Kiểm tra mở hộp thoại Import a framework | I22: Đăng nhập account SGS Admin | J22: 1. Mở màn Frameworks 2. Bấm Import framework | K22: - Mở hộp thoại tiêu đề Import a framework, có nút đóng × - Có nút Cancel và nút Check file | X22: FWK-03
A23: 11 | E23: Bước 1 - tải file mẫu | F23: Medium | G23: Framework_011 | H23: Kiểm tra nội dung bước 1 của hộp thoại Import a framework | I23: Đăng nhập account SGS Admin | J23: 1. Mở màn Frameworks 2. Bấm Import framework 3. Kiểm tra bước 1 | K23: - Tiêu đề bước: Download the template and fill it in - Mô tả: "One file = one framework version. A new version of an existing framework (same code, different version) is added as its own entry. Sheets: Framework (one row), Tiers (leave empty if the framework has no tiers), Requirements, Expected_Evidence." - Có nút Download template (.xlsx) | W23: UC FWK-03 ghi file có EN và ZH; file mẫu ver 1 (18/09) không có sheet Tiers → Q-F-06 | X23: FWK-03
A24: 12 | E24: Bước 2 - tải file lên | F24: Medium | G24: Framework_012 | H24: Kiểm tra nội dung bước 2 của hộp thoại Import a framework | I24: Đăng nhập account SGS Admin | J24: 1. Mở màn Frameworks 2. Bấm Import framework 3. Kiểm tra bước 2 | K24: - Tiêu đề bước: Upload the completed file - Trường Framework file * có vùng kéo thả: "Drag files here or browse." - Dòng gợi ý: "Excel (.xlsx) · up to 20 MB · checked before anything is saved" | X24: FWK-03
A25: 13 | D25: Tải file mẫu | E25: Từ hộp thoại | F25: Medium | G25: Framework_013 | H25: Kiểm tra tải file mẫu trong hộp thoại Import a framework | I25: Đăng nhập account SGS Admin | J25: 1. Mở màn Frameworks 2. Bấm Import framework 3. Bấm Download template (.xlsx) | K25: - Tải về file mẫu dạng .xlsx | W25: File mẫu tải về có đúng tên SGS_DTP_Framework_Import_Template.xlsx và nội dung không? (prototype chỉ hiện thông báo, không có file thật) → Q-F-06 | X25: FWK-03
A26: 14 | E26: Từ đầu danh sách | F26: Medium | G26: Framework_014 | H26: Kiểm tra tải file mẫu bằng nút Download template | I26: Đăng nhập account SGS Admin | J26: 1. Mở màn Frameworks 2. Bấm Download template | K26: - Tải về file mẫu dạng .xlsx | W26: File mẫu tải về có đúng tên SGS_DTP_Framework_Import_Template.xlsx và nội dung không? (prototype chỉ hiện thông báo, không có file thật) → Q-F-06 | X26: FWK-03
A27: 15 | E27: Nội dung file mẫu | F27: High | G27: Framework_015 | H27: Kiểm tra các sheet của file mẫu | I27: Đăng nhập account SGS Admin | J27: 1. Mở màn Frameworks 2. Bấm Download template 3. Mở file vừa tải | K27: - File có các sheet: + Framework + Tiers + Requirements + Expected_Evidence | W27: Hộp thoại ghi 4 sheet; file mẫu ver 1 trên SharePoint (18/09) không có Tiers, không có cột tiếng Trung như UC ghi → Q-F-06 | X27: FWK-03
A28: 16 | D28: Chọn file | E28: Bấm browse | F28: High | G28: Framework_016 | H28: Kiểm tra chọn file .xlsx bằng browse | I28: Đăng nhập account SGS Admin; có [file hợp lệ]: file .xlsx điền theo file mẫu, không có lỗi | J28: 1. Mở màn Frameworks 2. Bấm Import framework 3. Bấm browse, chọn [file hợp lệ] | K28: - Dưới vùng kéo thả có dòng file gồm: + Tên file + Dung lượng + Dấu tích xanh + Nút × | X28: FWK-03
A29: 17 | E29: Kéo thả | F29: Medium | G29: Framework_017 | H29: Kiểm tra chọn file .xlsx bằng kéo thả | I29: Đăng nhập account SGS Admin; có [file hợp lệ]: file .xlsx điền theo file mẫu, không có lỗi | J29: 1. Mở màn Frameworks 2. Bấm Import framework 3. Kéo [file hợp lệ] thả vào vùng Drag files here | K29: - Dưới vùng kéo thả có dòng file gồm: + Tên file + Dung lượng + Dấu tích xanh + Nút × | X29: FWK-03
A30: 18 | E30: Bấm × ở dòng file | F30: Medium | G30: Framework_018 | H30: Kiểm tra bỏ file đã chọn | I30: Đăng nhập account SGS Admin; có [file hợp lệ]: file .xlsx điền theo file mẫu, không có lỗi | J30: 1. Mở màn Frameworks 2. Bấm Import framework 3. Chọn [file hợp lệ] 4. Bấm × ở dòng file | K30: - Dòng file biến mất - Vùng kéo thả vẫn hiển thị | X30: FWK-03
A31: 19 | E31: Chọn file khác khi đã có file | F31: Low | G31: Framework_019 | H31: Kiểm tra chọn file thứ hai khi đã chọn một file | I31: Đăng nhập account SGS Admin | J31: 1. Mở màn Frameworks 2. Bấm Import framework 3. Chọn file abc.xlsx 4. Chọn tiếp file abc1.xlsx | W31: Chọn file thứ hai khi đã có file: thay file cũ, thêm file hay báo lỗi? Figma ghi One file = one framework version → Q-F-14 | X31: FWK-03
A32: 20 | E32: File đúng 20 MB | F32: Medium | G32: Framework_020 | H32: Kiểm tra chọn file có dung lượng đúng 20 MB | I32: Đăng nhập account SGS Admin | J32: 1. Mở màn Frameworks 2. Bấm Import framework 3. Chọn file .xlsx có dung lượng đúng 20 MB | K32: - Chọn được file, dòng file có dấu tích xanh - Không có thông báo lỗi | W32: Hệ thống tính 1 MB = 1.048.576 byte; giới hạn 20 MB tính theo cách này hay 1.000.000 byte → Q-F-14 | X32: FWK-03
A33: 21 | D33: Không thành công | E33: Chưa chọn file | F33: High | G33: Framework_021 | H33: Kiểm tra bấm Check file khi chưa chọn file | I33: Đăng nhập account SGS Admin | J33: 1. Mở màn Frameworks 2. Bấm Import framework 3. Bấm Check file khi chưa chọn file | K33: - Không kiểm file, hộp thoại vẫn mở - Hiện lỗi dưới trường Framework file: "Choose the completed Excel file." | X33: FWK-03
A34: 22 | E34: File không phải .xlsx | F34: High | G34: Framework_022 | H34: Kiểm tra import file không phải .xlsx | I34: Đăng nhập account SGS Admin | J34: 1. Mở màn Frameworks 2. Bấm Import framework 3. Kéo file abc.pdf thả vào vùng Drag files here 4. Bấm Check file | K34: - Không import, hộp thoại hiện thông báo lỗi: "1 error in abc.pdf" "Nothing was imported. Fix these rows in Excel and upload the file again." - Bảng lỗi có dòng với Problem: "Only Excel (.xlsx) files made from the template can be imported." | X34: FWK-03
A35: 23 | E35: File lớn hơn 20 MB | F35: High | G35: Framework_023 | H35: Kiểm tra chọn file lớn hơn 20 MB | I35: Đăng nhập account SGS Admin | J35: 1. Mở màn Frameworks 2. Bấm Import framework 3. Chọn file .xlsx có dung lượng lớn hơn 20 MB | K35: - Dòng file báo lỗi: "File is larger than 20 MB." | X35: FWK-03
A36: 24 | E36: Hai dòng ở sheet Framework | F36: High | G36: Framework_024 | H36: Kiểm tra import file có hai dòng ở sheet Framework | I36: Đăng nhập account SGS Admin; có [file hợp lệ]: file .xlsx điền theo file mẫu, không có lỗi | J36: 1. Mở màn Frameworks 2. Bấm Import framework 3. Chọn [file hợp lệ] đã sửa: - Sheet Framework có 2 dòng dữ liệu 4. Bấm Check file | K36: - Không import, hộp thoại hiện bảng lỗi - Bảng lỗi có dòng của sheet Framework | W36: Chữ hiển thị ở cột Row, Column, Problem của dòng lỗi này là gì? → Q-F-14 | X36: FWK-03
A37: 25 | E37: Bỏ trống framework_code | F37: High | G37: Framework_025 | H37: Kiểm tra import file bỏ trống framework_code | I37: Đăng nhập account SGS Admin; có [file hợp lệ]: file .xlsx điền theo file mẫu, không có lỗi | J37: 1. Mở màn Frameworks 2. Bấm Import framework 3. Chọn [file hợp lệ] đã sửa: - Sheet Framework: framework_code để trống 4. Bấm Check file | K37: - Không import, hộp thoại hiện bảng lỗi - Bảng lỗi có dòng của sheet Framework | W37: Chữ hiển thị ở cột Row, Column, Problem của dòng lỗi này là gì? → Q-F-14 | X37: FWK-03
A38: 26 | E38: Bỏ trống framework_name | F38: High | G38: Framework_026 | H38: Kiểm tra import file bỏ trống framework_name | I38: Đăng nhập account SGS Admin; có [file hợp lệ]: file .xlsx điền theo file mẫu, không có lỗi | J38: 1. Mở màn Frameworks 2. Bấm Import framework 3. Chọn [file hợp lệ] đã sửa: - Sheet Framework: framework_name để trống 4. Bấm Check file | K38: - Không import, hộp thoại hiện bảng lỗi - Bảng lỗi có dòng của sheet Framework | W38: Chữ hiển thị ở cột Row, Column, Problem của dòng lỗi này là gì? → Q-F-14 | X38: FWK-03
A39: 27 | E39: Bỏ trống version | F39: High | G39: Framework_027 | H39: Kiểm tra import file bỏ trống version | I39: Đăng nhập account SGS Admin; có [file hợp lệ]: file .xlsx điền theo file mẫu, không có lỗi | J39: 1. Mở màn Frameworks 2. Bấm Import framework 3. Chọn [file hợp lệ] đã sửa: - Sheet Framework: version để trống 4. Bấm Check file | K39: - Không import, hộp thoại hiện bảng lỗi - Bảng lỗi có dòng của sheet Framework | W39: Chữ hiển thị ở cột Row, Column, Problem của dòng lỗi này là gì? → Q-F-14 | X39: FWK-03
A40: 28 | E40: effective_date sai định dạng | F40: Medium | G40: Framework_028 | H40: Kiểm tra import file có effective_date không phải ngày | I40: Đăng nhập account SGS Admin; có [file hợp lệ]: file .xlsx điền theo file mẫu, không có lỗi | J40: 1. Mở màn Frameworks 2. Bấm Import framework 3. Chọn [file hợp lệ] đã sửa: - Sheet Framework: effective_date: 2026-13-45 4. Bấm Check file | K40: - Không import, hộp thoại hiện bảng lỗi - Bảng lỗi có dòng của sheet Framework | W40: File mẫu ghi Must be a valid date or left blank; Chữ hiển thị ở cột Row, Column, Problem của dòng lỗi này là gì? → Q-F-14 | X40: FWK-03
A41: 29 | E41: requirement_code bị trùng | F41: High | G41: Framework_029 | H41: Kiểm tra import file có requirement_code bị trùng | I41: Đăng nhập account SGS Admin; có [file hợp lệ]: file .xlsx điền theo file mẫu, không có lỗi | J41: 1. Mở màn Frameworks 2. Bấm Import framework 3. Chọn [file hợp lệ] đã sửa: - Sheet Requirements: dòng 40 và dòng 41 cùng requirement_code R.9.4.2 4. Bấm Check file | K41: - Không import, hộp thoại hiện bảng lỗi - Bảng lỗi có dòng: + Sheet: Requirements + Row: 41 + Column: requirement_code + Problem: nêu mã R.9.4.2 được dùng hai lần ở dòng 40 và 41 | W41: Chữ hiển thị ở các cột Row, Column, Problem của dòng lỗi này là gì? → Q-F-14 | X41: FWK-03
A42: 30 | E42: parent_requirement_code không tồn tại | F42: High | G42: Framework_030 | H42: Kiểm tra import file có mã cha không tồn tại | I42: Đăng nhập account SGS Admin; có [file hợp lệ]: file .xlsx điền theo file mẫu, không có lỗi | J42: 1. Mở màn Frameworks 2. Bấm Import framework 3. Chọn [file hợp lệ] đã sửa: - Sheet Requirements: dòng 24 có parent_requirement_code R.9.9, sheet không có dòng nào mã R.9.9 4. Bấm Check file | K42: - Không import, hộp thoại hiện bảng lỗi - Bảng lỗi có dòng: + Sheet: Requirements + Row: 24 + Column: parent_requirement_code + Problem: nêu mã R.9.9 không tồn tại | W42: Chữ hiển thị ở các cột Row, Column, Problem của dòng lỗi này là gì? → Q-F-14 | X42: FWK-03
A43: 31 | E43: Requirement là cha của chính nó | F43: Medium | G43: Framework_031 | H43: Kiểm tra import file có requirement là cha của chính nó | I43: Đăng nhập account SGS Admin; có [file hợp lệ]: file .xlsx điền theo file mẫu, không có lỗi | J43: 1. Mở màn Frameworks 2. Bấm Import framework 3. Chọn [file hợp lệ] đã sửa: - Sheet Requirements: dòng V.1 có parent_requirement_code V.1 4. Bấm Check file | K43: - Không import, hộp thoại hiện bảng lỗi - Bảng lỗi có dòng của sheet Requirements | W43: Chữ hiển thị ở cột Row, Column, Problem của dòng lỗi này là gì? → Q-F-14 | X43: FWK-03
A44: 32 | E44: Cha con vòng lặp | F44: Medium | G44: Framework_032 | H44: Kiểm tra import file có quan hệ cha con vòng lặp | I44: Đăng nhập account SGS Admin; có [file hợp lệ]: file .xlsx điền theo file mẫu, không có lỗi | J44: 1. Mở màn Frameworks 2. Bấm Import framework 3. Chọn [file hợp lệ] đã sửa: - Sheet Requirements: dòng A có cha là B, dòng B có cha là A 4. Bấm Check file | K44: - Không import, hộp thoại hiện bảng lỗi - Bảng lỗi có dòng của sheet Requirements | W44: Chữ hiển thị ở cột Row, Column, Problem của dòng lỗi này là gì? → Q-F-14 | X44: FWK-03
A45: 33 | E45: is_assessable không phải TRUE hoặc FALSE | F45: Medium | G45: Framework_033 | H45: Kiểm tra import file có is_assessable sai giá trị | I45: Đăng nhập account SGS Admin; có [file hợp lệ]: file .xlsx điền theo file mẫu, không có lỗi | J45: 1. Mở màn Frameworks 2. Bấm Import framework 3. Chọn [file hợp lệ] đã sửa: - Sheet Requirements: một dòng có is_assessable: YES 4. Bấm Check file | K45: - Không import, hộp thoại hiện bảng lỗi - Bảng lỗi có dòng của sheet Requirements | W45: Chữ hiển thị ở cột Row, Column, Problem của dòng lỗi này là gì? → Q-F-14 | X45: FWK-03
A46: 34 | E46: Bỏ trống title | F46: Medium | G46: Framework_034 | H46: Kiểm tra import file có requirement bỏ trống title | I46: Đăng nhập account SGS Admin; có [file hợp lệ]: file .xlsx điền theo file mẫu, không có lỗi | J46: 1. Mở màn Frameworks 2. Bấm Import framework 3. Chọn [file hợp lệ] đã sửa: - Sheet Requirements: một dòng để trống title 4. Bấm Check file | K46: - Không import, hộp thoại hiện bảng lỗi - Bảng lỗi có dòng của sheet Requirements | W46: Chữ hiển thị ở cột Row, Column, Problem của dòng lỗi này là gì? → Q-F-14 | X46: FWK-03
A47: 35 | E47: Expected evidence trỏ vào dòng nhóm | F47: High | G47: Framework_035 | H47: Kiểm tra import file có expected evidence trỏ vào dòng nhóm | I47: Đăng nhập account SGS Admin; có [file hợp lệ]: file .xlsx điền theo file mẫu, không có lỗi | J47: 1. Mở màn Frameworks 2. Bấm Import framework 3. Chọn [file hợp lệ] đã sửa: - Sheet Expected_Evidence: dòng 12 có requirement_code R.4; ở sheet Requirements, R.4 có is_assessable FALSE 4. Bấm Check file | K47: - Không import, hộp thoại hiện bảng lỗi - Bảng lỗi có dòng: + Sheet: Expected_Evidence + Row: 12 + Column: requirement_code + Problem: nêu R.4 là dòng nhóm, evidence phải trỏ vào requirement assessable | W47: Chữ hiển thị ở các cột Row, Column, Problem của dòng lỗi này là gì? → Q-F-14 | X47: FWK-03
... A53: 41 | E53: Bấm Cancel | F53: Medium | G53: Framework_041 | H53: Kiểm tra huỷ nhập framework bằng Cancel | I53: Đăng nhập account SGS Admin; có [file hợp lệ]: file .xlsx điền theo file mẫu, không có lỗi | J53: 1. Mở màn Frameworks 2. Bấm Import framework 3. Chọn [file hợp lệ] 4. Bấm Cancel | K53: - Hộp thoại đóng - Bảng không có dòng mới, dòng đếm giữ nguyên | W53: Đã chọn file mà bấm Cancel có hỏi lại không → Q-F-19 | X53: FWK-03
A54: 42 | E54: Bấm × | F54: Low | G54: Framework_042 | H54: Kiểm tra đóng hộp thoại Import a framework bằng nút × | I54: Đăng nhập account SGS Admin; có [file hợp lệ]: file .xlsx điền theo file mẫu, không có lỗi | J54: 1. Mở màn Frameworks 2. Bấm Import framework 3. Chọn [file hợp lệ] 4. Bấm × | K54: - Hộp thoại đóng, không import | X54: FWK-03
A55: 43 | E55: Nhấn Esc | F55: Low | G55: Framework_043 | H55: Kiểm tra nhấn Esc khi đang mở hộp thoại Import a framework | I55: Đăng nhập account SGS Admin; có [file hợp lệ]: file .xlsx điền theo file mẫu, không có lỗi | J55: 1. Mở màn Frameworks 2. Bấm Import framework 3. Chọn [file hợp lệ] 4. Nhấn Esc | K55: - Hộp thoại đóng, không import | W55: Nhấn Esc có nên đóng hộp thoại ngay không, hay cần xác nhận trước? (thiết kế không ghi, hệ thống đang đóng ngay) → Q-F-19 | X55: FWK-03
A56: 44 | E56: Bấm Cancel khi đang hiện bảng lỗi | F56: Low | G56: Framework_044 | H56: Kiểm tra mở lại hộp thoại sau khi huỷ ở bảng lỗi | I56: Đăng nhập account SGS Admin | J56: 1. Mở màn Frameworks 2. Bấm Import framework 3. Chọn file bcm-2019.xlsx có lỗi, bấm Check file 4. Bấm Cancel 5. Bấm Import framework | K56: - Sau bước 4: hộp thoại đóng - Sau bước 5: hộp thoại ở trạng thái ban đầu, không còn bảng lỗi và file đã chọn | W56: Prototype chỉ báo 3 lỗi này khi tên file có chữ bcm, không đọc nội dung file → Q-F-08; Thiết kế không ghi trạng thái khi mở lại → Q-F-19 | X56: FWK-03
A57: 45 | D57: Thành công | E57: Framework có tier | F57: High | G57: Framework_045 | H57: Kiểm tra thông tin framework vừa nhập | I57: Đăng nhập account SGS Admin | J57: 1. Mở màn Frameworks 2. Bấm Import framework 3. Chọn file abc.xlsx điền theo file mẫu: - Sheet Framework: framework_code: FW_ABC; framework_name: abc; version: 2026.1; issuing_body: abc; description: abc; effective_date: 2026-01-01 - Sheet Tiers: 3 tier - Sheet Requirements, Expected_Evidence: không có lỗi 4. Bấm Check file 5. Kiểm tra màn hiện ra | K57: - Hộp thoại đóng, hiện màn bản nháp của framework vừa nhập - Tiêu đề: abc - Dòng phụ: FW_ABC · 2026.1 · abc - Nhãn Draft · not active - Khối Framework: + Code: FW_ABC + Issued by: abc + Version: 2026.1 + Effective date: 01 Jan 2026 + Description: abc - Khối Tiers có 3 dòng | W57: Kết quả này suy từ mã nguồn prototype (AI chưa bấm Check file với file hợp lệ trên hệ thống) — có đúng không? → Q-F-08; file mẫu ver 1 chưa có sheet Tiers, có bản mẫu mới hơn không → Q-F-06 | X57: FWK-03
A58: 46 | E58: Framework không tier | F58: High | G58: Framework_046 | H58: Kiểm tra nhập framework không có tier | I58: Đăng nhập account SGS Admin | J58: 1. Mở màn Frameworks 2. Bấm Import framework 3. Chọn file abc.xlsx điền theo file mẫu: - Sheet Framework: framework_code: FW_ABC; framework_name: abc; version: 2026.1; issuing_body: abc; description: abc; effective_date: 2026-01-01 - Sheet Tiers: để trống 4. Bấm Check file | K58: - Hiện màn bản nháp của framework vừa nhập - Không có khối Tiers | W58: Bản nháp không tier có đúng như mô tả không (chưa xem được trên hệ thống)? → Q-F-08 | X58: FWK-03
A59: 47 | E59: Phiên bản mới của mã đã có | F59: High | G59: Framework_047 | H59: Kiểm tra nhập phiên bản mới của framework đã có | I59: Đăng nhập account SGS Admin; có framework Active mã FW_ABC, version 2026.1 | J59: 1. Mở màn Frameworks 2. Bấm Import framework 3. Chọn file điền theo file mẫu, sheet Framework: framework_code: FW_ABC; version: 2026.2 4. Bấm Check file 5. Bấm ← để về màn Frameworks | K59: - Sau bước 4: hiện màn bản nháp FW_ABC · 2026.2 - Sau bước 5: danh sách có hai dòng mã FW_ABC: + Version 2026.1, nhãn Active + Version 2026.2, nhãn Draft · not active | W59: UC FWK-03: import để cập nhật framework có sẵn, content_version phải tăng, có bảng tóm tắt thay đổi; Figma: thêm thành bản riêng → Q-F-04 | X59: FWK-03
A60: 48 | E60: Một requirement có nhiều expected evidence | F60: Medium | G60: Framework_048 | H60: Kiểm tra nhập requirement có nhiều expected evidence | I60: Đăng nhập account SGS Admin | J60: 1. Mở màn Frameworks 2. Bấm Import framework 3. Chọn file điền theo file mẫu, requirement R.1 có 3 dòng ở sheet Expected_Evidence: EE-001, EE-002, EE-003 4. Bấm Check file 5. Bấm R.1 ở khối Requirements | K60: - Import được, hiện màn bản nháp - Phần Expected evidence của R.1 có 3 dòng: EE-001, EE-002, EE-003 | W60: File mẫu xếp trường hợp này ở mức INFO (Import can continue); INFO hiện ở đâu trên màn → Q-F-06 | X60: FWK-03
A61: 49 | E61: effective_date để trống | F61: Medium | G61: Framework_049 | H61: Kiểm tra nhập framework không có effective_date | I61: Đăng nhập account SGS Admin | J61: 1. Mở màn Frameworks 2. Bấm Import framework 3. Chọn file điền theo file mẫu, sheet Framework để trống effective_date 4. Bấm Check file | K61: - Hiện màn bản nháp - Khối Framework: Effective date: Not set | X61: FWK-03
A62: 50 | E62: Tải file đã sửa sau khi báo lỗi | F62: Medium | G62: Framework_050 | H62: Kiểm tra tải lại file đã sửa ở trường Corrected file | I62: Đăng nhập account SGS Admin | J62: 1. Mở màn Frameworks 2. Bấm Import framework 3. Chọn file bcm-2019.xlsx có lỗi, bấm Check file 4. Ở trường Corrected file, chọn file đã sửa hết lỗi 5. Bấm Check file | K62: - Hiện màn bản nháp của framework trong file đã sửa | W62: Kết quả này có đúng không? (prototype chỉ báo lỗi theo tên file có chữ bcm, không đọc nội dung; AI chưa bấm Check file với file hợp lệ thật) → Q-F-08 | X62: FWK-03
A63: 51 | D63: Trùng mã và phiên bản | E63: Cùng mã, cùng version với bản Active | F63: High | G63: Framework_051 | H63: Kiểm tra nhập file trùng mã và version với framework đang Active | I63: Đăng nhập account SGS Admin; có framework Active mã FW_ABC, version 2026.1 | J63: 1. Mở màn Frameworks 2. Bấm Import framework 3. Chọn file điền theo file mẫu, sheet Framework: framework_code: FW_ABC; version: 2026.1 4. Bấm Check file | W63: Figma không nói; mã nguồn prototype báo lỗi “<version>” is already active. Use a new version name to import changes.; UC: khi cập nhật, content_version phải tăng → Q-F-04 | X63: FWK-03
A64: 52 | E64: Cùng mã, cùng version với bản Draft | F64: Medium | G64: Framework_052 | H64: Kiểm tra nhập file trùng mã và version với bản nháp đang có | I64: Đăng nhập account SGS Admin; có bản nháp mã FW_ABC, version 2026.2 | J64: 1. Mở màn Frameworks 2. Bấm Import framework 3. Chọn file điền theo file mẫu, sheet Framework: framework_code: FW_ABC; version: 2026.2 4. Bấm Check file | W64: Ghi đè bản nháp, tạo bản nháp thứ hai hay báo lỗi → Q-F-04 | X64: FWK-03
A65: 53 | C65: Thanh công cụ - Toolbar | D65: Dòng đếm | E65: Tổng số framework | F65: Medium | G65: Framework_053 | H65: Kiểm tra dòng đếm số framework | I65: Đăng nhập account SGS Admin | J65: 1. Mở màn Frameworks 2. Kiểm tra dòng phía trên bảng, bên trái | K65: - Hiển thị <n> frameworks, n bằng tổng số framework trong bảng (cộng mọi trang) | X65: FWK-01
A66: 54 | D66: Tìm kiếm | E66: Hiển thị ô tìm kiếm | F66: Low | G66: Framework_054 | H66: Kiểm tra ô tìm kiếm | I66: Đăng nhập account SGS Admin | J66: 1. Mở màn Frameworks 2. Kiểm tra phía trên bảng, bên phải | K66: - Ô tìm kiếm có icon kính lúp, placeholder: Search code or name | X66: FWK-01
A67: 55 | E67: Theo mã | F67: High | G67: Framework_055 | H67: Kiểm tra tìm theo mã framework | I67: Đăng nhập account SGS Admin | J67: 1. Mở màn Frameworks 2. Nhập [mã framework] vào ô tìm kiếm | K67: - Hệ thống không phân biệt chữ HOA, chữ thường, hiển thị đúng theo mã framework | X67: FWK-01
A68: 56 | E68: Một phần tên | F68: High | G68: Framework_056 | H68: Kiểm tra tìm theo một phần tên framework | I68: Đăng nhập account SGS Admin | J68: 1. Mở màn Frameworks 2. Nhập [một phần tên framework] vào ô tìm kiếm | K68: - Hệ thống không phân biệt chữ HOA, chữ thường, hiển thị đúng theo tên framework | X68: FWK-01
A69: 57 | E69: Theo Issued by | F69: High | G69: Framework_057 | H69: Kiểm tra tìm theo Issued by | I69: Đăng nhập account SGS Admin | J69: 1. Mở màn Frameworks 2. Nhập [Issued by] vào ô tìm kiếm | K69: - Hệ thống không phân biệt chữ HOA, chữ thường, hiển thị đúng theo Issued by | W69: Ô tìm ghi Search code or name; có giữ việc tìm cả theo Issued by, Version, Status không, hay chỉ tìm theo mã và tên như UC? → Q-F-12 | X69: FWK-01
A70: 58 | E70: Theo Requirements | F70: Medium | G70: Framework_058 | H70: Kiểm tra tìm theo số ở cột Requirements | I70: Đăng nhập account SGS Admin | J70: 1. Mở màn Frameworks 2. Nhập [Requirements] vào ô tìm kiếm | K70: - Hệ thống không phân biệt chữ HOA, chữ thường hiển thị đúng theo Requirements | X70: FWK-01
A71: 59 | E71: Theo Status | F71: Medium | G71: Framework_059 | H71: Kiểm tra tìm theo Status | I71: Đăng nhập account SGS Admin | J71: 1. Mở màn Frameworks 2. Nhập [Status] vào ô tìm kiếm | K71: - Hệ thống không phân biệt chữ HOA, chữ thường, hiển thị đúng theo Status | X71: FWK-01
A72: 60 | E72: Theo thời gian Updated | F72: Low | G72: Framework_060 | H72: Kiểm tra tìm theo thời gian ở cột Updated | I72: Đăng nhập account SGS Admin | J72: 1. Mở màn Frameworks 2. Nhập [hh:mm] vào ô tìm kiếm | K72: - Hệ thống không phân biệt chữ HOA, chữ thường hiển thị đúng theo thời gian Update | X72: FWK-01
A73: 61 | E73: Theo Version | F73: Low | G73: Framework_061 | H73: Kiểm tra tìm theo Version | I73: Đăng nhập account SGS Admin | J73: 1. Mở màn Frameworks 2. Nhập [Version] vào ô tìm kiếm | K73: - Bảng chỉ còn các framework có Version chứa [Version] | X73: FWK-01
A74: 62 | E74: Không có kết quả | F74: High | G74: Framework_062 | H74: Kiểm tra tìm kiếm không ra kết quả | I74: Đăng nhập account SGS Admin | J74: 1. Mở màn Frameworks 2. Nhập zzz vào ô tìm kiếm | K74: - Bảng không có dòng nào - Hiển thị "No results for “zzz”" - Hiển thị "Try a different search term." - Dòng đếm không đổi | X74: FWK-01
A75: 63 | E75: Ký tự đặc biệt | F75: Medium | G75: Framework_063 | H75: Kiểm tra nhập ký tự đặc biệt vào ô tìm kiếm | I75: Đăng nhập account SGS Admin | J75: 1. Mở màn Frameworks 2. Nhập ' OR 1=1 -- vào ô tìm kiếm | K75: - Không có lỗi hệ thống, không lộ thông tin kỹ thuật - Chuỗi được tìm như văn bản thường | X75: FWK-01
A76: 64 | E76: Khoảng trắng ở đầu và cuối | F76: Low | G76: Framework_064 | H76: Kiểm tra tìm kiếm khi từ khoá có khoảng trắng ở đầu và cuối | I76: Đăng nhập account SGS Admin | J76: 1. Mở màn Frameworks 2. Nhập [mã framework] có dấu cách ở đầu và cuối vào ô tìm kiếm | W76: Hệ thống không bỏ khoảng trắng: nhập ' iso 22301 ' ra No results → Q-F-12 | X76: FWK-01
A77: 65 | E77: Xoá từ khoá | F77: Medium | G77: Framework_065 | H77: Kiểm tra xoá từ khoá tìm kiếm | I77: Đăng nhập account SGS Admin | J77: 1. Mở màn Frameworks 2. Nhập zzz vào ô tìm kiếm 3. Xoá chữ trong ô tìm kiếm | K77: - Text biến mất - Ô tìm kiếm có icon kính lúp, placeholder: Search code or name | X77: FWK-01
A78: 66 | C78: Bảng danh sách - Table | D78: Hiển thị | E78: Tiêu đề cột | F78: High | G78: Framework_066 | H78: Kiểm tra tiêu đề các cột | I78: Đăng nhập account SGS Admin | J78: 1. Mở màn Frameworks 2. Kiểm tra hàng tiêu đề của bảng | K78: - Các cột theo thứ tự: + Framework + Version + Issued by + Tiers + Requirements + Status + Updated - Cột cuối là icon tải, không có tiêu đề | W78: UC FWK-01 còn các cột standard edition, content version, content level, affiliates; danh sách có cần các cột này không, hay giữ đúng các cột Figma/hệ thống đang có? → Q-F-01 | X78: FWK-01
A79: 67 | E79: Framework ban đầu | F79: High | G79: Framework_067 | H79: Kiểm tra các framework có sẵn ban đầu | I79: Đăng nhập account SGS Admin | J79: 1. Mở màn Frameworks 2. Kiểm tra cột Framework | K79: - Danh sách có: + ISO/IEC 27001 + ISO/IEC 42001 + CSMA (Appendix 10) | W79: UC gọi CSMA (Appendix 10), hệ thống ghi Security Baselines for ICT Systems (Appendix 10) và có thêm ISO 22301, ISO/IEC 27701, TISAX; danh sách ban đầu đúng theo nguồn nào? → Q-F-01 | X79: FWK-01
A80: 68 | E80: Cột Framework | F80: High | G80: Framework_068 | H80: Kiểm tra cột Framework | I80: Đăng nhập account SGS Admin | J80: 1. Mở màn Frameworks 2. Kiểm tra từng dòng ở cột Framework | K80: - Tên framework dạng liên kết - Dưới tên là mã framework, ví dụ ISO_IEC_27001 | X80: FWK-01
A81: 69 | E81: Cột Tiers — có tier | F81: High | G81: Framework_069 | H81: Kiểm tra cột Tiers của framework có tier | I81: Đăng nhập account SGS Admin; có [Framework Active] có tier | J81: 1. Mở màn Frameworks 2. Kiểm tra cột Tiers của [Framework Active] có tier | K81: - Tên các tier nối bằng dấu ·, theo thứ tự từ thấp lên cao, ví dụ Basic · Medium · High | X81: FWK-01
A82: 70 | E82: Cột Tiers — không tier | F82: Medium | G82: Framework_070 | H82: Kiểm tra cột Tiers của framework không tier | I82: Đăng nhập account SGS Admin; có [Framework Active không tier] | J82: 1. Mở màn Frameworks 2. Kiểm tra cột Tiers của [Framework Active không tier] | K82: - Hiển thị: — | X82: FWK-01
A83: 71 | E83: Cột Requirements | F83: Medium | G83: Framework_071 | H83: Kiểm tra cột Requirements khớp với màn chi tiết | I83: Đăng nhập account SGS Admin; có [Framework Active] | J83: 1. Mở màn Frameworks 2. Ghi số ở cột Requirements của [Framework Active] 3. Bấm tên [Framework Active], xem khối Content | K83: - Hai số bằng nhau | X83: FWK-01
A84: 72 | E84: Cột Status — Active | F84: Medium | G84: Framework_072 | H84: Kiểm tra cột Status của framework Active | I84: Đăng nhập account SGS Admin; có [Framework Active] | J84: 1. Mở màn Frameworks 2. Kiểm tra cột Status của [Framework Active] | K84: - Nhãn Active có dấu tích xanh | X84: FWK-01
A85: 73 | E85: Cột Status — Draft | F85: High | G85: Framework_073 | H85: Kiểm tra cột Status của bản nháp | I85: Đăng nhập account SGS Admin; có [Framework Draft] | J85: 1. Mở màn Frameworks 2. Kiểm tra cột Status của [Framework Draft] | K85: - Nhãn Draft · not active | X85: FWK-01
A86: 74 | E86: Cột Updated | F86: Low | G86: Framework_074 | H86: Kiểm tra định dạng cột Updated | I86: Đăng nhập account SGS Admin | J86: 1. Mở màn Frameworks 2. Kiểm tra cột Updated | K86: - Ngày dạng DD Mon YYYY, ví dụ 14 Aug 2025 - Dòng cập nhật trong ngày hiển thị Today, hh:mm | W86: Định dạng lấy từ hệ thống; Updated là ngày nhập, ngày kích hoạt hay ngày sửa → Q-F-01 | X86: FWK-01
A87: 75 | E87: Hai phiên bản của cùng mã | F87: Medium | G87: Framework_075 | H87: Kiểm tra hiển thị hai phiên bản của cùng một framework | I87: Đăng nhập account SGS Admin; có hai phiên bản của cùng một mã framework | J87: 1. Mở màn Frameworks 2. Kiểm tra các dòng có cùng mã framework | K87: - Mỗi phiên bản một dòng, cùng tên và mã, khác cột Version | X87: FWK-01
A88: 76 | D88: Sắp xếp | E88: Thứ tự mặc định | F88: Medium | G88: Framework_076 | H88: Kiểm tra thứ tự mặc định của danh sách | I88: Đăng nhập account SGS Admin | J88: 1. Mở màn Frameworks 2. Kiểm tra thứ tự các dòng | K88: - Bản Draft đứng đầu - Các dòng còn lại xếp theo mã framework từ A đến Z; cùng mã thì phiên bản cập nhật mới hơn đứng trước | W88: Hanna ghi mặc định là cũ nhất xuống mới nhất; hệ thống: Draft trước, rồi theo mã A-Z, cùng mã thì bản mới hơn trước. Figma, UC không nêu → Q-F-13 | X88: FWK-01
A89: 77 | E89: Cột Framework — bấm lần 1 | F89: Medium | G89: Framework_077 | H89: Kiểm tra sắp xếp tăng dần theo tên framework | I89: Đăng nhập account SGS Admin | J89: 1. Mở màn Frameworks 2. Bấm tiêu đề cột Framework | K89: - Các dòng xếp theo tên framework từ A đến Z | W89: Có giữ cách sắp xếp đang có trên hệ thống không (ở các cột Framework, Version, Issued by, Requirements), vì Figma không vẽ icon sắp xếp? → Q-F-13 | X89: FWK-01
A90: 78 | E90: Cột Framework — bấm lần 2 | F90: Medium | G90: Framework_078 | H90: Kiểm tra sắp xếp giảm dần theo tên framework | I90: Đăng nhập account SGS Admin | J90: 1. Mở màn Frameworks 2. Bấm tiêu đề cột Framework hai lần | K90: - Các dòng xếp theo tên framework từ Z đến A | X90: FWK-01
A91: 79 | E91: Cột Framework — bấm lần 3 | F91: Low | G91: Framework_079 | H91: Kiểm tra bỏ sắp xếp sau lần bấm thứ ba | I91: Đăng nhập account SGS Admin | J91: 1. Mở màn Frameworks 2. Bấm tiêu đề cột Framework ba lần | K91: - Các dòng trở về thứ tự mặc định | X91: FWK-01
A92: 80 | E92: Cột Version | F92: Low | G92: Framework_080 | H92: Kiểm tra sắp xếp theo cột Version | I92: Đăng nhập account SGS Admin | J92: 1. Mở màn Frameworks 2. Bấm tiêu đề cột Version 3. Bấm tiêu đề cột Version lần nữa | K92: - Sau bước 2: xếp theo Version tăng dần theo chữ, ví dụ 2013 trước 2019, ISA 6.0 ở cuối - Sau bước 3: xếp giảm dần | X92: FWK-01
A93: 81 | E93: Cột Issued by | F93: Low | G93: Framework_081 | H93: Kiểm tra sắp xếp theo cột Issued by | I93: Đăng nhập account SGS Admin | J93: 1. Mở màn Frameworks 2. Bấm tiêu đề cột Issued by 3. Bấm tiêu đề cột Issued by lần nữa | K93: - Sau bước 2: xếp theo Issued by từ A đến Z - Sau bước 3: từ Z đến A | X93: FWK-01
A94: 82 | E94: Cột Requirements | F94: Medium | G94: Framework_082 | H94: Kiểm tra sắp xếp theo cột Requirements | I94: Đăng nhập account SGS Admin | J94: 1. Mở màn Frameworks 2. Bấm tiêu đề cột Requirements 3. Bấm tiêu đề cột Requirements lần nữa | K94: - Sau bước 2: xếp theo số tăng dần, ví dụ 31 trước 114 - Sau bước 3: xếp theo số giảm dần | X94: FWK-01
A95: 83 | D95: Biểu tượng tải ở mỗi dòng | E95: Hover vào biểu tượng tải | F95: Low | G95: Framework_083 | H95: Kiểm tra hiển thị khi hover vào icon tải | I95: Đăng nhập account SGS Admin; có [Framework Active] | J95: 1. Mở màn Frameworks 2. Hover vào icon tải ở cuối dòng của [Framework Active] | K95: - Hiển thị thông báo: "Download source file of <tên ngắn> · <version>" | W95: Icon tải file nguồn thuộc UC nào? (UC không nêu chức năng này) → Q-F-11 | X95: [NGOÀI UC]
A96: 84 | E96: Bấm biểu tượng tải ở một dòng | F96: Low | G96: Framework_084 | H96: Kiểm tra bấm icon tải ở một dòng | I96: Đăng nhập account SGS Admin; có [Framework Active] | J96: 1. Mở màn Frameworks 2. Bấm icon tải ở cuối dòng của [Framework Active] | K96: - Tải về file .xlsx đã dùng để nhập phiên bản đó | W96: Prototype chỉ hiện thông báo "<file> would download here. The prototype has no real files." (Hanna ghi <version> trong thông báo); bản thật có tải file .xlsx đã nhập không → Q-F-11 | X96: [NGOÀI UC]
A97: 85 | C97: Phân trang - Paging | D97: Hiển thị | E97: Mặc định | F97: Medium | G97: Framework_085 | H97: Kiểm tra dòng phân trang mặc định | I97: Đăng nhập account SGS Admin | J97: 1. Mở màn Frameworks 2. Kiểm tra phần dưới bảng | K97: - Items per page mặc định là 10 - Dòng 1–<n> of <n> items | W97: Dòng phân trang theo Figma (1–6 of 6 items · Page 1 of 1) hay theo hệ thống (Items per page 10 · 1–8 of 8 items · [1] of 1 page · ‹ ›)? → Q-F-20 | X97: FWK-01
A98: 86 | E98: Các giá trị Items per page | F98: Medium | G98: Framework_086 | H98: Kiểm tra các giá trị trong Items per page | I98: Đăng nhập account SGS Admin | J98: 1. Mở màn Frameworks 2. Bấm vào Items per page 3. Kiểm tra các lựa chọn | K98: - Hiển thị các giá trị: + 10 + 25 + 50 + 100 | W98: Có giữ các giá trị Items per page này không, vì Figma không vẽ Items per page? → Q-F-20 | X98: FWK-01
A99: 87 | D99: Đổi số dòng | E99: Chọn 25 | F99: Medium | G99: Framework_087 | H99: Kiểm tra đổi số dòng mỗi trang | I99: Đăng nhập account SGS Admin; có 11 framework | J99: 1. Mở màn Frameworks 2. Mở Items per page 3. Chọn 25 | K99: - Bảng hiển thị đủ 11 framework trên một trang | W99: Có cho chọn số dòng không; giá trị 10/25/50/100 theo hệ thống → Q-F-20 | X99: FWK-01
A100: 88 | D100: Chuyển trang | E100: Chỉ có một trang | F100: Low | G100: Framework_088 | H100: Kiểm tra nút chuyển trang khi chỉ có một trang | I100: Đăng nhập account SGS Admin; có từ 10 framework trở xuống | J100: 1. Mở màn Frameworks 2. Kiểm tra hai nút ‹ › | K100: - Cả hai nút ở trạng thái không bấm được | W100: Có giữ nút chuyển trang này không, vì Figma không vẽ nút chuyển trang? → Q-F-20 | X100: FWK-01
A101: 89 | E101: Sang trang 2 | F101: Medium | G101: Framework_089 | H101: Kiểm tra chuyển sang trang 2 | I101: Đăng nhập account SGS Admin; có 11 framework | J101: 1. Mở màn Frameworks 2. Bấm nút › | K101: - Bảng hiển thị framework thứ 11 - Dòng phân trang: 11–11 of 11 items | W101: Số dòng mặc định mỗi trang là bao nhiêu? (đang lấy theo hệ thống, Figma không nêu) → Q-F-20 | X101: FWK-01
A102: 90 | B102: Bản nháp - Draft preview | C102: Phần đầu - Header | D102: Hiển thị | E102: Các thành phần | F102: High | G102: Framework_090 | H102: Kiểm tra phần đầu màn bản nháp | I102: Đăng nhập account SGS Admin; có [Framework Draft] | J102: 1. Mở màn Frameworks 2. Bấm tên [Framework Draft] 3. Kiểm tra phần đầu trang, từ trái sang phải | K102: - Nút quay lại ← - Tiêu đề: tên framework - Dòng phụ: <mã> · <version> · <issuing body> - Nhãn Draft · not active - Nút Discard draft và nút Activate - Không có nút ⋮ | X102: FWK-02
A103: 91 | D103: Nút quay lại | E103: Bấm ← | F103: Medium | G103: Framework_091 | H103: Kiểm tra nút quay lại ở màn bản nháp | I103: Đăng nhập account SGS Admin; có [Framework Draft] | J103: 1. Mở màn Frameworks 2. Bấm tên [Framework Draft] 3. Bấm nút ← | K103: - Quay về màn Frameworks | X103: FWK-02
A104: 92 | C104: Điều hướng trong màn - Section nav | D104: Hiển thị | E104: Framework có tier | F104: Low | G104: Framework_092 | H104: Kiểm tra cột điều hướng bên trái của bản nháp có tier | I104: Đăng nhập account SGS Admin; có [Framework Draft] | J104: 1. Mở màn Frameworks 2. Bấm tên [Framework Draft] 3. Kiểm tra cột bên trái | K104: - Ba mục theo thứ tự: + Framework + Tiers + Requirements - Mục Framework được tô nền khi mới mở | X104: FWK-02
A105: 93 | E105: Framework không tier | F105: Low | G105: Framework_093 | H105: Kiểm tra cột điều hướng bên trái của bản nháp không tier | I105: Đăng nhập account SGS Admin; có bản nháp không tier | J105: 1. Mở màn Frameworks 2. Bấm tên bản nháp không tier 3. Kiểm tra cột bên trái | K105: - Không có mục Tiers | W105: Bản nháp không tier có đúng không có mục Tiers như mô tả không (hệ thống chưa có bản nháp không tier để xem)? → Q-F-08 | X105: FWK-02
A106: 94 | D106: Bấm mục | E106: Requirements | F106: Low | G106: Framework_094 | H106: Kiểm tra bấm mục Requirements ở cột điều hướng của bản nháp | I106: Đăng nhập account SGS Admin; có [Framework Draft] | J106: 1. Mở màn Frameworks 2. Bấm tên [Framework Draft] 3. Bấm Requirements ở cột bên trái | K106: - Mục Requirements được tô nền - Trang cuộn tới khối Requirements | X106: FWK-02
A107: 95 | C107: Nội dung bản nháp - Draft content | D107: Hiển thị | E107: Khối Framework | F107: High | G107: Framework_095 | H107: Kiểm tra khối Framework của bản nháp | I107: Đăng nhập account SGS Admin; có [Framework Draft] | J107: 1. Mở màn Frameworks 2. Bấm tên [Framework Draft] 3. Kiểm tra khối số 1 Framework | K107: - Tiêu đề khối: Framework, dòng phụ: From the Framework sheet - Các trường: + Code + Issued by + Version + Effective date + Description | X107: FWK-02
A108: 96 | E108: Khối Tiers | F108: High | G108: Framework_096 | H108: Kiểm tra khối Tiers của bản nháp | I108: Đăng nhập account SGS Admin; có [Framework Draft] có tier | J108: 1. Mở màn Frameworks 2. Bấm tên [Framework Draft] 3. Kiểm tra khối số 2 Tiers | K108: - Tiêu đề khối: Tiers, dòng phụ: "Higher tiers include every requirement of the tiers below" - Bảng 5 cột theo thứ tự: + Code + Tier + Rank + New at this tier + Total to meet - Mỗi tier một dòng, xếp theo Rank | X108: FWK-02
A109: 97 | D109: Giá trị tính toán | E109: Total to meet của bản nháp | F109: Medium | G109: Framework_097 | H109: Kiểm tra Total to meet ở khối Tiers của bản nháp | I109: Đăng nhập account SGS Admin; có [Framework Draft] có tier | J109: 1. Mở màn Frameworks 2. Bấm tên [Framework Draft] 3. Kiểm tra từng dòng ở khối số 2 Tiers | K109: - Tier thấp nhất: Total to meet = New at this tier - Các tier còn lại: Total to meet = Total to meet của tier ngay dưới + New at this tier | W109: Total to meet của tier cao nhất có bằng số requirements ở khối Requirements không; Figma bản amended ghi 18 và 79 → Q-F-10 | X109: FWK-02
...

Sheet Assisted workspace
B3: Function Name | C3: EVA-L0001_Evidence trong Assisted workspace | K3: Round | L3: Total | M3: Passed | N3: Failed | O3: Pending | P3: Blocked | Q3: NA | R3: Not execute
B4: Screen Name | C4: Assisted workspace · Customer Portal | K4: Round 1 | L4: =COUNTA($G$13:$G$126) | M4: =COUNTIF($M$13:$M$126,M3) | N4: =COUNTIF($M$13:$M$126,N3) | O4: =COUNTIF($M$13:$M$126,O3) | P4: =COUNTIF($M$13:$M$126,P3) | Q4: =COUNTIF($M$13:$M$126,Q3) | R4: =L4-SUM(M4:Q4)
B5: Creator | C5: Hanna | M5: =M4/$L$4 | N5: =N4/$L$4 | O5: =O4/$L$4 | P5: =P4/$L$4 | Q5: =Q4/$L$4 | R5: =R4/$L$4
B6: Created date | C6: 09/10/2026 | K6: Round 2 | L6: =COUNTA($G$13:$G$126) | M6: =COUNTIF($R$13:$R$126,M3) | N6: =COUNTIF($R$13:$R$126,N3) | O6: =COUNTIF($R$13:$R$126,O3) | P6: =COUNTIF($R$13:$R$126,P3) | Q6: =COUNTIF($R$13:$R$126,Q3) | R6: =L6-SUM(M6:Q6)
B7: Reference | C7: UC v5.3 EVA-01..07, WSP-06 (P1 Use Cases, Decision log D5, D7, D8, D21, D41, D43) · Figma SGS-DTP-DS · Screens 05 Workspaces & Evidence (Workspace / Requirement, Upload evidence, Link existing evidence, Evidence detail, Evidence library from workspace) · prototype (Customer Admin, Customer User, Customer Viewer) | M7: =M6/$L$6 | N7: =N6/$L$6 | O7: =O6/$L$6 | P7: =P6/$L$6 | Q7: =Q6/$L$6 | R7: =R6/$L$6
M10: Round 1 | R10: Round 2
B11: Classification | F11: Priority | G11: TVP_ID | H11: Test case name/ Test view point | I11: Pre-condition | J11: Step | K11: Expected result | L11: Dev test | M11: Result | N11: Test person | O11: Test date | P11: Bug_ID | Q11: Remark | R11: Result | S11: Test person | T11: Test date | U11: Bug_ID | V11: Remark | W11: Open question | X11: UC
A12: No. | B12: I | C12: II | D12: III | E12: IV
A13: 1 | B13: Điều hướng - Redirect | C13: Vào chi tiết - Workspace detail | D13: Bằng URL | E13: Đã đăng nhập | F13: Medium | G13: Assisted workspace_001 | H13: Kiểm tra mở chi tiết workspace bằng URL | I13: Đăng nhập account Customer Admin; có [Workspace] Appendix 10 · 2022 · Medium của scope [System], chế độ Assisted | J13: 1. Mở thẳng url chi tiết của [Workspace] | K13: - Hiển thị màn chi tiết [Workspace] - Mục Workspaces ở menu trái được tô nền | X13: UC-EVA-01
A14: 2 | C14: Sang Evidence library | D14: Từ chi tiết workspace | E14: Bấm Evidence library | F14: High | G14: Assisted workspace_002 | H14: Kiểm tra mở Evidence library từ chi tiết workspace | I14: Đăng nhập account Customer Admin; có [Workspace] Appendix 10 · 2022 · Medium của scope [System], chế độ Assisted | J14: 1. Mở chi tiết [Workspace] (màn Workspaces, bấm tên workspace) 2. Bấm nút Evidence library ở góc phải phần đầu trang | K14: - Chuyển sang màn Documents - Ô Workspace của bộ lọc chọn sẵn [Workspace] (Appendix 10 · 2022 · [System]) - Có liên kết Back to workspace | X14: UC-EVC-01
A15: 3 | D15: Quay lại chi tiết | E15: Bấm Back to workspace | F15: Medium | G15: Assisted workspace_003 | H15: Kiểm tra quay lại chi tiết workspace từ Evidence library | I15: Đăng nhập account Customer Admin; có [Workspace] Appendix 10 · 2022 · Medium của scope [System], chế độ Assisted | J15: 1. Mở chi tiết [Workspace] (màn Workspaces, bấm tên workspace) 2. Bấm nút Evidence library 3. Bấm liên kết Back to workspace | K15: - Quay lại màn chi tiết [Workspace] | X15: UC-EVC-01
A16: 4 | B16: Phần đầu màn - Header | C16: Tiêu đề | D16: Hiển thị | E16: Tên workspace và scope | F16: High | G16: Assisted workspace_004 | H16: Kiểm tra tiêu đề và dòng phụ của chi tiết workspace | I16: Đăng nhập account Customer Admin; có [Workspace] Appendix 10 · 2022 · Medium của scope [System], chế độ Assisted | J16: 1. Mở chi tiết [Workspace] (màn Workspaces, bấm tên workspace) 2. Kiểm tra phần đầu trang | K16: - Có nút mũi tên quay lại ở bên trái tiêu đề - Tiêu đề: Appendix 10 · 2022 · Medium - Dòng phụ: [System] · System scope | X16: UC-EVA-01
A17: 5 | D17: Chip trạng thái | E17: Preparing và coverage | F17: High | G17: Assisted workspace_005 | H17: Kiểm tra chip trạng thái ở phần đầu trang | I17: Đăng nhập account Customer Admin; có [Workspace] Appendix 10 · 2022 · Medium của scope [System], chế độ Assisted, 38 trên 61 requirement đủ evidence bắt buộc | J17: 1. Mở chi tiết [Workspace] (màn Workspaces, bấm tên workspace) 2. Kiểm tra chip bên phải tiêu đề | K17: - Chip ghi: Preparing · 62% coverage (cùng số với cột Evidence coverage ở màn Workspaces) | W17: Để có workspace 38 trên 61 requirement đủ evidence thì phải tạo 38 requirement có evidence: có dữ liệu dựng sẵn hoặc cách dựng nhanh không? (Figma Workspace / Requirement ghi 38 of 61 · 62%; hệ thống mới chỉ có 0 of 61 và 6 of 31) → Q-EA-01 | X17: UC-EVA-01
A18: 6 | C18: Tóm tắt coverage | D18: Hiển thị | E18: Workspace có evidence | F18: High | G18: Assisted workspace_006 | H18: Kiểm tra khung tóm tắt coverage của cây requirement | I18: Đăng nhập account Customer Admin; có [Workspace] Appendix 10 · 2022 · Medium của scope [System], chế độ Assisted, 38 trên 61 requirement đủ evidence bắt buộc | J18: 1. Mở chi tiết [Workspace] (màn Workspaces, bấm tên workspace) 2. Kiểm tra khung trên cùng của cột trái | K18: - Dòng đầu: Appendix 10 · 2022 · Medium và 62% - Thanh tiến độ tô 62% - Dòng chữ: 38 of 61 requirements have their mandatory evidence · not a compliance decision | X18: UC-EVA-01
A19: 7 | D19: Workspace mới | E19: Chưa có evidence | F19: High | G19: Assisted workspace_007 | H19: Kiểm tra workspace mới chưa có evidence | I19: Đăng nhập account Customer Admin; có [Workspace] Appendix 10 · 2022 · Medium của scope [System], chế độ Assisted, chưa có evidence nào | J19: 1. Mở chi tiết [Workspace] (màn Workspaces, bấm tên workspace) | K19: - Khung tóm tắt: 0% và dòng 0 of 61 requirements have their mandatory evidence · not a compliance decision - Mọi requirement trong cây có chip Missing - Mọi nhóm có 0% | X19: UC-EVA-07
A20: 8 | B20: Cây requirement - Requirement tree | C20: Nhóm requirement | D20: Hiển thị | E20: Dòng nhóm | F20: Medium | G20: Assisted workspace_008 | H20: Kiểm tra dòng nhóm của cây requirement | I20: Đăng nhập account Customer Admin; có [Workspace] Appendix 10 · 2022 · Medium của scope [System], chế độ Assisted | J20: 1. Mở chi tiết [Workspace] (màn Workspaces, bấm tên workspace) 2. Kiểm tra dòng nhóm 1 Access Control | K20: - Dòng nhóm có: mũi tên, số thứ tự trong ô vuông, tên nhóm, phần trăm ở bên phải - Thanh tiến độ ở dưới dòng nhóm | X20: UC-EVA-01
A21: 9 | D21: Mặc định | E21: Khi mở màn | F21: High | G21: Assisted workspace_009 | H21: Kiểm tra nhóm và requirement mặc định khi mở màn | I21: Đăng nhập account Customer Admin; có [Workspace] Appendix 10 · 2022 · Medium của scope [System], chế độ Assisted | J21: 1. Mở chi tiết [Workspace] (màn Workspaces, bấm tên workspace) | K21: - Nhóm 1 được mở sẵn, các nhóm còn lại thu gọn - Requirement đầu tiên của nhóm 1 (R.1.1.1) được chọn, dòng tô nền cam nhạt, viền cam - Cột phải hiển thị chi tiết R.1.1.1 | X21: UC-EVA-01
A22: 10 | D22: Chọn requirement | E22: Bấm một requirement | F22: High | G22: Assisted workspace_010 | H22: Kiểm tra chọn requirement khác trong cây | I22: Đăng nhập account Customer Admin; có [Workspace] Appendix 10 · 2022 · Medium của scope [System], chế độ Assisted | J22: 1. Mở chi tiết [Workspace] (màn Workspaces, bấm tên workspace) 2. Bấm requirement R.1.1.2 trong nhóm 1 | K22: - Dòng R.1.1.2 được tô nền cam nhạt, viền cam; dòng R.1.1.1 trở lại nền thường - Cột phải đổi sang chi tiết R.1.1.2: breadcrumb, tiêu đề, chip trạng thái | X22: UC-EVA-01
A23: 11 | D23: Phần trăm nhóm | E23: Nhóm có evidence | F23: High | G23: Assisted workspace_011 | H23: Kiểm tra phần trăm của nhóm có 1 trên 4 requirement Provided | I23: Đăng nhập account Customer Admin; có [Workspace] Appendix 10 · 2022 · Medium của scope [System], chế độ Assisted, nhóm [Group] có 4 requirement: 1 Provided, 3 Missing | J23: 1. Mở chi tiết [Workspace] (màn Workspaces, bấm tên workspace) 2. Kiểm tra dòng nhóm [Group] | K23: - Dòng nhóm ghi 25% - Thanh tiến độ tô 25% | X23: UC-EVA-07
A24: 12 | E24: Nhóm đủ evidence | F24: Medium | G24: Assisted workspace_012 | H24: Kiểm tra phần trăm của nhóm có mọi requirement Provided | I24: Đăng nhập account Customer Admin; có [Workspace] Appendix 10 · 2022 · Medium của scope [System], chế độ Assisted, nhóm [Group] có 4 requirement đều Provided | J24: 1. Mở chi tiết [Workspace] (màn Workspaces, bấm tên workspace) 2. Kiểm tra dòng nhóm [Group] | K24: - Dòng nhóm ghi 100% - Thanh tiến độ tô đầy | X24: UC-EVA-07
A25: 13 | E25: Nhóm có Partial | F25: Medium | G25: Assisted workspace_013 | H25: Kiểm tra phần trăm của nhóm có requirement Partial | I25: Đăng nhập account Customer Admin; có [Workspace] Appendix 10 · 2022 · Medium của scope [System], chế độ Assisted, nhóm [Group] có 4 requirement: 1 Provided, 1 Partial, 2 Missing | J25: 1. Mở chi tiết [Workspace] (màn Workspaces, bấm tên workspace) 2. Kiểm tra dòng nhóm [Group] | W25: Requirement ở trạng thái Partial khi nào, và Partial có được tính vào phần trăm của nhóm không? (Figma: nhóm Access Control 58% khớp công thức Provided tính 1, Partial tính 0,5 chia 6 requirement, còn phần trăm workspace 38/61 = 62% chỉ đếm Provided; UC EVA-07 chỉ ghi Provided, Missing, Out of scope) → Q-EA-03 | X25: UC-EVA-07
A26: 14 | C26: Trạng thái requirement | D26: Missing | E26: Chưa có evidence | F26: High | G26: Assisted workspace_014 | H26: Kiểm tra chip Missing | I26: Đăng nhập account Customer Admin; có [Workspace] Appendix 10 · 2022 · Medium của scope [System], chế độ Assisted, chưa có evidence nào | J26: 1. Mở chi tiết [Workspace] (màn Workspaces, bấm tên workspace) 2. Kiểm tra chip của requirement R.1.1.1 ở cây và ở chi tiết | K26: - Cả hai nơi có chip Missing, nền hồng, chấm đỏ | X26: UC-EVA-07
A27: 15 | D27: Provided | E27: Đủ evidence bắt buộc | F27: High | G27: Assisted workspace_015 | H27: Kiểm tra chip Provided | I27: Đăng nhập account Customer Admin; có [Workspace] Appendix 10 · 2022 · Medium của scope [System], chế độ Assisted; R.1.1.1 đã có evidence sạch ở EE-001 | J27: 1. Mở chi tiết [Workspace] (màn Workspaces, bấm tên workspace) 2. Kiểm tra chip của requirement R.1.1.1 ở cây và ở chi tiết | K27: - Cả hai nơi có chip Provided, nền xanh nhạt, dấu tích xanh | X27: UC-EVA-07
A28: 16 | D28: Partial | E28: Thiếu một phần evidence | F28: Medium | G28: Assisted workspace_016 | H28: Kiểm tra chip Partial | I28: Đăng nhập account Customer Admin; có [Workspace] Appendix 10 · 2022 · Medium của scope [System], chế độ Assisted; requirement R.1.1.4 có hai expected evidence bắt buộc, mới có evidence cho một | J28: 1. Mở chi tiết [Workspace] (màn Workspaces, bấm tên workspace) 2. Kiểm tra chip của requirement R.1.1.4 ở cây | W28: Requirement ở trạng thái Partial khi nào, và Partial có được tính vào phần trăm của nhóm không? (Figma: nhóm Access Control 58% khớp công thức Provided tính 1, Partial tính 0,5 chia 6 requirement, còn phần trăm workspace 38/61 = 62% chỉ đếm Provided; UC EVA-07 chỉ ghi Provided, Missing, Out of scope) → Q-EA-03 | X28: UC-EVA-07
A29: 17 | D29: Out of scope | E29: Ngoài tier hoặc retired | F29: Medium | G29: Assisted workspace_017 | H29: Kiểm tra hiển thị requirement ngoài tier | I29: Đăng nhập account Customer Admin; có [Workspace] Appendix 10 · 2022 · Medium của scope [System], chế độ Assisted | J29: 1. Mở chi tiết [Workspace] (màn Workspaces, bấm tên workspace) 2. Tìm trong cây một requirement chỉ thuộc tier High | W29: Requirement ngoài tier hoặc đã retired có hiện trong cây với trạng thái Out of scope không, hay bị ẩn? (UC WSP-06 ghi “not counted”, UC EVA-07 có trạng thái Out of scope; hệ thống ở workspace Medium chỉ hiện 61 requirement, không có chip Out of scope) → Q-EA-04 | X29: UC-WSP-06
A30: 18 | D30: Clarification requested | E30: Có yêu cầu làm rõ | F30: Medium | G30: Assisted workspace_018 | H30: Kiểm tra trạng thái Clarification requested | I30: Đăng nhập account Customer Admin; có [Workspace] Appendix 10 · 2022 · Medium của scope [System], chế độ Assisted; R.1.1.2 có yêu cầu làm rõ đang mở | J30: 1. Mở chi tiết [Workspace] (màn Workspaces, bấm tên workspace) 2. Kiểm tra requirement R.1.1.2 ở cây | W30: “Clarification requested” hiện ở đâu (chip trạng thái, bộ lọc) và khi nào xuất hiện? (UC EVA-01, EVA-02 và D41: làm rõ qua Gap Analysis; Figma không có; bộ lọc hệ thống chỉ có All, Missing, Partial, Provided) → Q-EA-05 | X30: UC-EVA-01
A31: 19 | C31: Tìm kiếm - Search | D31: Hiển thị | E31: Ô tìm kiếm | F31: Low | G31: Assisted workspace_019 | H31: Kiểm tra ô tìm kiếm của cây requirement | I31: Đăng nhập account Customer Admin; có [Workspace] Appendix 10 · 2022 · Medium của scope [System], chế độ Assisted | J31: 1. Mở chi tiết [Workspace] (màn Workspaces, bấm tên workspace) 2. Kiểm tra ô tìm kiếm ở đầu cột trái | K31: - Ô tìm kiếm có icon kính lúp, placeholder: Search - Bên cạnh có ô lọc trạng thái, mặc định All | X31: UC-EVA-01
A32: 20 | D32: Theo mã | E32: Mã requirement | F32: High | G32: Assisted workspace_020 | H32: Kiểm tra tìm theo mã requirement | I32: Đăng nhập account Customer Admin; có [Workspace] Appendix 10 · 2022 · Medium của scope [System], chế độ Assisted | J32: 1. Mở chi tiết [Workspace] (màn Workspaces, bấm tên workspace) 2. Nhập R.1.1.2 vào ô tìm kiếm | K32: - Cây chỉ còn nhóm 1 với requirement R.1.1.2 - Cột phải vẫn hiển thị requirement đang chọn trước đó | X32: UC-EVA-01
A33: 21 | D33: Theo tên | E33: Một phần tên requirement | F33: High | G33: Assisted workspace_021 | H33: Kiểm tra tìm theo một phần tên requirement | I33: Đăng nhập account Customer Admin; có [Workspace] Appendix 10 · 2022 · Medium của scope [System], chế độ Assisted | J33: 1. Mở chi tiết [Workspace] (màn Workspaces, bấm tên workspace) 2. Nhập inactive vào ô tìm kiếm | K33: - Cây chỉ còn nhóm 1 với requirement R.1.1.3 Disable inactive accounts automatically | X33: UC-EVA-01
A34: 22 | D34: Chữ hoa | E34: Từ khoá viết hoa | F34: Medium | G34: Assisted workspace_022 | H34: Kiểm tra tìm kiếm khi nhập chữ hoa | I34: Đăng nhập account Customer Admin; có [Workspace] Appendix 10 · 2022 · Medium của scope [System], chế độ Assisted | J34: 1. Mở chi tiết [Workspace] (màn Workspaces, bấm tên workspace) 2. Nhập ACCESS vào ô tìm kiếm | K34: - Kết quả giống khi nhập access: các requirement có chữ access trong tên (R.1.3.1, R.1.3.3, R.2.6.1) cùng nhóm của chúng | W34: Có phân biệt chữ hoa, chữ thường ở ô tìm kiếm không? (hệ thống không phân biệt; nếu Hanna trả lời Q-S-07 ở Scopes thì áp chung cho cây requirement được không?) → Q-S-07 | X34: UC-EVA-01
A35: 23 | D35: Không có kết quả | E35: Từ khoá không khớp | F35: High | G35: Assisted workspace_023 | H35: Kiểm tra tìm kiếm không ra kết quả | I35: Đăng nhập account Customer Admin; có [Workspace] Appendix 10 · 2022 · Medium của scope [System], chế độ Assisted | J35: 1. Mở chi tiết [Workspace] (màn Workspaces, bấm tên workspace) 2. Nhập zzzxx vào ô tìm kiếm | K35: - Cây ẩn mọi nhóm - Thông báo: No matching requirements - Dòng phụ: Try another search or filter. | W35: Câu “No matching requirements” / “Try another search or filter.” có đúng văn bản chính thức không? (chỉ lấy từ hệ thống; Figma chưa có trạng thái không có kết quả) → Q-EA-39 | X35: UC-EVA-01
A36: 24 | D36: Ký tự đặc biệt | E36: Chuỗi đặc biệt | F36: Medium | G36: Assisted workspace_024 | H36: Kiểm tra nhập ký tự đặc biệt vào ô tìm kiếm | I36: Đăng nhập account Customer Admin; có [Workspace] Appendix 10 · 2022 · Medium của scope [System], chế độ Assisted | J36: 1. Mở chi tiết [Workspace] (màn Workspaces, bấm tên workspace) 2. Nhập ' OR 1=1 -- vào ô tìm kiếm | K36: - Không có lỗi hệ thống, không lộ thông tin kỹ thuật - Chuỗi được tìm như văn bản thường | X36: UC-EVA-01
A37: 25 | D37: Xoá từ khoá | E37: Xoá hết | F37: Medium | G37: Assisted workspace_025 | H37: Kiểm tra xoá từ khoá tìm kiếm | I37: Đăng nhập account Customer Admin; có [Workspace] Appendix 10 · 2022 · Medium của scope [System], chế độ Assisted | J37: 1. Mở chi tiết [Workspace] (màn Workspaces, bấm tên workspace) 2. Nhập inactive vào ô tìm kiếm 3. Xoá hết nội dung ô tìm kiếm | K37: - Cây hiển thị lại đủ nhóm như lúc mở màn | X37: UC-EVA-01
A38: 26 | C38: Bộ lọc - Filter | D38: Hiển thị | E38: Các lựa chọn | F38: Medium | G38: Assisted workspace_026 | H38: Kiểm tra các lựa chọn của ô lọc trạng thái | I38: Đăng nhập account Customer Admin; có [Workspace] Appendix 10 · 2022 · Medium của scope [System], chế độ Assisted | J38: 1. Mở chi tiết [Workspace] (màn Workspaces, bấm tên workspace) 2. Bấm ô lọc trạng thái cạnh ô tìm kiếm | K38: - Mặc định: All - Các lựa chọn: All, Missing, Partial, Provided; mục đang chọn có dấu tích | W38: “Clarification requested” hiện ở đâu (chip trạng thái, bộ lọc) và khi nào xuất hiện? (UC EVA-01, EVA-02 và D41: làm rõ qua Gap Analysis; Figma không có; bộ lọc hệ thống chỉ có All, Missing, Partial, Provided) → Q-EA-05 | X38: UC-EVA-01
A39: 27 | D39: Lọc theo trạng thái | E39: Missing | F39: High | G39: Assisted workspace_027 | H39: Kiểm tra lọc requirement Missing | I39: Đăng nhập account Customer Admin; có [Workspace] Appendix 10 · 2022 · Medium của scope [System], chế độ Assisted; R.1.1.1 Provided, các requirement còn lại Missing | J39: 1. Mở chi tiết [Workspace] (màn Workspaces, bấm tên workspace) 2. Chọn Missing ở ô lọc trạng thái | K39: - Cây chỉ còn các requirement có chip Missing - Không còn requirement Provided | X39: UC-EVA-01
A40: 28 | E40: Provided | F40: High | G40: Assisted workspace_028 | H40: Kiểm tra lọc requirement Provided | I40: Đăng nhập account Customer Admin; có [Workspace] Appendix 10 · 2022 · Medium của scope [System], chế độ Assisted; R.1.1.1 Provided, các requirement còn lại Missing | J40: 1. Mở chi tiết [Workspace] (màn Workspaces, bấm tên workspace) 2. Chọn Provided ở ô lọc trạng thái | K40: - Cây chỉ còn requirement R.1.1.1 (chip Provided) | X40: UC-EVA-01
A41: 29 | E41: Partial | F41: Medium | G41: Assisted workspace_029 | H41: Kiểm tra lọc requirement Partial | I41: Đăng nhập account Customer Admin; có [Workspace] Appendix 10 · 2022 · Medium của scope [System], chế độ Assisted; R.1.1.4 Partial, các requirement còn lại Missing hoặc Provided | J41: 1. Mở chi tiết [Workspace] (màn Workspaces, bấm tên workspace) 2. Chọn Partial ở ô lọc trạng thái | K41: - Cây chỉ còn requirement R.1.1.4 (chip Partial) | X41: UC-EVA-01
A42: 30 | D42: Kết hợp | E42: Lọc và tìm cùng lúc | F42: Medium | G42: Assisted workspace_030 | H42: Kiểm tra dùng bộ lọc cùng từ khoá tìm kiếm | I42: Đăng nhập account Customer Admin; có [Workspace] Appendix 10 · 2022 · Medium của scope [System], chế độ Assisted; R.1.1.1 Provided, các requirement còn lại Missing | J42: 1. Mở chi tiết [Workspace] (màn Workspaces, bấm tên workspace) 2. Chọn Missing ở ô lọc trạng thái 3. Nhập inactive vào ô tìm kiếm | K42: - Cây chỉ còn requirement R.1.1.3 (Missing, tên có inactive) | W42: Ô tìm kiếm tìm theo những trường nào ngoài mã và tên requirement (mô tả, tên nhóm), và khi có nhiều điều kiện thì bộ lọc và từ khoá áp cùng lúc đúng không? (UC EVA-01 chỉ ghi “search and filter”; hệ thống tìm được theo mã và tên, không phân biệt chữ hoa; chưa thử mô tả, tên nhóm) → Q-EA-06 | X42: UC-EVA-01
A43: 31 | D43: Không có kết quả | E43: Không requirement khớp | F43: Medium | G43: Assisted workspace_031 | H43: Kiểm tra lọc khi không có requirement khớp | I43: Đăng nhập account Customer Admin; có [Workspace] Appendix 10 · 2022 · Medium của scope [System], chế độ Assisted, chưa có evidence nào | J43: 1. Mở chi tiết [Workspace] (màn Workspaces, bấm tên workspace) 2. Chọn Provided ở ô lọc trạng thái | W43: Khi bộ lọc trạng thái không có requirement nào khớp thì hiện thông báo gì? (hệ thống chỉ có thông báo cho trường hợp tìm kiếm: “No matching requirements” / “Try another search or filter”; Figma không có trạng thái này) → Q-EA-07 | X43: UC-EVA-01
A44: 32 | B44: Chi tiết requirement - Requirement detail | C44: Phần đầu requirement | D44: Breadcrumb | E44: Nhóm / nhóm con / mã | F44: Medium | G44: Assisted workspace_032 | H44: Kiểm tra breadcrumb của requirement | I44: Đăng nhập account Customer Admin; có [Workspace] Appendix 10 · 2022 · Medium của scope [System], chế độ Assisted | J44: 1. Mở chi tiết [Workspace] (màn Workspaces, bấm tên workspace) 2. Kiểm tra dòng đầu của cột phải | K44: - Breadcrumb: 1 Access Control / 1.1 Account management / R.1.1.1 - Hai mục đầu màu cam, mục cuối màu đen | X44: UC-EVA-02
A45: 33 | D45: Mã và tier | E45: Requirement thuộc Basic | F45: Medium | G45: Assisted workspace_033 | H45: Kiểm tra dòng mã và tier của requirement thuộc Basic | I45: Đăng nhập account Customer Admin; có [Workspace] Appendix 10 · 2022 · Medium của scope [System], chế độ Assisted | J45: 1. Mở chi tiết [Workspace] (màn Workspaces, bấm tên workspace) 2. Kiểm tra dòng nhỏ phía trên tiêu đề của R.1.1.1 | K45: - Dòng ghi: R.1.1.1 · from Basic | X45: UC-EVA-02
A46: 34 | E46: Requirement thêm ở Medium | F46: Medium | G46: Assisted workspace_034 | H46: Kiểm tra dòng mã và tier của requirement thêm ở Medium | I46: Đăng nhập account Customer Admin; có [Workspace] Appendix 10 · 2022 · Medium của scope [System], chế độ Assisted | J46: 1. Mở chi tiết [Workspace] (màn Workspaces, bấm tên workspace) 2. Chọn một requirement thêm ở tier Medium 3. Kiểm tra dòng nhỏ phía trên tiêu đề | K46: - Dòng ghi: <mã requirement> · from Medium | W46: Nhãn “from <tier>” hiện thế nào với requirement thêm ở Medium hoặc High, và với framework không có tier (vd ISO/IEC 27001)? (Figma, hệ thống chỉ có “from Basic”) → Q-EA-08 | X46: UC-EVA-02
A47: 35 | E47: Framework không có tier | F47: Medium | G47: Assisted workspace_035 | H47: Kiểm tra dòng mã của requirement thuộc framework không có tier | I47: Đăng nhập account Customer Admin; có [Workspace ISO] ISO/IEC 27001 · 2022 của scope [Organization], chế độ Assisted | J47: 1. Mở chi tiết [Workspace ISO] (màn Workspaces, bấm tên workspace) 2. Kiểm tra dòng nhỏ phía trên tiêu đề của requirement đầu tiên | W47: Nhãn “from <tier>” hiện thế nào với requirement thêm ở Medium hoặc High, và với framework không có tier (vd ISO/IEC 27001)? (Figma, hệ thống chỉ có “from Basic”) → Q-EA-08 | X47: UC-EVA-02
A48: 36 | D48: Nội dung | E48: Tiêu đề, mô tả, chip | F48: High | G48: Assisted workspace_036 | H48: Kiểm tra tiêu đề, mô tả và chip trạng thái của requirement | I48: Đăng nhập account Customer Admin; có [Workspace] Appendix 10 · 2022 · Medium của scope [System], chế độ Assisted | J48: 1. Mở chi tiết [Workspace] (màn Workspaces, bấm tên workspace) 2. Kiểm tra khối trên của cột phải | K48: - Tiêu đề: Establish an account management mechanism - Chip trạng thái ở góc phải khối - Mô tả: Establish an account management mechanism, including procedures for account application, creation, modification, activation, deactivation, and deletion. | X48: UC-EVA-02
A49: 37 | D49: Nhãn lạ | E49: No design yet | F49: Low | G49: Assisted workspace_037 | H49: Kiểm tra nhãn No design yet | I49: Đăng nhập account Customer Admin; có [Workspace] Appendix 10 · 2022 · Medium của scope [System], chế độ Assisted | J49: 1. Mở chi tiết [Workspace] (màn Workspaces, bấm tên workspace) 2. Kiểm tra bên phải ô Owner | W49: Nhãn vàng “No design yet” cạnh ô Owner là gì và khi nào hiện? (chỉ có ở hệ thống, requirement nào cũng có; UC và Figma không nêu) → Q-EA-02 | X49: UC-EVA-02
A50: 38 | D50: Yêu cầu làm rõ | E50: Đang mở | F50: Medium | G50: Assisted workspace_038 | H50: Kiểm tra hiển thị yêu cầu làm rõ đang mở | I50: Đăng nhập account Customer Admin; có [Workspace] Appendix 10 · 2022 · Medium của scope [System], chế độ Assisted; R.1.1.2 có yêu cầu làm rõ đang mở | J50: 1. Mở chi tiết [Workspace] (màn Workspaces, bấm tên workspace) 2. Chọn requirement R.1.1.2 3. Kiểm tra chi tiết requirement | W50: Requirement có yêu cầu làm rõ đang mở (Gap Analysis) thì hiện ở khu vực nào của chi tiết requirement? (UC EVA-02: “open clarifications (GAP-03)”; Figma, hệ thống không có) → Q-EA-15 | X50: UC-EVA-02
