Workbook

Sheet Cover
C2: TEST CASE
B3: Project Name | C3: DTP | F3: Creator
B4: Project Code | F4: Reviewer/Approver
B5: Document Code | F5: Issue Date
F6: Version | G6: Version 1.8
B7: Purpose of document
B8: Test environment
B9: Record of change
B10: Effective Date | C10: Version | D10: Change Item | E10: *A,D,M | F10: Change description | G10: Reference
B11: 01/10/2026 | C11: 1.0 | D11: Login, Scopes | E11: A | F11: Tạo mới | G11: UC List v2.1, Figma
B12: 02/10/2026 | C12: 1.1 | D12: Tất cả sheet | E12: M | F12: Một màu, một phông | G12: FB-016, FB-019
B13: 02/10/2026 | C13: 1.1 | D13: Login | E13: M | F13: Sửa vùng đếm tổng kết | G13: FB-019
B14: 05/10/2026 | C14: 1.2 | D14: Users, Profile, Cần xác nhận | E14: A | F14: Tạo mới từ UC List v4; nhãn, bố cục chờ Figma trang 02 | G14: UC List v4
B15: 06/10/2026 | C15: 1.3 | D15: Scopes, Login, Users | E15: M | F15: Pre-condition chỉ ghi trạng thái trước khi vào màn đang test, mở màn là Step 1; đổi Name sang giá trị cụ thể ở các case tạo scope | G15: FB-040
B16: 06/10/2026 | C16: 1.3 | D16: Scopes | E16: A | F16: Thêm Scope_130–132; viết lại Scope_021, 022, 025, 026 kiểm tra đủ Type, Name, In scope, Out of scope; thêm Q-S-28 | G16: FB-041
B17: 07/10/2026 | C17: 1.4 | D17: Scopes | E17: M | F17: Hanna viết lại khu vực Điều hướng và Danh sách scope (No. 1–67) | G17: FB-042 → FB-046
B18: 07/10/2026 | C18: 1.5 | D18: Scopes | E18: M | F18: Viết lại từ Chi tiết scope trở xuống theo cách viết của bản 1.4; thêm case biên cho Evidence coverage, Coverage; đánh lại No. và TVP_ID | G18: FB-042 → FB-048
B19: 07/10/2026 | C19: 1.5 | D19: Tất cả sheet | E19: M | F19: Mọi ô Times New Roman 10; ô bắt đầu bằng dấu - có dấu nháy đơn ở đầu | G19: FB-016, FB-049
B20: 08/10/2026 | C20: 1.6 | D20: Frameworks | E20: A | F20: Thêm sheet Frameworks (118 case; Expected để trống ở case còn câu hỏi Q-F) | G20: UC v4 FWK-01…07
B21: 08/10/2026 | C21: 1.7 | D21: Frameworks | E21: M | F21: Soát lại theo review Opus và các chỗ Hanna sửa: viết lại Total to meet theo công thức, điền Expected cho case kiểm được trên hệ thống, bỏ case trùng, thêm case thiếu | G21: FB-053, FB-054
B22: 08/10/2026 | C22: 1.8 | D22: Frameworks | E22: M | F22: Sửa theo soát lỗi bản 1.7: xoá câu hỏi đã có trả lời, khôi phục chữ Hanna sửa, bỏ khẳng định chưa kiểm chứng, sửa định dạng ô Classification | G22: FB-053, FB-054
B25: Annotation:
B26: A: Add
B27: D: Delete
B28: M: Modify

Sheet Test_Report
E2: Test Round 1 | N2: Test Round 2 (After fixed bug)
B3: Sheet name | C3: Classification I | D3: Classification II | E3: Executed rate | F3: Executed | G3: Total | H3: Passed | I3: Failed | J3: Pending | K3: Blocked | L3: NA | M3: Not execute | N3: Executed rate | O3: Executed | P3: Total | Q3: Passed | R3: Failed | S3: Pending | T3: Blocked | U3: NA | V3: Not execute
B4: Login | C4: Đăng nhập - Login | D4: Điều hướng - Redirect | E4: =F4/G4 | F4: =SUM(H4:L4) | G4: =SUM(H4:M4) | H4: =COUNTIF('Login'!$M$13:$M$15,H$3) | I4: =COUNTIF('Login'!$M$13:$M$15,I$3) | J4: =COUNTIF('Login'!$M$13:$M$15,J$3) | K4: =COUNTIF('Login'!$M$13:$M$15,K$3) | L4: =COUNTIF('Login'!$M$13:$M$15,L$3) | M4: =COUNTA('Login'!$G$13:$G$15)-SUM(H4:L4) | N4: =O4/P4 | O4: =SUM(Q4:U4) | P4: =SUM(Q4:V4) | Q4: =COUNTIF('Login'!$R$13:$R$15,Q$3) | R4: =COUNTIF('Login'!$R$13:$R$15,R$3) | S4: =COUNTIF('Login'!$R$13:$R$15,S$3) | T4: =COUNTIF('Login'!$R$13:$R$15,T$3) | U4: =COUNTIF('Login'!$R$13:$R$15,U$3) | V4: =COUNTA('Login'!$G$13:$G$15)-SUM(Q4:U4)
C5: Đăng nhập - Login | D5: Hiển thị - Display | E5: =F5/G5 | F5: =SUM(H5:L5) | G5: =SUM(H5:M5) | H5: =COUNTIF('Login'!$M$16:$M$19,H$3) | I5: =COUNTIF('Login'!$M$16:$M$19,I$3) | J5: =COUNTIF('Login'!$M$16:$M$19,J$3) | K5: =COUNTIF('Login'!$M$16:$M$19,K$3) | L5: =COUNTIF('Login'!$M$16:$M$19,L$3) | M5: =COUNTA('Login'!$G$16:$G$19)-SUM(H5:L5) | N5: =O5/P5 | O5: =SUM(Q5:U5) | P5: =SUM(Q5:V5) | Q5: =COUNTIF('Login'!$R$16:$R$19,Q$3) | R5: =COUNTIF('Login'!$R$16:$R$19,R$3) | S5: =COUNTIF('Login'!$R$16:$R$19,S$3) | T5: =COUNTIF('Login'!$R$16:$R$19,T$3) | U5: =COUNTIF('Login'!$R$16:$R$19,U$3) | V5: =COUNTA('Login'!$G$16:$G$19)-SUM(Q5:U5)
C6: Đăng nhập - Login | D6: Ngôn ngữ - Language | E6: =F6/G6 | F6: =SUM(H6:L6) | G6: =SUM(H6:M6) | H6: =COUNTIF('Login'!$M$20:$M$23,H$3) | I6: =COUNTIF('Login'!$M$20:$M$23,I$3) | J6: =COUNTIF('Login'!$M$20:$M$23,J$3) | K6: =COUNTIF('Login'!$M$20:$M$23,K$3) | L6: =COUNTIF('Login'!$M$20:$M$23,L$3) | M6: =COUNTA('Login'!$G$20:$G$23)-SUM(H6:L6) | N6: =O6/P6 | O6: =SUM(Q6:U6) | P6: =SUM(Q6:V6) | Q6: =COUNTIF('Login'!$R$20:$R$23,Q$3) | R6: =COUNTIF('Login'!$R$20:$R$23,R$3) | S6: =COUNTIF('Login'!$R$20:$R$23,S$3) | T6: =COUNTIF('Login'!$R$20:$R$23,T$3) | U6: =COUNTIF('Login'!$R$20:$R$23,U$3) | V6: =COUNTA('Login'!$G$20:$G$23)-SUM(Q6:U6)
C7: Đăng nhập - Login | D7: Email | E7: =F7/G7 | F7: =SUM(H7:L7) | G7: =SUM(H7:M7) | H7: =COUNTIF('Login'!$M$24:$M$32,H$3) | I7: =COUNTIF('Login'!$M$24:$M$32,I$3) | J7: =COUNTIF('Login'!$M$24:$M$32,J$3) | K7: =COUNTIF('Login'!$M$24:$M$32,K$3) | L7: =COUNTIF('Login'!$M$24:$M$32,L$3) | M7: =COUNTA('Login'!$G$24:$G$32)-SUM(H7:L7) | N7: =O7/P7 | O7: =SUM(Q7:U7) | P7: =SUM(Q7:V7) | Q7: =COUNTIF('Login'!$R$24:$R$32,Q$3) | R7: =COUNTIF('Login'!$R$24:$R$32,R$3) | S7: =COUNTIF('Login'!$R$24:$R$32,S$3) | T7: =COUNTIF('Login'!$R$24:$R$32,T$3) | U7: =COUNTIF('Login'!$R$24:$R$32,U$3) | V7: =COUNTA('Login'!$G$24:$G$32)-SUM(Q7:U7)
C8: Đăng nhập - Login | D8: Mật khẩu - Password | E8: =F8/G8 | F8: =SUM(H8:L8) | G8: =SUM(H8:M8) | H8: =COUNTIF('Login'!$M$33:$M$39,H$3) | I8: =COUNTIF('Login'!$M$33:$M$39,I$3) | J8: =COUNTIF('Login'!$M$33:$M$39,J$3) | K8: =COUNTIF('Login'!$M$33:$M$39,K$3) | L8: =COUNTIF('Login'!$M$33:$M$39,L$3) | M8: =COUNTA('Login'!$G$33:$G$39)-SUM(H8:L8) | N8: =O8/P8 | O8: =SUM(Q8:U8) | P8: =SUM(Q8:V8) | Q8: =COUNTIF('Login'!$R$33:$R$39,Q$3) | R8: =COUNTIF('Login'!$R$33:$R$39,R$3) | S8: =COUNTIF('Login'!$R$33:$R$39,S$3) | T8: =COUNTIF('Login'!$R$33:$R$39,T$3) | U8: =COUNTIF('Login'!$R$33:$R$39,U$3) | V8: =COUNTA('Login'!$G$33:$G$39)-SUM(Q8:U8)
C9: Đăng nhập - Login | D9: Ghi nhớ đăng nhập | E9: =F9/G9 | F9: =SUM(H9:L9) | G9: =SUM(H9:M9) | H9: =COUNTIF('Login'!$M$40:$M$43,H$3) | I9: =COUNTIF('Login'!$M$40:$M$43,I$3) | J9: =COUNTIF('Login'!$M$40:$M$43,J$3) | K9: =COUNTIF('Login'!$M$40:$M$43,K$3) | L9: =COUNTIF('Login'!$M$40:$M$43,L$3) | M9: =COUNTA('Login'!$G$40:$G$43)-SUM(H9:L9) | N9: =O9/P9 | O9: =SUM(Q9:U9) | P9: =SUM(Q9:V9) | Q9: =COUNTIF('Login'!$R$40:$R$43,Q$3) | R9: =COUNTIF('Login'!$R$40:$R$43,R$3) | S9: =COUNTIF('Login'!$R$40:$R$43,S$3) | T9: =COUNTIF('Login'!$R$40:$R$43,T$3) | U9: =COUNTIF('Login'!$R$40:$R$43,U$3) | V9: =COUNTA('Login'!$G$40:$G$43)-SUM(Q9:U9)
C10: Đăng nhập - Login | D10: Đăng nhập - Sign in | E10: =F10/G10 | F10: =SUM(H10:L10) | G10: =SUM(H10:M10) | H10: =COUNTIF('Login'!$M$44:$M$53,H$3) | I10: =COUNTIF('Login'!$M$44:$M$53,I$3) | J10: =COUNTIF('Login'!$M$44:$M$53,J$3) | K10: =COUNTIF('Login'!$M$44:$M$53,K$3) | L10: =COUNTIF('Login'!$M$44:$M$53,L$3) | M10: =COUNTA('Login'!$G$44:$G$53)-SUM(H10:L10) | N10: =O10/P10 | O10: =SUM(Q10:U10) | P10: =SUM(Q10:V10) | Q10: =COUNTIF('Login'!$R$44:$R$53,Q$3) | R10: =COUNTIF('Login'!$R$44:$R$53,R$3) | S10: =COUNTIF('Login'!$R$44:$R$53,S$3) | T10: =COUNTIF('Login'!$R$44:$R$53,T$3) | U10: =COUNTIF('Login'!$R$44:$R$53,U$3) | V10: =COUNTA('Login'!$G$44:$G$53)-SUM(Q10:U10)
C11: Đăng nhập - Login | D11: Nút Sign in | E11: =F11/G11 | F11: =SUM(H11:L11) | G11: =SUM(H11:M11) | H11: =COUNTIF('Login'!$M$54:$M$56,H$3) | I11: =COUNTIF('Login'!$M$54:$M$56,I$3) | J11: =COUNTIF('Login'!$M$54:$M$56,J$3) | K11: =COUNTIF('Login'!$M$54:$M$56,K$3) | L11: =COUNTIF('Login'!$M$54:$M$56,L$3) | M11: =COUNTA('Login'!$G$54:$G$56)-SUM(H11:L11) | N11: =O11/P11 | O11: =SUM(Q11:U11) | P11: =SUM(Q11:V11) | Q11: =COUNTIF('Login'!$R$54:$R$56,Q$3) | R11: =COUNTIF('Login'!$R$54:$R$56,R$3) | S11: =COUNTIF('Login'!$R$54:$R$56,S$3) | T11: =COUNTIF('Login'!$R$54:$R$56,T$3) | U11: =COUNTIF('Login'!$R$54:$R$56,U$3) | V11: =COUNTA('Login'!$G$54:$G$56)-SUM(Q11:U11)
C12: Đăng nhập - Login | D12: Hỗ trợ - Support | E12: =F12/G12 | F12: =SUM(H12:L12) | G12: =SUM(H12:M12) | H12: =COUNTIF('Login'!$M$57:$M$59,H$3) | I12: =COUNTIF('Login'!$M$57:$M$59,I$3) | J12: =COUNTIF('Login'!$M$57:$M$59,J$3) | K12: =COUNTIF('Login'!$M$57:$M$59,K$3) | L12: =COUNTIF('Login'!$M$57:$M$59,L$3) | M12: =COUNTA('Login'!$G$57:$G$59)-SUM(H12:L12) | N12: =O12/P12 | O12: =SUM(Q12:U12) | P12: =SUM(Q12:V12) | Q12: =COUNTIF('Login'!$R$57:$R$59,Q$3) | R12: =COUNTIF('Login'!$R$57:$R$59,R$3) | S12: =COUNTIF('Login'!$R$57:$R$59,S$3) | T12: =COUNTIF('Login'!$R$57:$R$59,T$3) | U12: =COUNTIF('Login'!$R$57:$R$59,U$3) | V12: =COUNTA('Login'!$G$57:$G$59)-SUM(Q12:U12)
C13: Đăng nhập - Login | D13: Bảo mật - Security | E13: =F13/G13 | F13: =SUM(H13:L13) | G13: =SUM(H13:M13) | H13: =COUNTIF('Login'!$M$60:$M$64,H$3) | I13: =COUNTIF('Login'!$M$60:$M$64,I$3) | J13: =COUNTIF('Login'!$M$60:$M$64,J$3) | K13: =COUNTIF('Login'!$M$60:$M$64,K$3) | L13: =COUNTIF('Login'!$M$60:$M$64,L$3) | M13: =COUNTA('Login'!$G$60:$G$64)-SUM(H13:L13) | N13: =O13/P13 | O13: =SUM(Q13:U13) | P13: =SUM(Q13:V13) | Q13: =COUNTIF('Login'!$R$60:$R$64,Q$3) | R13: =COUNTIF('Login'!$R$60:$R$64,R$3) | S13: =COUNTIF('Login'!$R$60:$R$64,S$3) | T13: =COUNTIF('Login'!$R$60:$R$64,T$3) | U13: =COUNTIF('Login'!$R$60:$R$64,U$3) | V13: =COUNTA('Login'!$G$60:$G$64)-SUM(Q13:U13)
C14: Total | E14: =F14/G14 | F14: =SUM(H14:L14) | G14: =SUM(H14:M14) | H14: =SUM(H4:H13) | I14: =SUM(I4:I13) | J14: =SUM(J4:J13) | K14: =SUM(K4:K13) | L14: =SUM(L4:L13) | M14: =SUM(M4:M13) | N14: =O14/P14 | O14: =SUM(Q14:U14) | P14: =SUM(Q14:V14) | Q14: =SUM(Q4:Q13) | R14: =SUM(R4:R13) | S14: =SUM(S4:S13) | T14: =SUM(T4:T13) | U14: =SUM(U4:U13) | V14: =SUM(V4:V13)
B15: Scopes | C15: Điều hướng - Redirect | D15: Vào danh sách - Scope list | E15: =F15/G15 | F15: =SUM(H15:L15) | G15: =SUM(H15:M15) | H15: =COUNTIF('Scopes'!$M$13:$M$14,H$3) | I15: =COUNTIF('Scopes'!$M$13:$M$14,I$3) | J15: =COUNTIF('Scopes'!$M$13:$M$14,J$3) | K15: =COUNTIF('Scopes'!$M$13:$M$14,K$3) | L15: =COUNTIF('Scopes'!$M$13:$M$14,L$3) | M15: =COUNTA('Scopes'!$G$13:$G$14)-SUM(H15:L15) | N15: =O15/P15 | O15: =SUM(Q15:U15) | P15: =SUM(Q15:V15) | Q15: =COUNTIF('Scopes'!$R$13:$R$14,Q$3) | R15: =COUNTIF('Scopes'!$R$13:$R$14,R$3) | S15: =COUNTIF('Scopes'!$R$13:$R$14,S$3) | T15: =COUNTIF('Scopes'!$R$13:$R$14,T$3) | U15: =COUNTIF('Scopes'!$R$13:$R$14,U$3) | V15: =COUNTA('Scopes'!$G$13:$G$14)-SUM(Q15:U15)
C16: Điều hướng - Redirect | D16: Vào chi tiết - Scope detail | E16: =F16/G16 | F16: =SUM(H16:L16) | G16: =SUM(H16:M16) | H16: =COUNTIF('Scopes'!$M$15:$M$17,H$3) | I16: =COUNTIF('Scopes'!$M$15:$M$17,I$3) | J16: =COUNTIF('Scopes'!$M$15:$M$17,J$3) | K16: =COUNTIF('Scopes'!$M$15:$M$17,K$3) | L16: =COUNTIF('Scopes'!$M$15:$M$17,L$3) | M16: =COUNTA('Scopes'!$G$15:$G$17)-SUM(H16:L16) | N16: =O16/P16 | O16: =SUM(Q16:U16) | P16: =SUM(Q16:V16) | Q16: =COUNTIF('Scopes'!$R$15:$R$17,Q$3) | R16: =COUNTIF('Scopes'!$R$15:$R$17,R$3) | S16: =COUNTIF('Scopes'!$R$15:$R$17,S$3) | T16: =COUNTIF('Scopes'!$R$15:$R$17,T$3) | U16: =COUNTIF('Scopes'!$R$15:$R$17,U$3) | V16: =COUNTA('Scopes'!$G$15:$G$17)-SUM(Q16:U16)
C17: Danh sách scope - Scope list | D17: Tiêu đề trang - Title | E17: =F17/G17 | F17: =SUM(H17:L17) | G17: =SUM(H17:M17) | H17: =COUNTIF('Scopes'!$M$18:$M$18,H$3) | I17: =COUNTIF('Scopes'!$M$18:$M$18,I$3) | J17: =COUNTIF('Scopes'!$M$18:$M$18,J$3) | K17: =COUNTIF('Scopes'!$M$18:$M$18,K$3) | L17: =COUNTIF('Scopes'!$M$18:$M$18,L$3) | M17: =COUNTA('Scopes'!$G$18:$G$18)-SUM(H17:L17) | N17: =O17/P17 | O17: =SUM(Q17:U17) | P17: =SUM(Q17:V17) | Q17: =COUNTIF('Scopes'!$R$18:$R$18,Q$3) | R17: =COUNTIF('Scopes'!$R$18:$R$18,R$3) | S17: =COUNTIF('Scopes'!$R$18:$R$18,S$3) | T17: =COUNTIF('Scopes'!$R$18:$R$18,T$3) | U17: =COUNTIF('Scopes'!$R$18:$R$18,U$3) | V17: =COUNTA('Scopes'!$G$18:$G$18)-SUM(Q17:U17)
C18: Danh sách scope - Scope list | D18: Trạng thái rỗng - Empty | E18: =F18/G18 | F18: =SUM(H18:L18) | G18: =SUM(H18:M18) | H18: =COUNTIF('Scopes'!$M$19:$M$19,H$3) | I18: =COUNTIF('Scopes'!$M$19:$M$19,I$3) | J18: =COUNTIF('Scopes'!$M$19:$M$19,J$3) | K18: =COUNTIF('Scopes'!$M$19:$M$19,K$3) | L18: =COUNTIF('Scopes'!$M$19:$M$19,L$3) | M18: =COUNTA('Scopes'!$G$19:$G$19)-SUM(H18:L18) | N18: =O18/P18 | O18: =SUM(Q18:U18) | P18: =SUM(Q18:V18) | Q18: =COUNTIF('Scopes'!$R$19:$R$19,Q$3) | R18: =COUNTIF('Scopes'!$R$19:$R$19,R$3) | S18: =COUNTIF('Scopes'!$R$19:$R$19,S$3) | T18: =COUNTIF('Scopes'!$R$19:$R$19,T$3) | U18: =COUNTIF('Scopes'!$R$19:$R$19,U$3) | V18: =COUNTA('Scopes'!$G$19:$G$19)-SUM(Q18:U18)
C19: Danh sách scope - Scope list | D19: Tạo scope - Create scope | E19: =F19/G19 | F19: =SUM(H19:L19) | G19: =SUM(H19:M19) | H19: =COUNTIF('Scopes'!$M$20:$M$39,H$3) | I19: =COUNTIF('Scopes'!$M$20:$M$39,I$3) | J19: =COUNTIF('Scopes'!$M$20:$M$39,J$3) | K19: =COUNTIF('Scopes'!$M$20:$M$39,K$3) | L19: =COUNTIF('Scopes'!$M$20:$M$39,L$3) | M19: =COUNTA('Scopes'!$G$20:$G$39)-SUM(H19:L19) | N19: =O19/P19 | O19: =SUM(Q19:U19) | P19: =SUM(Q19:V19) | Q19: =COUNTIF('Scopes'!$R$20:$R$39,Q$3) | R19: =COUNTIF('Scopes'!$R$20:$R$39,R$3) | S19: =COUNTIF('Scopes'!$R$20:$R$39,S$3) | T19: =COUNTIF('Scopes'!$R$20:$R$39,T$3) | U19: =COUNTIF('Scopes'!$R$20:$R$39,U$3) | V19: =COUNTA('Scopes'!$G$20:$G$39)-SUM(Q19:U19)
C20: Danh sách scope - Scope list | D20: Thanh công cụ - Toolbar | E20: =F20/G20 | F20: =SUM(H20:L20) | G20: =SUM(H20:M20) | H20: =COUNTIF('Scopes'!$M$40:$M$46,H$3) | I20: =COUNTIF('Scopes'!$M$40:$M$46,I$3) | J20: =COUNTIF('Scopes'!$M$40:$M$46,J$3) | K20: =COUNTIF('Scopes'!$M$40:$M$46,K$3) | L20: =COUNTIF('Scopes'!$M$40:$M$46,L$3) | M20: =COUNTA('Scopes'!$G$40:$G$46)-SUM(H20:L20) | N20: =O20/P20 | O20: =SUM(Q20:U20) | P20: =SUM(Q20:V20) | Q20: =COUNTIF('Scopes'!$R$40:$R$46,Q$3) | R20: =COUNTIF('Scopes'!$R$40:$R$46,R$3) | S20: =COUNTIF('Scopes'!$R$40:$R$46,S$3) | T20: =COUNTIF('Scopes'!$R$40:$R$46,T$3) | U20: =COUNTIF('Scopes'!$R$40:$R$46,U$3) | V20: =COUNTA('Scopes'!$G$40:$G$46)-SUM(Q20:U20)
C21: Danh sách scope - Scope list | D21: Bảng danh sách - Table | E21: =F21/G21 | F21: =SUM(H21:L21) | G21: =SUM(H21:M21) | H21: =COUNTIF('Scopes'!$M$47:$M$68,H$3) | I21: =COUNTIF('Scopes'!$M$47:$M$68,I$3) | J21: =COUNTIF('Scopes'!$M$47:$M$68,J$3) | K21: =COUNTIF('Scopes'!$M$47:$M$68,K$3) | L21: =COUNTIF('Scopes'!$M$47:$M$68,L$3) | M21: =COUNTA('Scopes'!$G$47:$G$68)-SUM(H21:L21) | N21: =O21/P21 | O21: =SUM(Q21:U21) | P21: =SUM(Q21:V21) | Q21: =COUNTIF('Scopes'!$R$47:$R$68,Q$3) | R21: =COUNTIF('Scopes'!$R$47:$R$68,R$3) | S21: =COUNTIF('Scopes'!$R$47:$R$68,S$3) | T21: =COUNTIF('Scopes'!$R$47:$R$68,T$3) | U21: =COUNTIF('Scopes'!$R$47:$R$68,U$3) | V21: =COUNTA('Scopes'!$G$47:$G$68)-SUM(Q21:U21)
C22: Danh sách scope - Scope list | D22: Phân trang - Paging | E22: =F22/G22 | F22: =SUM(H22:L22) | G22: =SUM(H22:M22) | H22: =COUNTIF('Scopes'!$M$69:$M$73,H$3) | I22: =COUNTIF('Scopes'!$M$69:$M$73,I$3) | J22: =COUNTIF('Scopes'!$M$69:$M$73,J$3) | K22: =COUNTIF('Scopes'!$M$69:$M$73,K$3) | L22: =COUNTIF('Scopes'!$M$69:$M$73,L$3) | M22: =COUNTA('Scopes'!$G$69:$G$73)-SUM(H22:L22) | N22: =O22/P22 | O22: =SUM(Q22:U22) | P22: =SUM(Q22:V22) | Q22: =COUNTIF('Scopes'!$R$69:$R$73,Q$3) | R22: =COUNTIF('Scopes'!$R$69:$R$73,R$3) | S22: =COUNTIF('Scopes'!$R$69:$R$73,S$3) | T22: =COUNTIF('Scopes'!$R$69:$R$73,T$3) | U22: =COUNTIF('Scopes'!$R$69:$R$73,U$3) | V22: =COUNTA('Scopes'!$G$69:$G$73)-SUM(Q22:U22)
C23: Chi tiết scope - Scope detail | D23: Phần đầu - Header | E23: =F23/G23 | F23: =SUM(H23:L23) | G23: =SUM(H23:M23) | H23: =COUNTIF('Scopes'!$M$74:$M$80,H$3) | I23: =COUNTIF('Scopes'!$M$74:$M$80,I$3) | J23: =COUNTIF('Scopes'!$M$74:$M$80,J$3) | K23: =COUNTIF('Scopes'!$M$74:$M$80,K$3) | L23: =COUNTIF('Scopes'!$M$74:$M$80,L$3) | M23: =COUNTA('Scopes'!$G$74:$G$80)-SUM(H23:L23) | N23: =O23/P23 | O23: =SUM(Q23:U23) | P23: =SUM(Q23:V23) | Q23: =COUNTIF('Scopes'!$R$74:$R$80,Q$3) | R23: =COUNTIF('Scopes'!$R$74:$R$80,R$3) | S23: =COUNTIF('Scopes'!$R$74:$R$80,S$3) | T23: =COUNTIF('Scopes'!$R$74:$R$80,T$3) | U23: =COUNTIF('Scopes'!$R$74:$R$80,U$3) | V23: =COUNTA('Scopes'!$G$74:$G$80)-SUM(Q23:U23)
C24: Chi tiết scope - Scope detail | D24: Điều hướng trong màn - Section nav | E24: =F24/G24 | F24: =SUM(H24:L24) | G24: =SUM(H24:M24) | H24: =COUNTIF('Scopes'!$M$81:$M$82,H$3) | I24: =COUNTIF('Scopes'!$M$81:$M$82,I$3) | J24: =COUNTIF('Scopes'!$M$81:$M$82,J$3) | K24: =COUNTIF('Scopes'!$M$81:$M$82,K$3) | L24: =COUNTIF('Scopes'!$M$81:$M$82,L$3) | M24: =COUNTA('Scopes'!$G$81:$G$82)-SUM(H24:L24) | N24: =O24/P24 | O24: =SUM(Q24:U24) | P24: =SUM(Q24:V24) | Q24: =COUNTIF('Scopes'!$R$81:$R$82,Q$3) | R24: =COUNTIF('Scopes'!$R$81:$R$82,R$3) | S24: =COUNTIF('Scopes'!$R$81:$R$82,S$3) | T24: =COUNTIF('Scopes'!$R$81:$R$82,T$3) | U24: =COUNTIF('Scopes'!$R$81:$R$82,U$3) | V24: =COUNTA('Scopes'!$G$81:$G$82)-SUM(Q24:U24)
C25: Chi tiết scope - Scope detail | D25: Tổng quan - Overview | E25: =F25/G25 | F25: =SUM(H25:L25) | G25: =SUM(H25:M25) | H25: =COUNTIF('Scopes'!$M$83:$M$86,H$3) | I25: =COUNTIF('Scopes'!$M$83:$M$86,I$3) | J25: =COUNTIF('Scopes'!$M$83:$M$86,J$3) | K25: =COUNTIF('Scopes'!$M$83:$M$86,K$3) | L25: =COUNTIF('Scopes'!$M$83:$M$86,L$3) | M25: =COUNTA('Scopes'!$G$83:$G$86)-SUM(H25:L25) | N25: =O25/P25 | O25: =SUM(Q25:U25) | P25: =SUM(Q25:V25) | Q25: =COUNTIF('Scopes'!$R$83:$R$86,Q$3) | R25: =COUNTIF('Scopes'!$R$83:$R$86,R$3) | S25: =COUNTIF('Scopes'!$R$83:$R$86,S$3) | T25: =COUNTIF('Scopes'!$R$83:$R$86,T$3) | U25: =COUNTIF('Scopes'!$R$83:$R$86,U$3) | V25: =COUNTA('Scopes'!$G$83:$G$86)-SUM(Q25:U25)
C26: Chi tiết scope - Scope detail | D26: Sửa scope - Edit scope | E26: =F26/G26 | F26: =SUM(H26:L26) | G26: =SUM(H26:M26) | H26: =COUNTIF('Scopes'!$M$87:$M$95,H$3) | I26: =COUNTIF('Scopes'!$M$87:$M$95,I$3) | J26: =COUNTIF('Scopes'!$M$87:$M$95,J$3) | K26: =COUNTIF('Scopes'!$M$87:$M$95,K$3) | L26: =COUNTIF('Scopes'!$M$87:$M$95,L$3) | M26: =COUNTA('Scopes'!$G$87:$G$95)-SUM(H26:L26) | N26: =O26/P26 | O26: =SUM(Q26:U26) | P26: =SUM(Q26:V26) | Q26: =COUNTIF('Scopes'!$R$87:$R$95,Q$3) | R26: =COUNTIF('Scopes'!$R$87:$R$95,R$3) | S26: =COUNTIF('Scopes'!$R$87:$R$95,S$3) | T26: =COUNTIF('Scopes'!$R$87:$R$95,T$3) | U26: =COUNTIF('Scopes'!$R$87:$R$95,U$3) | V26: =COUNTA('Scopes'!$G$87:$G$95)-SUM(Q26:U26)
C27: Chi tiết scope - Scope detail | D27: Khối Frameworks - Frameworks | E27: =F27/G27 | F27: =SUM(H27:L27) | G27: =SUM(H27:M27) | H27: =COUNTIF('Scopes'!$M$96:$M$107,H$3) | I27: =COUNTIF('Scopes'!$M$96:$M$107,I$3) | J27: =COUNTIF('Scopes'!$M$96:$M$107,J$3) | K27: =COUNTIF('Scopes'!$M$96:$M$107,K$3) | L27: =COUNTIF('Scopes'!$M$96:$M$107,L$3) | M27: =COUNTA('Scopes'!$G$96:$G$107)-SUM(H27:L27) | N27: =O27/P27 | O27: =SUM(Q27:U27) | P27: =SUM(Q27:V27) | Q27: =COUNTIF('Scopes'!$R$96:$R$107,Q$3) | R27: =COUNTIF('Scopes'!$R$96:$R$107,R$3) | S27: =COUNTIF('Scopes'!$R$96:$R$107,S$3) | T27: =COUNTIF('Scopes'!$R$96:$R$107,T$3) | U27: =COUNTIF('Scopes'!$R$96:$R$107,U$3) | V27: =COUNTA('Scopes'!$G$96:$G$107)-SUM(Q27:U27)
C28: Chi tiết scope - Scope detail | D28: Gắn framework - Link framework | E28: =F28/G28 | F28: =SUM(H28:L28) | G28: =SUM(H28:M28) | H28: =COUNTIF('Scopes'!$M$108:$M$119,H$3) | I28: =COUNTIF('Scopes'!$M$108:$M$119,I$3) | J28: =COUNTIF('Scopes'!$M$108:$M$119,J$3) | K28: =COUNTIF('Scopes'!$M$108:$M$119,K$3) | L28: =COUNTIF('Scopes'!$M$108:$M$119,L$3) | M28: =COUNTA('Scopes'!$G$108:$G$119)-SUM(H28:L28) | N28: =O28/P28 | O28: =SUM(Q28:U28) | P28: =SUM(Q28:V28) | Q28: =COUNTIF('Scopes'!$R$108:$R$119,Q$3) | R28: =COUNTIF('Scopes'!$R$108:$R$119,R$3) | S28: =COUNTIF('Scopes'!$R$108:$R$119,S$3) | T28: =COUNTIF('Scopes'!$R$108:$R$119,T$3) | U28: =COUNTIF('Scopes'!$R$108:$R$119,U$3) | V28: =COUNTA('Scopes'!$G$108:$G$119)-SUM(Q28:U28)
C29: Chi tiết scope - Scope detail | D29: Đổi tier - Change tier | E29: =F29/G29 | F29: =SUM(H29:L29) | G29: =SUM(H29:M29) | H29: =COUNTIF('Scopes'!$M$120:$M$125,H$3) | I29: =COUNTIF('Scopes'!$M$120:$M$125,I$3) | J29: =COUNTIF('Scopes'!$M$120:$M$125,J$3) | K29: =COUNTIF('Scopes'!$M$120:$M$125,K$3) | L29: =COUNTIF('Scopes'!$M$120:$M$125,L$3) | M29: =COUNTA('Scopes'!$G$120:$G$125)-SUM(H29:L29) | N29: =O29/P29 | O29: =SUM(Q29:U29) | P29: =SUM(Q29:V29) | Q29: =COUNTIF('Scopes'!$R$120:$R$125,Q$3) | R29: =COUNTIF('Scopes'!$R$120:$R$125,R$3) | S29: =COUNTIF('Scopes'!$R$120:$R$125,S$3) | T29: =COUNTIF('Scopes'!$R$120:$R$125,T$3) | U29: =COUNTIF('Scopes'!$R$120:$R$125,U$3) | V29: =COUNTA('Scopes'!$G$120:$G$125)-SUM(Q29:U29)
C30: Chi tiết scope - Scope detail | D30: Khối Users - Users | E30: =F30/G30 | F30: =SUM(H30:L30) | G30: =SUM(H30:M30) | H30: =COUNTIF('Scopes'!$M$126:$M$128,H$3) | I30: =COUNTIF('Scopes'!$M$126:$M$128,I$3) | J30: =COUNTIF('Scopes'!$M$126:$M$128,J$3) | K30: =COUNTIF('Scopes'!$M$126:$M$128,K$3) | L30: =COUNTIF('Scopes'!$M$126:$M$128,L$3) | M30: =COUNTA('Scopes'!$G$126:$G$128)-SUM(H30:L30) | N30: =O30/P30 | O30: =SUM(Q30:U30) | P30: =SUM(Q30:V30) | Q30: =COUNTIF('Scopes'!$R$126:$R$128,Q$3) | R30: =COUNTIF('Scopes'!$R$126:$R$128,R$3) | S30: =COUNTIF('Scopes'!$R$126:$R$128,S$3) | T30: =COUNTIF('Scopes'!$R$126:$R$128,T$3) | U30: =COUNTIF('Scopes'!$R$126:$R$128,U$3) | V30: =COUNTA('Scopes'!$G$126:$G$128)-SUM(Q30:U30)
C31: Chi tiết scope - Scope detail | D31: Gán người dùng - Assign users | E31: =F31/G31 | F31: =SUM(H31:L31) | G31: =SUM(H31:M31) | H31: =COUNTIF('Scopes'!$M$129:$M$136,H$3) | I31: =COUNTIF('Scopes'!$M$129:$M$136,I$3) | J31: =COUNTIF('Scopes'!$M$129:$M$136,J$3) | K31: =COUNTIF('Scopes'!$M$129:$M$136,K$3) | L31: =COUNTIF('Scopes'!$M$129:$M$136,L$3) | M31: =COUNTA('Scopes'!$G$129:$G$136)-SUM(H31:L31) | N31: =O31/P31 | O31: =SUM(Q31:U31) | P31: =SUM(Q31:V31) | Q31: =COUNTIF('Scopes'!$R$129:$R$136,Q$3) | R31: =COUNTIF('Scopes'!$R$129:$R$136,R$3) | S31: =COUNTIF('Scopes'!$R$129:$R$136,S$3) | T31: =COUNTIF('Scopes'!$R$129:$R$136,T$3) | U31: =COUNTIF('Scopes'!$R$129:$R$136,U$3) | V31: =COUNTA('Scopes'!$G$129:$G$136)-SUM(Q31:U31)
C32: Chi tiết scope - Scope detail | D32: Tổng hợp - Summary | E32: =F32/G32 | F32: =SUM(H32:L32) | G32: =SUM(H32:M32) | H32: =COUNTIF('Scopes'!$M$137:$M$137,H$3) | I32: =COUNTIF('Scopes'!$M$137:$M$137,I$3) | J32: =COUNTIF('Scopes'!$M$137:$M$137,J$3) | K32: =COUNTIF('Scopes'!$M$137:$M$137,K$3) | L32: =COUNTIF('Scopes'!$M$137:$M$137,L$3) | M32: =COUNTA('Scopes'!$G$137:$G$137)-SUM(H32:L32) | N32: =O32/P32 | O32: =SUM(Q32:U32) | P32: =SUM(Q32:V32) | Q32: =COUNTIF('Scopes'!$R$137:$R$137,Q$3) | R32: =COUNTIF('Scopes'!$R$137:$R$137,R$3) | S32: =COUNTIF('Scopes'!$R$137:$R$137,S$3) | T32: =COUNTIF('Scopes'!$R$137:$R$137,T$3) | U32: =COUNTIF('Scopes'!$R$137:$R$137,U$3) | V32: =COUNTA('Scopes'!$G$137:$G$137)-SUM(Q32:U32)
C33: Phân quyền - Permission | D33: Customer User | E33: =F33/G33 | F33: =SUM(H33:L33) | G33: =SUM(H33:M33) | H33: =COUNTIF('Scopes'!$M$138:$M$141,H$3) | I33: =COUNTIF('Scopes'!$M$138:$M$141,I$3) | J33: =COUNTIF('Scopes'!$M$138:$M$141,J$3) | K33: =COUNTIF('Scopes'!$M$138:$M$141,K$3) | L33: =COUNTIF('Scopes'!$M$138:$M$141,L$3) | M33: =COUNTA('Scopes'!$G$138:$G$141)-SUM(H33:L33) | N33: =O33/P33 | O33: =SUM(Q33:U33) | P33: =SUM(Q33:V33) | Q33: =COUNTIF('Scopes'!$R$138:$R$141,Q$3) | R33: =COUNTIF('Scopes'!$R$138:$R$141,R$3) | S33: =COUNTIF('Scopes'!$R$138:$R$141,S$3) | T33: =COUNTIF('Scopes'!$R$138:$R$141,T$3) | U33: =COUNTIF('Scopes'!$R$138:$R$141,U$3) | V33: =COUNTA('Scopes'!$G$138:$G$141)-SUM(Q33:U33)
C34: Phân quyền - Permission | D34: Customer Viewer | E34: =F34/G34 | F34: =SUM(H34:L34) | G34: =SUM(H34:M34) | H34: =COUNTIF('Scopes'!$M$142:$M$142,H$3) | I34: =COUNTIF('Scopes'!$M$142:$M$142,I$3) | J34: =COUNTIF('Scopes'!$M$142:$M$142,J$3) | K34: =COUNTIF('Scopes'!$M$142:$M$142,K$3) | L34: =COUNTIF('Scopes'!$M$142:$M$142,L$3) | M34: =COUNTA('Scopes'!$G$142:$G$142)-SUM(H34:L34) | N34: =O34/P34 | O34: =SUM(Q34:U34) | P34: =SUM(Q34:V34) | Q34: =COUNTIF('Scopes'!$R$142:$R$142,Q$3) | R34: =COUNTIF('Scopes'!$R$142:$R$142,R$3) | S34: =COUNTIF('Scopes'!$R$142:$R$142,S$3) | T34: =COUNTIF('Scopes'!$R$142:$R$142,T$3) | U34: =COUNTIF('Scopes'!$R$142:$R$142,U$3) | V34: =COUNTA('Scopes'!$G$142:$G$142)-SUM(Q34:U34)
C35: Phân quyền - Permission | D35: Vai trò SGS - SGS roles | E35: =F35/G35 | F35: =SUM(H35:L35) | G35: =SUM(H35:M35) | H35: =COUNTIF('Scopes'!$M$143:$M$144,H$3) | I35: =COUNTIF('Scopes'!$M$143:$M$144,I$3) | J35: =COUNTIF('Scopes'!$M$143:$M$144,J$3) | K35: =COUNTIF('Scopes'!$M$143:$M$144,K$3) | L35: =COUNTIF('Scopes'!$M$143:$M$144,L$3) | M35: =COUNTA('Scopes'!$G$143:$G$144)-SUM(H35:L35) | N35: =O35/P35 | O35: =SUM(Q35:U35) | P35: =SUM(Q35:V35) | Q35: =COUNTIF('Scopes'!$R$143:$R$144,Q$3) | R35: =COUNTIF('Scopes'!$R$143:$R$144,R$3) | S35: =COUNTIF('Scopes'!$R$143:$R$144,S$3) | T35: =COUNTIF('Scopes'!$R$143:$R$144,T$3) | U35: =COUNTIF('Scopes'!$R$143:$R$144,U$3) | V35: =COUNTA('Scopes'!$G$143:$G$144)-SUM(Q35:U35)
C36: Bảo mật - Security | D36: Cách ly tenant - Tenant isolation | E36: =F36/G36 | F36: =SUM(H36:L36) | G36: =SUM(H36:M36) | H36: =COUNTIF('Scopes'!$M$145:$M$146,H$3) | I36: =COUNTIF('Scopes'!$M$145:$M$146,I$3) | J36: =COUNTIF('Scopes'!$M$145:$M$146,J$3) | K36: =COUNTIF('Scopes'!$M$145:$M$146,K$3) | L36: =COUNTIF('Scopes'!$M$145:$M$146,L$3) | M36: =COUNTA('Scopes'!$G$145:$G$146)-SUM(H36:L36) | N36: =O36/P36 | O36: =SUM(Q36:U36) | P36: =SUM(Q36:V36) | Q36: =COUNTIF('Scopes'!$R$145:$R$146,Q$3) | R36: =COUNTIF('Scopes'!$R$145:$R$146,R$3) | S36: =COUNTIF('Scopes'!$R$145:$R$146,S$3) | T36: =COUNTIF('Scopes'!$R$145:$R$146,T$3) | U36: =COUNTIF('Scopes'!$R$145:$R$146,U$3) | V36: =COUNTA('Scopes'!$G$145:$G$146)-SUM(Q36:U36)
C37: Bảo mật - Security | D37: Dữ liệu nhập - Input | E37: =F37/G37 | F37: =SUM(H37:L37) | G37: =SUM(H37:M37) | H37: =COUNTIF('Scopes'!$M$147:$M$147,H$3) | I37: =COUNTIF('Scopes'!$M$147:$M$147,I$3) | J37: =COUNTIF('Scopes'!$M$147:$M$147,J$3) | K37: =COUNTIF('Scopes'!$M$147:$M$147,K$3) | L37: =COUNTIF('Scopes'!$M$147:$M$147,L$3) | M37: =COUNTA('Scopes'!$G$147:$G$147)-SUM(H37:L37) | N37: =O37/P37 | O37: =SUM(Q37:U37) | P37: =SUM(Q37:V37) | Q37: =COUNTIF('Scopes'!$R$147:$R$147,Q$3) | R37: =COUNTIF('Scopes'!$R$147:$R$147,R$3) | S37: =COUNTIF('Scopes'!$R$147:$R$147,S$3) | T37: =COUNTIF('Scopes'!$R$147:$R$147,T$3) | U37: =COUNTIF('Scopes'!$R$147:$R$147,U$3) | V37: =COUNTA('Scopes'!$G$147:$G$147)-SUM(Q37:U37)
C38: Bảo mật - Security | D38: Ghi vết - Audit log | E38: =F38/G38 | F38: =SUM(H38:L38) | G38: =SUM(H38:M38) | H38: =COUNTIF('Scopes'!$M$148:$M$148,H$3) | I38: =COUNTIF('Scopes'!$M$148:$M$148,I$3) | J38: =COUNTIF('Scopes'!$M$148:$M$148,J$3) | K38: =COUNTIF('Scopes'!$M$148:$M$148,K$3) | L38: =COUNTIF('Scopes'!$M$148:$M$148,L$3) | M38: =COUNTA('Scopes'!$G$148:$G$148)-SUM(H38:L38) | N38: =O38/P38 | O38: =SUM(Q38:U38) | P38: =SUM(Q38:V38) | Q38: =COUNTIF('Scopes'!$R$148:$R$148,Q$3) | R38: =COUNTIF('Scopes'!$R$148:$R$148,R$3) | S38: =COUNTIF('Scopes'!$R$148:$R$148,S$3) | T38: =COUNTIF('Scopes'!$R$148:$R$148,T$3) | U38: =COUNTIF('Scopes'!$R$148:$R$148,U$3) | V38: =COUNTA('Scopes'!$G$148:$G$148)-SUM(Q38:U38)
C39: Total | E39: =F39/G39 | F39: =SUM(H39:L39) | G39: =SUM(H39:M39) | H39: =SUM(H15:H38) | I39: =SUM(I15:I38) | J39: =SUM(J15:J38) | K39: =SUM(K15:K38) | L39: =SUM(L15:L38) | M39: =SUM(M15:M38) | N39: =O39/P39 | O39: =SUM(Q39:U39) | P39: =SUM(Q39:V39) | Q39: =SUM(Q15:Q38) | R39: =SUM(R15:R38) | S39: =SUM(S15:S38) | T39: =SUM(T15:T38) | U39: =SUM(U15:U38) | V39: =SUM(V15:V38)
B40: Frameworks | C40: Điều hướng - Redirect | D40: Vào danh sách - Framework list | E40: =F40/G40 | F40: =SUM(H40:L40) | G40: =SUM(H40:M40) | H40: =COUNTIF('Frameworks'!$M$13:$M$14,H$3) | I40: =COUNTIF('Frameworks'!$M$13:$M$14,I$3) | J40: =COUNTIF('Frameworks'!$M$13:$M$14,J$3) | K40: =COUNTIF('Frameworks'!$M$13:$M$14,K$3) | L40: =COUNTIF('Frameworks'!$M$13:$M$14,L$3) | M40: =COUNTA('Frameworks'!$G$13:$G$14)-SUM(H40:L40) | N40: =O40/P40 | O40: =SUM(Q40:U40) | P40: =SUM(Q40:V40) | Q40: =COUNTIF('Frameworks'!$R$13:$R$14,Q$3) | R40: =COUNTIF('Frameworks'!$R$13:$R$14,R$3) | S40: =COUNTIF('Frameworks'!$R$13:$R$14,S$3) | T40: =COUNTIF('Frameworks'!$R$13:$R$14,T$3) | U40: =COUNTIF('Frameworks'!$R$13:$R$14,U$3) | V40: =COUNTA('Frameworks'!$G$13:$G$14)-SUM(Q40:U40)
C41: Điều hướng - Redirect | D41: Vào chi tiết - Framework detail | E41: =F41/G41 | F41: =SUM(H41:L41) | G41: =SUM(H41:M41) | H41: =COUNTIF('Frameworks'!$M$15:$M$18,H$3) | I41: =COUNTIF('Frameworks'!$M$15:$M$18,I$3) | J41: =COUNTIF('Frameworks'!$M$15:$M$18,J$3) | K41: =COUNTIF('Frameworks'!$M$15:$M$18,K$3) | L41: =COUNTIF('Frameworks'!$M$15:$M$18,L$3) | M41: =COUNTA('Frameworks'!$G$15:$G$18)-SUM(H41:L41) | N41: =O41/P41 | O41: =SUM(Q41:U41) | P41: =SUM(Q41:V41) | Q41: =COUNTIF('Frameworks'!$R$15:$R$18,Q$3) | R41: =COUNTIF('Frameworks'!$R$15:$R$18,R$3) | S41: =COUNTIF('Frameworks'!$R$15:$R$18,S$3) | T41: =COUNTIF('Frameworks'!$R$15:$R$18,T$3) | U41: =COUNTIF('Frameworks'!$R$15:$R$18,U$3) | V41: =COUNTA('Frameworks'!$G$15:$G$18)-SUM(Q41:U41)
C42: Danh sách framework - Framework list | D42: Tiêu đề trang - Title | E42: =F42/G42 | F42: =SUM(H42:L42) | G42: =SUM(H42:M42) | H42: =COUNTIF('Frameworks'!$M$19:$M$19,H$3) | I42: =COUNTIF('Frameworks'!$M$19:$M$19,I$3) | J42: =COUNTIF('Frameworks'!$M$19:$M$19,J$3) | K42: =COUNTIF('Frameworks'!$M$19:$M$19,K$3) | L42: =COUNTIF('Frameworks'!$M$19:$M$19,L$3) | M42: =COUNTA('Frameworks'!$G$19:$G$19)-SUM(H42:L42) | N42: =O42/P42 | O42: =SUM(Q42:U42) | P42: =SUM(Q42:V42) | Q42: =COUNTIF('Frameworks'!$R$19:$R$19,Q$3) | R42: =COUNTIF('Frameworks'!$R$19:$R$19,R$3) | S42: =COUNTIF('Frameworks'!$R$19:$R$19,S$3) | T42: =COUNTIF('Frameworks'!$R$19:$R$19,T$3) | U42: =COUNTIF('Frameworks'!$R$19:$R$19,U$3) | V42: =COUNTA('Frameworks'!$G$19:$G$19)-SUM(Q42:U42)
C43: Danh sách framework - Framework list | D43: Nhập framework - Import framework | E43: =F43/G43 | F43: =SUM(H43:L43) | G43: =SUM(H43:M43) | H43: =COUNTIF('Frameworks'!$M$20:$M$64,H$3) | I43: =COUNTIF('Frameworks'!$M$20:$M$64,I$3) | J43: =COUNTIF('Frameworks'!$M$20:$M$64,J$3) | K43: =COUNTIF('Frameworks'!$M$20:$M$64,K$3) | L43: =COUNTIF('Frameworks'!$M$20:$M$64,L$3) | M43: =COUNTA('Frameworks'!$G$20:$G$64)-SUM(H43:L43) | N43: =O43/P43 | O43: =SUM(Q43:U43) | P43: =SUM(Q43:V43) | Q43: =COUNTIF('Frameworks'!$R$20:$R$64,Q$3) | R43: =COUNTIF('Frameworks'!$R$20:$R$64,R$3) | S43: =COUNTIF('Frameworks'!$R$20:$R$64,S$3) | T43: =COUNTIF('Frameworks'!$R$20:$R$64,T$3) | U43: =COUNTIF('Frameworks'!$R$20:$R$64,U$3) | V43: =COUNTA('Frameworks'!$G$20:$G$64)-SUM(Q43:U43)
C44: Danh sách framework - Framework list | D44: Thanh công cụ - Toolbar | E44: =F44/G44 | F44: =SUM(H44:L44) | G44: =SUM(H44:M44) | H44: =COUNTIF('Frameworks'!$M$65:$M$77,H$3) | I44: =COUNTIF('Frameworks'!$M$65:$M$77,I$3) | J44: =COUNTIF('Frameworks'!$M$65:$M$77,J$3) | K44: =COUNTIF('Frameworks'!$M$65:$M$77,K$3) | L44: =COUNTIF('Frameworks'!$M$65:$M$77,L$3) | M44: =COUNTA('Frameworks'!$G$65:$G$77)-SUM(H44:L44) | N44: =O44/P44 | O44: =SUM(Q44:U44) | P44: =SUM(Q44:V44) | Q44: =COUNTIF('Frameworks'!$R$65:$R$77,Q$3) | R44: =COUNTIF('Frameworks'!$R$65:$R$77,R$3) | S44: =COUNTIF('Frameworks'!$R$65:$R$77,S$3) | T44: =COUNTIF('Frameworks'!$R$65:$R$77,T$3) | U44: =COUNTIF('Frameworks'!$R$65:$R$77,U$3) | V44: =COUNTA('Frameworks'!$G$65:$G$77)-SUM(Q44:U44)
C45: Danh sách framework - Framework list | D45: Bảng danh sách - Table | E45: =F45/G45 | F45: =SUM(H45:L45) | G45: =SUM(H45:M45) | H45: =COUNTIF('Frameworks'!$M$78:$M$96,H$3) | I45: =COUNTIF('Frameworks'!$M$78:$M$96,I$3) | J45: =COUNTIF('Frameworks'!$M$78:$M$96,J$3) | K45: =COUNTIF('Frameworks'!$M$78:$M$96,K$3) | L45: =COUNTIF('Frameworks'!$M$78:$M$96,L$3) | M45: =COUNTA('Frameworks'!$G$78:$G$96)-SUM(H45:L45) | N45: =O45/P45 | O45: =SUM(Q45:U45) | P45: =SUM(Q45:V45) | Q45: =COUNTIF('Frameworks'!$R$78:$R$96,Q$3) | R45: =COUNTIF('Frameworks'!$R$78:$R$96,R$3) | S45: =COUNTIF('Frameworks'!$R$78:$R$96,S$3) | T45: =COUNTIF('Frameworks'!$R$78:$R$96,T$3) | U45: =COUNTIF('Frameworks'!$R$78:$R$96,U$3) | V45: =COUNTA('Frameworks'!$G$78:$G$96)-SUM(Q45:U45)
C46: Danh sách framework - Framework list | D46: Phân trang - Paging | E46: =F46/G46 | F46: =SUM(H46:L46) | G46: =SUM(H46:M46) | H46: =COUNTIF('Frameworks'!$M$97:$M$101,H$3) | I46: =COUNTIF('Frameworks'!$M$97:$M$101,I$3) | J46: =COUNTIF('Frameworks'!$M$97:$M$101,J$3) | K46: =COUNTIF('Frameworks'!$M$97:$M$101,K$3) | L46: =COUNTIF('Frameworks'!$M$97:$M$101,L$3) | M46: =COUNTA('Frameworks'!$G$97:$G$101)-SUM(H46:L46) | N46: =O46/P46 | O46: =SUM(Q46:U46) | P46: =SUM(Q46:V46) | Q46: =COUNTIF('Frameworks'!$R$97:$R$101,Q$3) | R46: =COUNTIF('Frameworks'!$R$97:$R$101,R$3) | S46: =COUNTIF('Frameworks'!$R$97:$R$101,S$3) | T46: =COUNTIF('Frameworks'!$R$97:$R$101,T$3) | U46: =COUNTIF('Frameworks'!$R$97:$R$101,U$3) | V46: =COUNTA('Frameworks'!$G$97:$G$101)-SUM(Q46:U46)
C47: Bản nháp - Draft preview | D47: Phần đầu - Header | E47: =F47/G47 | F47: =SUM(H47:L47) | G47: =SUM(H47:M47) | H47: =COUNTIF('Frameworks'!$M$102:$M$103,H$3) | I47: =COUNTIF('Frameworks'!$M$102:$M$103,I$3) | J47: =COUNTIF('Frameworks'!$M$102:$M$103,J$3) | K47: =COUNTIF('Frameworks'!$M$102:$M$103,K$3) | L47: =COUNTIF('Frameworks'!$M$102:$M$103,L$3) | M47: =COUNTA('Frameworks'!$G$102:$G$103)-SUM(H47:L47) | N47: =O47/P47 | O47: =SUM(Q47:U47) | P47: =SUM(Q47:V47) | Q47: =COUNTIF('Frameworks'!$R$102:$R$103,Q$3) | R47: =COUNTIF('Frameworks'!$R$102:$R$103,R$3) | S47: =COUNTIF('Frameworks'!$R$102:$R$103,S$3) | T47: =COUNTIF('Frameworks'!$R$102:$R$103,T$3) | U47: =COUNTIF('Frameworks'!$R$102:$R$103,U$3) | V47: =COUNTA('Frameworks'!$G$102:$G$103)-SUM(Q47:U47)
C48: Bản nháp - Draft preview | D48: Điều hướng trong màn - Section nav | E48: =F48/G48 | F48: =SUM(H48:L48) | G48: =SUM(H48:M48) | H48: =COUNTIF('Frameworks'!$M$104:$M$106,H$3) | I48: =COUNTIF('Frameworks'!$M$104:$M$106,I$3) | J48: =COUNTIF('Frameworks'!$M$104:$M$106,J$3) | K48: =COUNTIF('Frameworks'!$M$104:$M$106,K$3) | L48: =COUNTIF('Frameworks'!$M$104:$M$106,L$3) | M48: =COUNTA('Frameworks'!$G$104:$G$106)-SUM(H48:L48) | N48: =O48/P48 | O48: =SUM(Q48:U48) | P48: =SUM(Q48:V48) | Q48: =COUNTIF('Frameworks'!$R$104:$R$106,Q$3) | R48: =COUNTIF('Frameworks'!$R$104:$R$106,R$3) | S48: =COUNTIF('Frameworks'!$R$104:$R$106,S$3) | T48: =COUNTIF('Frameworks'!$R$104:$R$106,T$3) | U48: =COUNTIF('Frameworks'!$R$104:$R$106,U$3) | V48: =COUNTA('Frameworks'!$G$104:$G$106)-SUM(Q48:U48)
C49: Bản nháp - Draft preview | D49: Nội dung bản nháp - Draft content | E49: =F49/G49 | F49: =SUM(H49:L49) | G49: =SUM(H49:M49) | H49: =COUNTIF('Frameworks'!$M$107:$M$111,H$3) | I49: =COUNTIF('Frameworks'!$M$107:$M$111,I$3) | J49: =COUNTIF('Frameworks'!$M$107:$M$111,J$3) | K49: =COUNTIF('Frameworks'!$M$107:$M$111,K$3) | L49: =COUNTIF('Frameworks'!$M$107:$M$111,L$3) | M49: =COUNTA('Frameworks'!$G$107:$G$111)-SUM(H49:L49) | N49: =O49/P49 | O49: =SUM(Q49:U49) | P49: =SUM(Q49:V49) | Q49: =COUNTIF('Frameworks'!$R$107:$R$111,Q$3) | R49: =COUNTIF('Frameworks'!$R$107:$R$111,R$3) | S49: =COUNTIF('Frameworks'!$R$107:$R$111,S$3) | T49: =COUNTIF('Frameworks'!$R$107:$R$111,T$3) | U49: =COUNTIF('Frameworks'!$R$107:$R$111,U$3) | V49: =COUNTA('Frameworks'!$G$107:$G$111)-SUM(Q49:U49)
C50: Bản nháp - Draft preview | D50: Khung bên phải - Aside | E50: =F50/G50 | F50: =SUM(H50:L50) | G50: =SUM(H50:M50) | H50: =COUNTIF('Frameworks'!$M$112:$M$113,H$3) | I50: =COUNTIF('Frameworks'!$M$112:$M$113,I$3) | J50: =COUNTIF('Frameworks'!$M$112:$M$113,J$3) | K50: =COUNTIF('Frameworks'!$M$112:$M$113,K$3) | L50: =COUNTIF('Frameworks'!$M$112:$M$113,L$3) | M50: =COUNTA('Frameworks'!$G$112:$G$113)-SUM(H50:L50) | N50: =O50/P50 | O50: =SUM(Q50:U50) | P50: =SUM(Q50:V50) | Q50: =COUNTIF('Frameworks'!$R$112:$R$113,Q$3) | R50: =COUNTIF('Frameworks'!$R$112:$R$113,R$3) | S50: =COUNTIF('Frameworks'!$R$112:$R$113,S$3) | T50: =COUNTIF('Frameworks'!$R$112:$R$113,T$3) | U50: =COUNTIF('Frameworks'!$R$112:$R$113,U$3) | V50: =COUNTA('Frameworks'!$G$112:$G$113)-SUM(Q50:U50)
C51: Bản nháp - Draft preview | D51: Huỷ bản nháp - Discard draft | E51: =F51/G51 | F51: =SUM(H51:L51) | G51: =SUM(H51:M51) | H51: =COUNTIF('Frameworks'!$M$114:$M$118,H$3) | I51: =COUNTIF('Frameworks'!$M$114:$M$118,I$3) | J51: =COUNTIF('Frameworks'!$M$114:$M$118,J$3) | K51: =COUNTIF('Frameworks'!$M$114:$M$118,K$3) | L51: =COUNTIF('Frameworks'!$M$114:$M$118,L$3) | M51: =COUNTA('Frameworks'!$G$114:$G$118)-SUM(H51:L51) | N51: =O51/P51 | O51: =SUM(Q51:U51) | P51: =SUM(Q51:V51) | Q51: =COUNTIF('Frameworks'!$R$114:$R$118,Q$3) | R51: =COUNTIF('Frameworks'!$R$114:$R$118,R$3) | S51: =COUNTIF('Frameworks'!$R$114:$R$118,S$3) | T51: =COUNTIF('Frameworks'!$R$114:$R$118,T$3) | U51: =COUNTIF('Frameworks'!$R$114:$R$118,U$3) | V51: =COUNTA('Frameworks'!$G$114:$G$118)-SUM(Q51:U51)
C52: Bản nháp - Draft preview | D52: Kích hoạt - Activate framework | E52: =F52/G52 | F52: =SUM(H52:L52) | G52: =SUM(H52:M52) | H52: =COUNTIF('Frameworks'!$M$119:$M$128,H$3) | I52: =COUNTIF('Frameworks'!$M$119:$M$128,I$3) | J52: =COUNTIF('Frameworks'!$M$119:$M$128,J$3) | K52: =COUNTIF('Frameworks'!$M$119:$M$128,K$3) | L52: =COUNTIF('Frameworks'!$M$119:$M$128,L$3) | M52: =COUNTA('Frameworks'!$G$119:$G$128)-SUM(H52:L52) | N52: =O52/P52 | O52: =SUM(Q52:U52) | P52: =SUM(Q52:V52) | Q52: =COUNTIF('Frameworks'!$R$119:$R$128,Q$3) | R52: =COUNTIF('Frameworks'!$R$119:$R$128,R$3) | S52: =COUNTIF('Frameworks'!$R$119:$R$128,S$3) | T52: =COUNTIF('Frameworks'!$R$119:$R$128,T$3) | U52: =COUNTIF('Frameworks'!$R$119:$R$128,U$3) | V52: =COUNTA('Frameworks'!$G$119:$G$128)-SUM(Q52:U52)
C53: Chi tiết framework - Framework detail | D53: Phần đầu - Header | E53: =F53/G53 | F53: =SUM(H53:L53) | G53: =SUM(H53:M53) | H53: =COUNTIF('Frameworks'!$M$129:$M$132,H$3) | I53: =COUNTIF('Frameworks'!$M$129:$M$132,I$3) | J53: =COUNTIF('Frameworks'!$M$129:$M$132,J$3) | K53: =COUNTIF('Frameworks'!$M$129:$M$132,K$3) | L53: =COUNTIF('Frameworks'!$M$129:$M$132,L$3) | M53: =COUNTA('Frameworks'!$G$129:$G$132)-SUM(H53:L53) | N53: =O53/P53 | O53: =SUM(Q53:U53) | P53: =SUM(Q53:V53) | Q53: =COUNTIF('Frameworks'!$R$129:$R$132,Q$3) | R53: =COUNTIF('Frameworks'!$R$129:$R$132,R$3) | S53: =COUNTIF('Frameworks'!$R$129:$R$132,S$3) | T53: =COUNTIF('Frameworks'!$R$129:$R$132,T$3) | U53: =COUNTIF('Frameworks'!$R$129:$R$132,U$3) | V53: =COUNTA('Frameworks'!$G$129:$G$132)-SUM(Q53:U53)
C54: Chi tiết framework - Framework detail | D54: Điều hướng trong màn - Section nav | E54: =F54/G54 | F54: =SUM(H54:L54) | G54: =SUM(H54:M54) | H54: =COUNTIF('Frameworks'!$M$133:$M$134,H$3) | I54: =COUNTIF('Frameworks'!$M$133:$M$134,I$3) | J54: =COUNTIF('Frameworks'!$M$133:$M$134,J$3) | K54: =COUNTIF('Frameworks'!$M$133:$M$134,K$3) | L54: =COUNTIF('Frameworks'!$M$133:$M$134,L$3) | M54: =COUNTA('Frameworks'!$G$133:$G$134)-SUM(H54:L54) | N54: =O54/P54 | O54: =SUM(Q54:U54) | P54: =SUM(Q54:V54) | Q54: =COUNTIF('Frameworks'!$R$133:$R$134,Q$3) | R54: =COUNTIF('Frameworks'!$R$133:$R$134,R$3) | S54: =COUNTIF('Frameworks'!$R$133:$R$134,S$3) | T54: =COUNTIF('Frameworks'!$R$133:$R$134,T$3) | U54: =COUNTIF('Frameworks'!$R$133:$R$134,U$3) | V54: =COUNTA('Frameworks'!$G$133:$G$134)-SUM(Q54:U54)
C55: Chi tiết framework - Framework detail | D55: Tổng quan - Overview | E55: =F55/G55 | F55: =SUM(H55:L55) | G55: =SUM(H55:M55) | H55: =COUNTIF('Frameworks'!$M$135:$M$147,H$3) | I55: =COUNTIF('Frameworks'!$M$135:$M$147,I$3) | J55: =COUNTIF('Frameworks'!$M$135:$M$147,J$3) | K55: =COUNTIF('Frameworks'!$M$135:$M$147,K$3) | L55: =COUNTIF('Frameworks'!$M$135:$M$147,L$3) | M55: =COUNTA('Frameworks'!$G$135:$G$147)-SUM(H55:L55) | N55: =O55/P55 | O55: =SUM(Q55:U55) | P55: =SUM(Q55:V55) | Q55: =COUNTIF('Frameworks'!$R$135:$R$147,Q$3) | R55: =COUNTIF('Frameworks'!$R$135:$R$147,R$3) | S55: =COUNTIF('Frameworks'!$R$135:$R$147,S$3) | T55: =COUNTIF('Frameworks'!$R$135:$R$147,T$3) | U55: =COUNTIF('Frameworks'!$R$135:$R$147,U$3) | V55: =COUNTA('Frameworks'!$G$135:$G$147)-SUM(Q55:U55)
C56: Chi tiết framework - Framework detail | D56: Yêu cầu - Requirements | E56: =F56/G56 | F56: =SUM(H56:L56) | G56: =SUM(H56:M56) | H56: =COUNTIF('Frameworks'!$M$148:$M$164,H$3) | I56: =COUNTIF('Frameworks'!$M$148:$M$164,I$3) | J56: =COUNTIF('Frameworks'!$M$148:$M$164,J$3) | K56: =COUNTIF('Frameworks'!$M$148:$M$164,K$3) | L56: =COUNTIF('Frameworks'!$M$148:$M$164,L$3) | M56: =COUNTA('Frameworks'!$G$148:$G$164)-SUM(H56:L56) | N56: =O56/P56 | O56: =SUM(Q56:U56) | P56: =SUM(Q56:V56) | Q56: =COUNTIF('Frameworks'!$R$148:$R$164,Q$3) | R56: =COUNTIF('Frameworks'!$R$148:$R$164,R$3) | S56: =COUNTIF('Frameworks'!$R$148:$R$164,S$3) | T56: =COUNTIF('Frameworks'!$R$148:$R$164,T$3) | U56: =COUNTIF('Frameworks'!$R$148:$R$164,U$3) | V56: =COUNTA('Frameworks'!$G$148:$G$164)-SUM(Q56:U56)
C57: Phân quyền - Permission | D57: SGS User | E57: =F57/G57 | F57: =SUM(H57:L57) | G57: =SUM(H57:M57) | H57: =COUNTIF('Frameworks'!$M$165:$M$167,H$3) | I57: =COUNTIF('Frameworks'!$M$165:$M$167,I$3) | J57: =COUNTIF('Frameworks'!$M$165:$M$167,J$3) | K57: =COUNTIF('Frameworks'!$M$165:$M$167,K$3) | L57: =COUNTIF('Frameworks'!$M$165:$M$167,L$3) | M57: =COUNTA('Frameworks'!$G$165:$G$167)-SUM(H57:L57) | N57: =O57/P57 | O57: =SUM(Q57:U57) | P57: =SUM(Q57:V57) | Q57: =COUNTIF('Frameworks'!$R$165:$R$167,Q$3) | R57: =COUNTIF('Frameworks'!$R$165:$R$167,R$3) | S57: =COUNTIF('Frameworks'!$R$165:$R$167,S$3) | T57: =COUNTIF('Frameworks'!$R$165:$R$167,T$3) | U57: =COUNTIF('Frameworks'!$R$165:$R$167,U$3) | V57: =COUNTA('Frameworks'!$G$165:$G$167)-SUM(Q57:U57)
C58: Phân quyền - Permission | D58: SGS Consultant | E58: =F58/G58 | F58: =SUM(H58:L58) | G58: =SUM(H58:M58) | H58: =COUNTIF('Frameworks'!$M$168:$M$169,H$3) | I58: =COUNTIF('Frameworks'!$M$168:$M$169,I$3) | J58: =COUNTIF('Frameworks'!$M$168:$M$169,J$3) | K58: =COUNTIF('Frameworks'!$M$168:$M$169,K$3) | L58: =COUNTIF('Frameworks'!$M$168:$M$169,L$3) | M58: =COUNTA('Frameworks'!$G$168:$G$169)-SUM(H58:L58) | N58: =O58/P58 | O58: =SUM(Q58:U58) | P58: =SUM(Q58:V58) | Q58: =COUNTIF('Frameworks'!$R$168:$R$169,Q$3) | R58: =COUNTIF('Frameworks'!$R$168:$R$169,R$3) | S58: =COUNTIF('Frameworks'!$R$168:$R$169,S$3) | T58: =COUNTIF('Frameworks'!$R$168:$R$169,T$3) | U58: =COUNTIF('Frameworks'!$R$168:$R$169,U$3) | V58: =COUNTA('Frameworks'!$G$168:$G$169)-SUM(Q58:U58)
C59: Phân quyền - Permission | D59: SGS Auditor/Certification | E59: =F59/G59 | F59: =SUM(H59:L59) | G59: =SUM(H59:M59) | H59: =COUNTIF('Frameworks'!$M$170:$M$171,H$3) | I59: =COUNTIF('Frameworks'!$M$170:$M$171,I$3) | J59: =COUNTIF('Frameworks'!$M$170:$M$171,J$3) | K59: =COUNTIF('Frameworks'!$M$170:$M$171,K$3) | L59: =COUNTIF('Frameworks'!$M$170:$M$171,L$3) | M59: =COUNTA('Frameworks'!$G$170:$G$171)-SUM(H59:L59) | N59: =O59/P59 | O59: =SUM(Q59:U59) | P59: =SUM(Q59:V59) | Q59: =COUNTIF('Frameworks'!$R$170:$R$171,Q$3) | R59: =COUNTIF('Frameworks'!$R$170:$R$171,R$3) | S59: =COUNTIF('Frameworks'!$R$170:$R$171,S$3) | T59: =COUNTIF('Frameworks'!$R$170:$R$171,T$3) | U59: =COUNTIF('Frameworks'!$R$170:$R$171,U$3) | V59: =COUNTA('Frameworks'!$G$170:$G$171)-SUM(Q59:U59)
C60: Phân quyền - Permission | D60: Vai trò khách hàng - Customer roles | E60: =F60/G60 | F60: =SUM(H60:L60) | G60: =SUM(H60:M60) | H60: =COUNTIF('Frameworks'!$M$172:$M$175,H$3) | I60: =COUNTIF('Frameworks'!$M$172:$M$175,I$3) | J60: =COUNTIF('Frameworks'!$M$172:$M$175,J$3) | K60: =COUNTIF('Frameworks'!$M$172:$M$175,K$3) | L60: =COUNTIF('Frameworks'!$M$172:$M$175,L$3) | M60: =COUNTA('Frameworks'!$G$172:$G$175)-SUM(H60:L60) | N60: =O60/P60 | O60: =SUM(Q60:U60) | P60: =SUM(Q60:V60) | Q60: =COUNTIF('Frameworks'!$R$172:$R$175,Q$3) | R60: =COUNTIF('Frameworks'!$R$172:$R$175,R$3) | S60: =COUNTIF('Frameworks'!$R$172:$R$175,S$3) | T60: =COUNTIF('Frameworks'!$R$172:$R$175,T$3) | U60: =COUNTIF('Frameworks'!$R$172:$R$175,U$3) | V60: =COUNTA('Frameworks'!$G$172:$G$175)-SUM(Q60:U60)
C61: Bảo mật - Security | D61: Dữ liệu tải lên - Uploaded data | E61: =F61/G61 | F61: =SUM(H61:L61) | G61: =SUM(H61:M61) | H61: =COUNTIF('Frameworks'!$M$176:$M$177,H$3) | I61: =COUNTIF('Frameworks'!$M$176:$M$177,I$3) | J61: =COUNTIF('Frameworks'!$M$176:$M$177,J$3) | K61: =COUNTIF('Frameworks'!$M$176:$M$177,K$3) | L61: =COUNTIF('Frameworks'!$M$176:$M$177,L$3) | M61: =COUNTA('Frameworks'!$G$176:$G$177)-SUM(H61:L61) | N61: =O61/P61 | O61: =SUM(Q61:U61) | P61: =SUM(Q61:V61) | Q61: =COUNTIF('Frameworks'!$R$176:$R$177,Q$3) | R61: =COUNTIF('Frameworks'!$R$176:$R$177,R$3) | S61: =COUNTIF('Frameworks'!$R$176:$R$177,S$3) | T61: =COUNTIF('Frameworks'!$R$176:$R$177,T$3) | U61: =COUNTIF('Frameworks'!$R$176:$R$177,U$3) | V61: =COUNTA('Frameworks'!$G$176:$G$177)-SUM(Q61:U61)
C62: Bảo mật - Security | D62: Ghi vết - Audit log | E62: =F62/G62 | F62: =SUM(H62:L62) | G62: =SUM(H62:M62) | H62: =COUNTIF('Frameworks'!$M$178:$M$178,H$3) | I62: =COUNTIF('Frameworks'!$M$178:$M$178,I$3) | J62: =COUNTIF('Frameworks'!$M$178:$M$178,J$3) | K62: =COUNTIF('Frameworks'!$M$178:$M$178,K$3) | L62: =COUNTIF('Frameworks'!$M$178:$M$178,L$3) | M62: =COUNTA('Frameworks'!$G$178:$G$178)-SUM(H62:L62) | N62: =O62/P62 | O62: =SUM(Q62:U62) | P62: =SUM(Q62:V62) | Q62: =COUNTIF('Frameworks'!$R$178:$R$178,Q$3) | R62: =COUNTIF('Frameworks'!$R$178:$R$178,R$3) | S62: =COUNTIF('Frameworks'!$R$178:$R$178,S$3) | T62: =COUNTIF('Frameworks'!$R$178:$R$178,T$3) | U62: =COUNTIF('Frameworks'!$R$178:$R$178,U$3) | V62: =COUNTA('Frameworks'!$G$178:$G$178)-SUM(Q62:U62)
C63: Total | E63: =F63/G63 | F63: =SUM(H63:L63) | G63: =SUM(H63:M63) | H63: =SUM(H40:H62) | I63: =SUM(I40:I62) | J63: =SUM(J40:J62) | K63: =SUM(K40:K62) | L63: =SUM(L40:L62) | M63: =SUM(M40:M62) | N63: =O63/P63 | O63: =SUM(Q63:U63) | P63: =SUM(Q63:V63) | Q63: =SUM(Q40:Q62) | R63: =SUM(R40:R62) | S63: =SUM(S40:S62) | T63: =SUM(T40:T62) | U63: =SUM(U40:U62) | V63: =SUM(V40:V62)
B64: Users | C64: Điều hướng - Redirect | D64: Vào danh sách - User list | E64: =F64/G64 | F64: =SUM(H64:L64) | G64: =SUM(H64:M64) | H64: =COUNTIF('Users'!$M$13:$M$14,H$3) | I64: =COUNTIF('Users'!$M$13:$M$14,I$3) | J64: =COUNTIF('Users'!$M$13:$M$14,J$3) | K64: =COUNTIF('Users'!$M$13:$M$14,K$3) | L64: =COUNTIF('Users'!$M$13:$M$14,L$3) | M64: =COUNTA('Users'!$G$13:$G$14)-SUM(H64:L64) | N64: =O64/P64 | O64: =SUM(Q64:U64) | P64: =SUM(Q64:V64) | Q64: =COUNTIF('Users'!$R$13:$R$14,Q$3) | R64: =COUNTIF('Users'!$R$13:$R$14,R$3) | S64: =COUNTIF('Users'!$R$13:$R$14,S$3) | T64: =COUNTIF('Users'!$R$13:$R$14,T$3) | U64: =COUNTIF('Users'!$R$13:$R$14,U$3) | V64: =COUNTA('Users'!$G$13:$G$14)-SUM(Q64:U64)
C65: Điều hướng - Redirect | D65: Vào chi tiết - User detail | E65: =F65/G65 | F65: =SUM(H65:L65) | G65: =SUM(H65:M65) | H65: =COUNTIF('Users'!$M$15:$M$15,H$3) | I65: =COUNTIF('Users'!$M$15:$M$15,I$3) | J65: =COUNTIF('Users'!$M$15:$M$15,J$3) | K65: =COUNTIF('Users'!$M$15:$M$15,K$3) | L65: =COUNTIF('Users'!$M$15:$M$15,L$3) | M65: =COUNTA('Users'!$G$15:$G$15)-SUM(H65:L65) | N65: =O65/P65 | O65: =SUM(Q65:U65) | P65: =SUM(Q65:V65) | Q65: =COUNTIF('Users'!$R$15:$R$15,Q$3) | R65: =COUNTIF('Users'!$R$15:$R$15,R$3) | S65: =COUNTIF('Users'!$R$15:$R$15,S$3) | T65: =COUNTIF('Users'!$R$15:$R$15,T$3) | U65: =COUNTIF('Users'!$R$15:$R$15,U$3) | V65: =COUNTA('Users'!$G$15:$G$15)-SUM(Q65:U65)
C66: Danh sách người dùng - User list | D66: Phạm vi dữ liệu - Boundary | E66: =F66/G66 | F66: =SUM(H66:L66) | G66: =SUM(H66:M66) | H66: =COUNTIF('Users'!$M$16:$M$17,H$3) | I66: =COUNTIF('Users'!$M$16:$M$17,I$3) | J66: =COUNTIF('Users'!$M$16:$M$17,J$3) | K66: =COUNTIF('Users'!$M$16:$M$17,K$3) | L66: =COUNTIF('Users'!$M$16:$M$17,L$3) | M66: =COUNTA('Users'!$G$16:$G$17)-SUM(H66:L66) | N66: =O66/P66 | O66: =SUM(Q66:U66) | P66: =SUM(Q66:V66) | Q66: =COUNTIF('Users'!$R$16:$R$17,Q$3) | R66: =COUNTIF('Users'!$R$16:$R$17,R$3) | S66: =COUNTIF('Users'!$R$16:$R$17,S$3) | T66: =COUNTIF('Users'!$R$16:$R$17,T$3) | U66: =COUNTIF('Users'!$R$16:$R$17,U$3) | V66: =COUNTA('Users'!$G$16:$G$17)-SUM(Q66:U66)
C67: Danh sách người dùng - User list | D67: Người được mời - Invited user | E67: =F67/G67 | F67: =SUM(H67:L67) | G67: =SUM(H67:M67) | H67: =COUNTIF('Users'!$M$18:$M$18,H$3) | I67: =COUNTIF('Users'!$M$18:$M$18,I$3) | J67: =COUNTIF('Users'!$M$18:$M$18,J$3) | K67: =COUNTIF('Users'!$M$18:$M$18,K$3) | L67: =COUNTIF('Users'!$M$18:$M$18,L$3) | M67: =COUNTA('Users'!$G$18:$G$18)-SUM(H67:L67) | N67: =O67/P67 | O67: =SUM(Q67:U67) | P67: =SUM(Q67:V67) | Q67: =COUNTIF('Users'!$R$18:$R$18,Q$3) | R67: =COUNTIF('Users'!$R$18:$R$18,R$3) | S67: =COUNTIF('Users'!$R$18:$R$18,S$3) | T67: =COUNTIF('Users'!$R$18:$R$18,T$3) | U67: =COUNTIF('Users'!$R$18:$R$18,U$3) | V67: =COUNTA('Users'!$G$18:$G$18)-SUM(Q67:U67)
C68: Chi tiết người dùng - User detail | D68: Nội dung - Content | E68: =F68/G68 | F68: =SUM(H68:L68) | G68: =SUM(H68:M68) | H68: =COUNTIF('Users'!$M$19:$M$20,H$3) | I68: =COUNTIF('Users'!$M$19:$M$20,I$3) | J68: =COUNTIF('Users'!$M$19:$M$20,J$3) | K68: =COUNTIF('Users'!$M$19:$M$20,K$3) | L68: =COUNTIF('Users'!$M$19:$M$20,L$3) | M68: =COUNTA('Users'!$G$19:$G$20)-SUM(H68:L68) | N68: =O68/P68 | O68: =SUM(Q68:U68) | P68: =SUM(Q68:V68) | Q68: =COUNTIF('Users'!$R$19:$R$20,Q$3) | R68: =COUNTIF('Users'!$R$19:$R$20,R$3) | S68: =COUNTIF('Users'!$R$19:$R$20,S$3) | T68: =COUNTIF('Users'!$R$19:$R$20,T$3) | U68: =COUNTIF('Users'!$R$19:$R$20,U$3) | V68: =COUNTA('Users'!$G$19:$G$20)-SUM(Q68:U68)
C69: Mời người dùng - Invite user | D69: Vai trò được chọn - Role options | E69: =F69/G69 | F69: =SUM(H69:L69) | G69: =SUM(H69:M69) | H69: =COUNTIF('Users'!$M$21:$M$22,H$3) | I69: =COUNTIF('Users'!$M$21:$M$22,I$3) | J69: =COUNTIF('Users'!$M$21:$M$22,J$3) | K69: =COUNTIF('Users'!$M$21:$M$22,K$3) | L69: =COUNTIF('Users'!$M$21:$M$22,L$3) | M69: =COUNTA('Users'!$G$21:$G$22)-SUM(H69:L69) | N69: =O69/P69 | O69: =SUM(Q69:U69) | P69: =SUM(Q69:V69) | Q69: =COUNTIF('Users'!$R$21:$R$22,Q$3) | R69: =COUNTIF('Users'!$R$21:$R$22,R$3) | S69: =COUNTIF('Users'!$R$21:$R$22,S$3) | T69: =COUNTIF('Users'!$R$21:$R$22,T$3) | U69: =COUNTIF('Users'!$R$21:$R$22,U$3) | V69: =COUNTA('Users'!$G$21:$G$22)-SUM(Q69:U69)
C70: Mời người dùng - Invite user | D70: Gửi lời mời - Send invitation | E70: =F70/G70 | F70: =SUM(H70:L70) | G70: =SUM(H70:M70) | H70: =COUNTIF('Users'!$M$23:$M$36,H$3) | I70: =COUNTIF('Users'!$M$23:$M$36,I$3) | J70: =COUNTIF('Users'!$M$23:$M$36,J$3) | K70: =COUNTIF('Users'!$M$23:$M$36,K$3) | L70: =COUNTIF('Users'!$M$23:$M$36,L$3) | M70: =COUNTA('Users'!$G$23:$G$36)-SUM(H70:L70) | N70: =O70/P70 | O70: =SUM(Q70:U70) | P70: =SUM(Q70:V70) | Q70: =COUNTIF('Users'!$R$23:$R$36,Q$3) | R70: =COUNTIF('Users'!$R$23:$R$36,R$3) | S70: =COUNTIF('Users'!$R$23:$R$36,S$3) | T70: =COUNTIF('Users'!$R$23:$R$36,T$3) | U70: =COUNTIF('Users'!$R$23:$R$36,U$3) | V70: =COUNTA('Users'!$G$23:$G$36)-SUM(Q70:U70)
C71: Mời người dùng - Invite user | D71: Lời mời đang chờ - Pending invitation | E71: =F71/G71 | F71: =SUM(H71:L71) | G71: =SUM(H71:M71) | H71: =COUNTIF('Users'!$M$37:$M$40,H$3) | I71: =COUNTIF('Users'!$M$37:$M$40,I$3) | J71: =COUNTIF('Users'!$M$37:$M$40,J$3) | K71: =COUNTIF('Users'!$M$37:$M$40,K$3) | L71: =COUNTIF('Users'!$M$37:$M$40,L$3) | M71: =COUNTA('Users'!$G$37:$G$40)-SUM(H71:L71) | N71: =O71/P71 | O71: =SUM(Q71:U71) | P71: =SUM(Q71:V71) | Q71: =COUNTIF('Users'!$R$37:$R$40,Q$3) | R71: =COUNTIF('Users'!$R$37:$R$40,R$3) | S71: =COUNTIF('Users'!$R$37:$R$40,S$3) | T71: =COUNTIF('Users'!$R$37:$R$40,T$3) | U71: =COUNTIF('Users'!$R$37:$R$40,U$3) | V71: =COUNTA('Users'!$G$37:$G$40)-SUM(Q71:U71)
C72: Đổi vai trò - Change role | D72: Đổi vai trò - Change role | E72: =F72/G72 | F72: =SUM(H72:L72) | G72: =SUM(H72:M72) | H72: =COUNTIF('Users'!$M$41:$M$49,H$3) | I72: =COUNTIF('Users'!$M$41:$M$49,I$3) | J72: =COUNTIF('Users'!$M$41:$M$49,J$3) | K72: =COUNTIF('Users'!$M$41:$M$49,K$3) | L72: =COUNTIF('Users'!$M$41:$M$49,L$3) | M72: =COUNTA('Users'!$G$41:$G$49)-SUM(H72:L72) | N72: =O72/P72 | O72: =SUM(Q72:U72) | P72: =SUM(Q72:V72) | Q72: =COUNTIF('Users'!$R$41:$R$49,Q$3) | R72: =COUNTIF('Users'!$R$41:$R$49,R$3) | S72: =COUNTIF('Users'!$R$41:$R$49,S$3) | T72: =COUNTIF('Users'!$R$41:$R$49,T$3) | U72: =COUNTIF('Users'!$R$41:$R$49,U$3) | V72: =COUNTA('Users'!$G$41:$G$49)-SUM(Q72:U72)
C73: Quyền theo scope - Scope access | D73: Cấp quyền - Grant | E73: =F73/G73 | F73: =SUM(H73:L73) | G73: =SUM(H73:M73) | H73: =COUNTIF('Users'!$M$50:$M$55,H$3) | I73: =COUNTIF('Users'!$M$50:$M$55,I$3) | J73: =COUNTIF('Users'!$M$50:$M$55,J$3) | K73: =COUNTIF('Users'!$M$50:$M$55,K$3) | L73: =COUNTIF('Users'!$M$50:$M$55,L$3) | M73: =COUNTA('Users'!$G$50:$G$55)-SUM(H73:L73) | N73: =O73/P73 | O73: =SUM(Q73:U73) | P73: =SUM(Q73:V73) | Q73: =COUNTIF('Users'!$R$50:$R$55,Q$3) | R73: =COUNTIF('Users'!$R$50:$R$55,R$3) | S73: =COUNTIF('Users'!$R$50:$R$55,S$3) | T73: =COUNTIF('Users'!$R$50:$R$55,T$3) | U73: =COUNTIF('Users'!$R$50:$R$55,U$3) | V73: =COUNTA('Users'!$G$50:$G$55)-SUM(Q73:U73)
C74: Quyền theo scope - Scope access | D74: Gỡ quyền - Remove | E74: =F74/G74 | F74: =SUM(H74:L74) | G74: =SUM(H74:M74) | H74: =COUNTIF('Users'!$M$56:$M$59,H$3) | I74: =COUNTIF('Users'!$M$56:$M$59,I$3) | J74: =COUNTIF('Users'!$M$56:$M$59,J$3) | K74: =COUNTIF('Users'!$M$56:$M$59,K$3) | L74: =COUNTIF('Users'!$M$56:$M$59,L$3) | M74: =COUNTA('Users'!$G$56:$G$59)-SUM(H74:L74) | N74: =O74/P74 | O74: =SUM(Q74:U74) | P74: =SUM(Q74:V74) | Q74: =COUNTIF('Users'!$R$56:$R$59,Q$3) | R74: =COUNTIF('Users'!$R$56:$R$59,R$3) | S74: =COUNTIF('Users'!$R$56:$R$59,S$3) | T74: =COUNTIF('Users'!$R$56:$R$59,T$3) | U74: =COUNTIF('Users'!$R$56:$R$59,U$3) | V74: =COUNTA('Users'!$G$56:$G$59)-SUM(Q74:U74)
C75: Quyền theo scope - Scope access | D75: Đối tượng được cấp - Who can be granted | E75: =F75/G75 | F75: =SUM(H75:L75) | G75: =SUM(H75:M75) | H75: =COUNTIF('Users'!$M$60:$M$61,H$3) | I75: =COUNTIF('Users'!$M$60:$M$61,I$3) | J75: =COUNTIF('Users'!$M$60:$M$61,J$3) | K75: =COUNTIF('Users'!$M$60:$M$61,K$3) | L75: =COUNTIF('Users'!$M$60:$M$61,L$3) | M75: =COUNTA('Users'!$G$60:$G$61)-SUM(H75:L75) | N75: =O75/P75 | O75: =SUM(Q75:U75) | P75: =SUM(Q75:V75) | Q75: =COUNTIF('Users'!$R$60:$R$61,Q$3) | R75: =COUNTIF('Users'!$R$60:$R$61,R$3) | S75: =COUNTIF('Users'!$R$60:$R$61,S$3) | T75: =COUNTIF('Users'!$R$60:$R$61,T$3) | U75: =COUNTIF('Users'!$R$60:$R$61,U$3) | V75: =COUNTA('Users'!$G$60:$G$61)-SUM(Q75:U75)
C76: Ma trận quyền - Role permissions | D76: Xem ma trận - View | E76: =F76/G76 | F76: =SUM(H76:L76) | G76: =SUM(H76:M76) | H76: =COUNTIF('Users'!$M$62:$M$63,H$3) | I76: =COUNTIF('Users'!$M$62:$M$63,I$3) | J76: =COUNTIF('Users'!$M$62:$M$63,J$3) | K76: =COUNTIF('Users'!$M$62:$M$63,K$3) | L76: =COUNTIF('Users'!$M$62:$M$63,L$3) | M76: =COUNTA('Users'!$G$62:$G$63)-SUM(H76:L76) | N76: =O76/P76 | O76: =SUM(Q76:U76) | P76: =SUM(Q76:V76) | Q76: =COUNTIF('Users'!$R$62:$R$63,Q$3) | R76: =COUNTIF('Users'!$R$62:$R$63,R$3) | S76: =COUNTIF('Users'!$R$62:$R$63,S$3) | T76: =COUNTIF('Users'!$R$62:$R$63,T$3) | U76: =COUNTIF('Users'!$R$62:$R$63,U$3) | V76: =COUNTA('Users'!$G$62:$G$63)-SUM(Q76:U76)
C77: Phân quyền - Permission | D77: Customer User | E77: =F77/G77 | F77: =SUM(H77:L77) | G77: =SUM(H77:M77) | H77: =COUNTIF('Users'!$M$64:$M$66,H$3) | I77: =COUNTIF('Users'!$M$64:$M$66,I$3) | J77: =COUNTIF('Users'!$M$64:$M$66,J$3) | K77: =COUNTIF('Users'!$M$64:$M$66,K$3) | L77: =COUNTIF('Users'!$M$64:$M$66,L$3) | M77: =COUNTA('Users'!$G$64:$G$66)-SUM(H77:L77) | N77: =O77/P77 | O77: =SUM(Q77:U77) | P77: =SUM(Q77:V77) | Q77: =COUNTIF('Users'!$R$64:$R$66,Q$3) | R77: =COUNTIF('Users'!$R$64:$R$66,R$3) | S77: =COUNTIF('Users'!$R$64:$R$66,S$3) | T77: =COUNTIF('Users'!$R$64:$R$66,T$3) | U77: =COUNTIF('Users'!$R$64:$R$66,U$3) | V77: =COUNTA('Users'!$G$64:$G$66)-SUM(Q77:U77)
C78: Phân quyền - Permission | D78: Customer Viewer | E78: =F78/G78 | F78: =SUM(H78:L78) | G78: =SUM(H78:M78) | H78: =COUNTIF('Users'!$M$67:$M$67,H$3) | I78: =COUNTIF('Users'!$M$67:$M$67,I$3) | J78: =COUNTIF('Users'!$M$67:$M$67,J$3) | K78: =COUNTIF('Users'!$M$67:$M$67,K$3) | L78: =COUNTIF('Users'!$M$67:$M$67,L$3) | M78: =COUNTA('Users'!$G$67:$G$67)-SUM(H78:L78) | N78: =O78/P78 | O78: =SUM(Q78:U78) | P78: =SUM(Q78:V78) | Q78: =COUNTIF('Users'!$R$67:$R$67,Q$3) | R78: =COUNTIF('Users'!$R$67:$R$67,R$3) | S78: =COUNTIF('Users'!$R$67:$R$67,S$3) | T78: =COUNTIF('Users'!$R$67:$R$67,T$3) | U78: =COUNTIF('Users'!$R$67:$R$67,U$3) | V78: =COUNTA('Users'!$G$67:$G$67)-SUM(Q78:U78)
C79: Phân quyền - Permission | D79: Vai trò SGS - SGS roles | E79: =F79/G79 | F79: =SUM(H79:L79) | G79: =SUM(H79:M79) | H79: =COUNTIF('Users'!$M$68:$M$68,H$3) | I79: =COUNTIF('Users'!$M$68:$M$68,I$3) | J79: =COUNTIF('Users'!$M$68:$M$68,J$3) | K79: =COUNTIF('Users'!$M$68:$M$68,K$3) | L79: =COUNTIF('Users'!$M$68:$M$68,L$3) | M79: =COUNTA('Users'!$G$68:$G$68)-SUM(H79:L79) | N79: =O79/P79 | O79: =SUM(Q79:U79) | P79: =SUM(Q79:V79) | Q79: =COUNTIF('Users'!$R$68:$R$68,Q$3) | R79: =COUNTIF('Users'!$R$68:$R$68,R$3) | S79: =COUNTIF('Users'!$R$68:$R$68,S$3) | T79: =COUNTIF('Users'!$R$68:$R$68,T$3) | U79: =COUNTIF('Users'!$R$68:$R$68,U$3) | V79: =COUNTA('Users'!$G$68:$G$68)-SUM(Q79:U79)
C80: Bảo mật - Security | D80: Cách ly tenant - Tenant isolation | E80: =F80/G80 | F80: =SUM(H80:L80) | G80: =SUM(H80:M80) | H80: =COUNTIF('Users'!$M$69:$M$71,H$3) | I80: =COUNTIF('Users'!$M$69:$M$71,I$3) | J80: =COUNTIF('Users'!$M$69:$M$71,J$3) | K80: =COUNTIF('Users'!$M$69:$M$71,K$3) | L80: =COUNTIF('Users'!$M$69:$M$71,L$3) | M80: =COUNTA('Users'!$G$69:$G$71)-SUM(H80:L80) | N80: =O80/P80 | O80: =SUM(Q80:U80) | P80: =SUM(Q80:V80) | Q80: =COUNTIF('Users'!$R$69:$R$71,Q$3) | R80: =COUNTIF('Users'!$R$69:$R$71,R$3) | S80: =COUNTIF('Users'!$R$69:$R$71,S$3) | T80: =COUNTIF('Users'!$R$69:$R$71,T$3) | U80: =COUNTIF('Users'!$R$69:$R$71,U$3) | V80: =COUNTA('Users'!$G$69:$G$71)-SUM(Q80:U80)
C81: Bảo mật - Security | D81: Phạm vi affiliate - Affiliate boundary | E81: =F81/G81 | F81: =SUM(H81:L81) | G81: =SUM(H81:M81) | H81: =COUNTIF('Users'!$M$72:$M$72,H$3) | I81: =COUNTIF('Users'!$M$72:$M$72,I$3) | J81: =COUNTIF('Users'!$M$72:$M$72,J$3) | K81: =COUNTIF('Users'!$M$72:$M$72,K$3) | L81: =COUNTIF('Users'!$M$72:$M$72,L$3) | M81: =COUNTA('Users'!$G$72:$G$72)-SUM(H81:L81) | N81: =O81/P81 | O81: =SUM(Q81:U81) | P81: =SUM(Q81:V81) | Q81: =COUNTIF('Users'!$R$72:$R$72,Q$3) | R81: =COUNTIF('Users'!$R$72:$R$72,R$3) | S81: =COUNTIF('Users'!$R$72:$R$72,S$3) | T81: =COUNTIF('Users'!$R$72:$R$72,T$3) | U81: =COUNTIF('Users'!$R$72:$R$72,U$3) | V81: =COUNTA('Users'!$G$72:$G$72)-SUM(Q81:U81)
C82: Bảo mật - Security | D82: Dữ liệu nhập - Input | E82: =F82/G82 | F82: =SUM(H82:L82) | G82: =SUM(H82:M82) | H82: =COUNTIF('Users'!$M$73:$M$73,H$3) | I82: =COUNTIF('Users'!$M$73:$M$73,I$3) | J82: =COUNTIF('Users'!$M$73:$M$73,J$3) | K82: =COUNTIF('Users'!$M$73:$M$73,K$3) | L82: =COUNTIF('Users'!$M$73:$M$73,L$3) | M82: =COUNTA('Users'!$G$73:$G$73)-SUM(H82:L82) | N82: =O82/P82 | O82: =SUM(Q82:U82) | P82: =SUM(Q82:V82) | Q82: =COUNTIF('Users'!$R$73:$R$73,Q$3) | R82: =COUNTIF('Users'!$R$73:$R$73,R$3) | S82: =COUNTIF('Users'!$R$73:$R$73,S$3) | T82: =COUNTIF('Users'!$R$73:$R$73,T$3) | U82: =COUNTIF('Users'!$R$73:$R$73,U$3) | V82: =COUNTA('Users'!$G$73:$G$73)-SUM(Q82:U82)
C83: Bảo mật - Security | D83: Ghi vết - Audit log | E83: =F83/G83 | F83: =SUM(H83:L83) | G83: =SUM(H83:M83) | H83: =COUNTIF('Users'!$M$74:$M$74,H$3) | I83: =COUNTIF('Users'!$M$74:$M$74,I$3) | J83: =COUNTIF('Users'!$M$74:$M$74,J$3) | K83: =COUNTIF('Users'!$M$74:$M$74,K$3) | L83: =COUNTIF('Users'!$M$74:$M$74,L$3) | M83: =COUNTA('Users'!$G$74:$G$74)-SUM(H83:L83) | N83: =O83/P83 | O83: =SUM(Q83:U83) | P83: =SUM(Q83:V83) | Q83: =COUNTIF('Users'!$R$74:$R$74,Q$3) | R83: =COUNTIF('Users'!$R$74:$R$74,R$3) | S83: =COUNTIF('Users'!$R$74:$R$74,S$3) | T83: =COUNTIF('Users'!$R$74:$R$74,T$3) | U83: =COUNTIF('Users'!$R$74:$R$74,U$3) | V83: =COUNTA('Users'!$G$74:$G$74)-SUM(Q83:U83)
C84: Total | E84: =F84/G84 | F84: =SUM(H84:L84) | G84: =SUM(H84:M84) | H84: =SUM(H64:H83) | I84: =SUM(I64:I83) | J84: =SUM(J64:J83) | K84: =SUM(K64:K83) | L84: =SUM(L64:L83) | M84: =SUM(M64:M83) | N84: =O84/P84 | O84: =SUM(Q84:U84) | P84: =SUM(Q84:V84) | Q84: =SUM(Q64:Q83) | R84: =SUM(R64:R83) | S84: =SUM(S64:S83) | T84: =SUM(T64:T83) | U84: =SUM(U64:U83) | V84: =SUM(V64:V83)
B85: Profile | C85: Điều hướng - Redirect | D85: Chỗ đổi ngôn ngữ - Language setting | E85: =F85/G85 | F85: =SUM(H85:L85) | G85: =SUM(H85:M85) | H85: =COUNTIF('Profile'!$M$13:$M$13,H$3) | I85: =COUNTIF('Profile'!$M$13:$M$13,I$3) | J85: =COUNTIF('Profile'!$M$13:$M$13,J$3) | K85: =COUNTIF('Profile'!$M$13:$M$13,K$3) | L85: =COUNTIF('Profile'!$M$13:$M$13,L$3) | M85: =COUNTA('Profile'!$G$13:$G$13)-SUM(H85:L85) | N85: =O85/P85 | O85: =SUM(Q85:U85) | P85: =SUM(Q85:V85) | Q85: =COUNTIF('Profile'!$R$13:$R$13,Q$3) | R85: =COUNTIF('Profile'!$R$13:$R$13,R$3) | S85: =COUNTIF('Profile'!$R$13:$R$13,S$3) | T85: =COUNTIF('Profile'!$R$13:$R$13,T$3) | U85: =COUNTIF('Profile'!$R$13:$R$13,U$3) | V85: =COUNTA('Profile'!$G$13:$G$13)-SUM(Q85:U85)
C86: Đổi ngôn ngữ - Switch language | D86: Giao diện - Interface | E86: =F86/G86 | F86: =SUM(H86:L86) | G86: =SUM(H86:M86) | H86: =COUNTIF('Profile'!$M$14:$M$15,H$3) | I86: =COUNTIF('Profile'!$M$14:$M$15,I$3) | J86: =COUNTIF('Profile'!$M$14:$M$15,J$3) | K86: =COUNTIF('Profile'!$M$14:$M$15,K$3) | L86: =COUNTIF('Profile'!$M$14:$M$15,L$3) | M86: =COUNTA('Profile'!$G$14:$G$15)-SUM(H86:L86) | N86: =O86/P86 | O86: =SUM(Q86:U86) | P86: =SUM(Q86:V86) | Q86: =COUNTIF('Profile'!$R$14:$R$15,Q$3) | R86: =COUNTIF('Profile'!$R$14:$R$15,R$3) | S86: =COUNTIF('Profile'!$R$14:$R$15,S$3) | T86: =COUNTIF('Profile'!$R$14:$R$15,T$3) | U86: =COUNTIF('Profile'!$R$14:$R$15,U$3) | V86: =COUNTA('Profile'!$G$14:$G$15)-SUM(Q86:U86)
C87: Đổi ngôn ngữ - Switch language | D87: Nội dung framework - Framework content | E87: =F87/G87 | F87: =SUM(H87:L87) | G87: =SUM(H87:M87) | H87: =COUNTIF('Profile'!$M$16:$M$18,H$3) | I87: =COUNTIF('Profile'!$M$16:$M$18,I$3) | J87: =COUNTIF('Profile'!$M$16:$M$18,J$3) | K87: =COUNTIF('Profile'!$M$16:$M$18,K$3) | L87: =COUNTIF('Profile'!$M$16:$M$18,L$3) | M87: =COUNTA('Profile'!$G$16:$G$18)-SUM(H87:L87) | N87: =O87/P87 | O87: =SUM(Q87:U87) | P87: =SUM(Q87:V87) | Q87: =COUNTIF('Profile'!$R$16:$R$18,Q$3) | R87: =COUNTIF('Profile'!$R$16:$R$18,R$3) | S87: =COUNTIF('Profile'!$R$16:$R$18,S$3) | T87: =COUNTIF('Profile'!$R$16:$R$18,T$3) | U87: =COUNTIF('Profile'!$R$16:$R$18,U$3) | V87: =COUNTA('Profile'!$G$16:$G$18)-SUM(Q87:U87)
C88: Lưu lựa chọn - Persistence | D88: Theo người dùng - Per user | E88: =F88/G88 | F88: =SUM(H88:L88) | G88: =SUM(H88:M88) | H88: =COUNTIF('Profile'!$M$19:$M$23,H$3) | I88: =COUNTIF('Profile'!$M$19:$M$23,I$3) | J88: =COUNTIF('Profile'!$M$19:$M$23,J$3) | K88: =COUNTIF('Profile'!$M$19:$M$23,K$3) | L88: =COUNTIF('Profile'!$M$19:$M$23,L$3) | M88: =COUNTA('Profile'!$G$19:$G$23)-SUM(H88:L88) | N88: =O88/P88 | O88: =SUM(Q88:U88) | P88: =SUM(Q88:V88) | Q88: =COUNTIF('Profile'!$R$19:$R$23,Q$3) | R88: =COUNTIF('Profile'!$R$19:$R$23,R$3) | S88: =COUNTIF('Profile'!$R$19:$R$23,S$3) | T88: =COUNTIF('Profile'!$R$19:$R$23,T$3) | U88: =COUNTIF('Profile'!$R$19:$R$23,U$3) | V88: =COUNTA('Profile'!$G$19:$G$23)-SUM(Q88:U88)
C89: Phân quyền - Permission | D89: Vai trò SGS - SGS roles | E89: =F89/G89 | F89: =SUM(H89:L89) | G89: =SUM(H89:M89) | H89: =COUNTIF('Profile'!$M$24:$M$24,H$3) | I89: =COUNTIF('Profile'!$M$24:$M$24,I$3) | J89: =COUNTIF('Profile'!$M$24:$M$24,J$3) | K89: =COUNTIF('Profile'!$M$24:$M$24,K$3) | L89: =COUNTIF('Profile'!$M$24:$M$24,L$3) | M89: =COUNTA('Profile'!$G$24:$G$24)-SUM(H89:L89) | N89: =O89/P89 | O89: =SUM(Q89:U89) | P89: =SUM(Q89:V89) | Q89: =COUNTIF('Profile'!$R$24:$R$24,Q$3) | R89: =COUNTIF('Profile'!$R$24:$R$24,R$3) | S89: =COUNTIF('Profile'!$R$24:$R$24,S$3) | T89: =COUNTIF('Profile'!$R$24:$R$24,T$3) | U89: =COUNTIF('Profile'!$R$24:$R$24,U$3) | V89: =COUNTA('Profile'!$G$24:$G$24)-SUM(Q89:U89)
C90: Phân quyền - Permission | D90: Customer Viewer | E90: =F90/G90 | F90: =SUM(H90:L90) | G90: =SUM(H90:M90) | H90: =COUNTIF('Profile'!$M$25:$M$25,H$3) | I90: =COUNTIF('Profile'!$M$25:$M$25,I$3) | J90: =COUNTIF('Profile'!$M$25:$M$25,J$3) | K90: =COUNTIF('Profile'!$M$25:$M$25,K$3) | L90: =COUNTIF('Profile'!$M$25:$M$25,L$3) | M90: =COUNTA('Profile'!$G$25:$G$25)-SUM(H90:L90) | N90: =O90/P90 | O90: =SUM(Q90:U90) | P90: =SUM(Q90:V90) | Q90: =COUNTIF('Profile'!$R$25:$R$25,Q$3) | R90: =COUNTIF('Profile'!$R$25:$R$25,R$3) | S90: =COUNTIF('Profile'!$R$25:$R$25,S$3) | T90: =COUNTIF('Profile'!$R$25:$R$25,T$3) | U90: =COUNTIF('Profile'!$R$25:$R$25,U$3) | V90: =COUNTA('Profile'!$G$25:$G$25)-SUM(Q90:U90)
C91: Total | E91: =F91/G91 | F91: =SUM(H91:L91) | G91: =SUM(H91:M91) | H91: =SUM(H85:H90) | I91: =SUM(I85:I90) | J91: =SUM(J85:J90) | K91: =SUM(K85:K90) | L91: =SUM(L85:L90) | M91: =SUM(M85:M90) | N91: =O91/P91 | O91: =SUM(Q91:U91) | P91: =SUM(Q91:V91) | Q91: =SUM(Q85:Q90) | R91: =SUM(R85:R90) | S91: =SUM(S85:S90) | T91: =SUM(T85:T90) | U91: =SUM(U85:U90) | V91: =SUM(V85:V90)
B92: Total | E92: =F92/G92 | F92: =SUM(F14,F39,F63,F84,F91) | G92: =SUM(G14,G39,G63,G84,G91) | H92: =SUM(H14,H39,H63,H84,H91) | I92: =SUM(I14,I39,I63,I84,I91) | J92: =SUM(J14,J39,J63,J84,J91) | K92: =SUM(K14,K39,K63,K84,K91) | L92: =SUM(L14,L39,L63,L84,L91) | M92: =SUM(M14,M39,M63,M84,M91) | N92: =O92/P92 | O92: =SUM(O14,O39,O63,O84,O91) | P92: =SUM(P14,P39,P63,P84,P91) | Q92: =SUM(Q14,Q39,Q63,Q84,Q91) | R92: =SUM(R14,R39,R63,R84,R91) | S92: =SUM(S14,S39,S63,S84,S91) | T92: =SUM(T14,T39,T63,T84,T91) | U92: =SUM(U14,U39,U63,U84,U91) | V92: =SUM(V14,V39,V63,V84,V91)

Sheet Login
B3: Function Name | C3: AUTH-L0001_Đăng nhập | K3: Round | L3: Total | M3: Passed | N3: Failed | O3: Pending | P3: Blocked | Q3: NA | R3: Not execute
B4: Screen Name | C4: Login · Customer Portal | K4: Round 1 | L4: =COUNTA($G$13:$G$112) -> 52 | M4: =COUNTIF($M$13:$M941,M3) -> 0 | N4: =COUNTIF($M$13:$M941,N3) -> 0 | O4: =COUNTIF($M$13:$M941,O3) -> 0 | P4: =COUNTIF($M$13:$M941,P3) -> 0 | Q4: =COUNTIF($M$13:$M941,Q3) -> 0 | R4: =L4-SUM(M4:Q4) -> 52
B5: Creator | C5: Hanna | M5: =M4/$L$4 -> 0 | N5: =N4/$L$4 -> 0 | O5: =O4/$L$4 -> 0 | P5: =P4/$L$4 -> 0 | Q5: =Q4/$L$4 -> 0 | R5: =R4/$L$4 -> 1
B6: Created date | C6: 01/10/2026 | K6: Round 2 | L6: =COUNTA($G$13:$G$112) -> 52 | M6: =COUNTIF($R$13:$R$115,M3) -> 0 | N6: =COUNTIF($R$13:$R$115,N3) -> 0 | O6: =COUNTIF($R$13:$R$115,O3) -> 0 | P6: =COUNTIF($R$13:$R$115,P3) -> 0 | Q6: =COUNTIF($R$13:$R$115,Q3) -> 0 | R6: =L6-SUM(M6:Q6) -> 52
B7: Reference | C7: Figma SGS-DTP-DS · Screens 01 Authentication · Customer / Sign in | M7: =M6/$L$6 -> 0 | N7: =N6/$L$6 -> 0 | O7: =O6/$L$6 -> 0 | P7: =P6/$L$6 -> 0 | Q7: =Q6/$L$6 -> 0 | R7: =R6/$L$6 -> 1
M10: Round 1 | R10: Round 2
B11: Classification | F11: Priority | G11: TVP_ID | H11: Test case name/ Test view point | I11: Pre-condition | J11: Step | K11: Expected result | L11: Dev test | M11: Result | N11: Test person | O11: Test date | P11: Bug_ID | Q11: Remark | R11: Result | S11: Test person | T11: Test date | U11: Bug_ID | V11: Remark | W11: Open question | X11: UC
A12: No. | B12: I | C12: II | D12: III | E12: IV
A13: 1 | B13: Đăng nhập - Login | C13: Điều hướng - Redirect | D13: Vào màn hình | E13: Chưa đăng nhập | F13: High | G13: TC_001 | H13: Kiểm tra đường dẫn vào màn hình đăng nhập | I13: Chưa đăng nhập | J13: 1. Mở {{url.customer}} | K13: - Chuyển sang màn hình Đăng nhập - Hiển thị đủ: logo SGS, tiêu đề Digital Trust Platform, phụ đề Customer Portal | X13: UC-AUTH-001
A14: 2 | E14: Đã đăng nhập | F14: Medium | G14: TC_002 | H14: Kiểm tra khi đã đăng nhập mà mở lại màn đăng nhập | I14: Đã đăng nhập bằng {{user.cust_admin}} | J14: 1. Mở lại {{url.customer}}/login | W14: Chưa rõ: vào thẳng Home hay vẫn hiện màn đăng nhập → Q-L-12 | X14: UC-AUTH-001
A15: 3 | E15: Mở link sâu khi chưa đăng nhập | F15: High | G15: TC_003 | H15: Kiểm tra mở trang nội bộ bằng URL khi chưa đăng nhập | I15: Chưa đăng nhập | J15: 1. Dán URL một trang nội bộ, ví dụ {{url.customer}}/scopes 2. Enter | K15: - Chuyển sang màn hình Đăng nhập, không hiển thị nội dung trang nội bộ | W15: Sau khi đăng nhập có quay lại đúng trang vừa mở không → Q-L-12 | X15: UC-ROL-001
A16: 4 | C16: Hiển thị - Display | D16: Khối bên trái | E16: Thương hiệu | F16: Low | G16: TC_004 | H16: Kiểm tra hiển thị khối thương hiệu bên trái | I16: Chưa đăng nhập | J16: 1. Mở {{url.customer}} 2. Kiểm tra khối bên trái | K16: - Hiển thị hoạ tiết thương hiệu SGS - Tiêu đề: Digital Trust Platform - Phụ đề: Customer Portal | X16: UC-AUTH-001
A17: 5 | D17: Khối bên phải | E17: Logo và tiêu đề | F17: Low | G17: TC_005 | H17: Kiểm tra hiển thị logo và tiêu đề khối đăng nhập | I17: Chưa đăng nhập | J17: 1. Mở {{url.customer}} 2. Kiểm tra phần đầu khối bên phải | K17: - Logo SGS - Tiêu đề: Digital Trust Platform - Phụ đề: Customer Portal | X17: UC-AUTH-001
A18: 6 | E18: Tiêu đề trình duyệt | F18: Low | G18: TC_006 | H18: Kiểm tra tiêu đề tab trình duyệt | I18: Chưa đăng nhập | J18: 1. Mở {{url.customer}} 2. Kiểm tra tiêu đề tab | W18: Chưa có text tiêu đề tab trong thiết kế | X18: UC-AUTH-001
A19: 7 | E19: Màn hình hẹp | F19: Low | G19: TC_007 | H19: Kiểm tra hiển thị ở màn hình hẹp | I19: Chưa đăng nhập | J19: 1. Mở {{url.customer}} 2. Thu nhỏ cửa sổ xuống dưới 768px 3. Kiểm tra bố cục | W19: Thiết kế chưa có bản màn hình hẹp | X19: UC-AUTH-001
A20: 8 | C20: Ngôn ngữ - Language | D20: Bộ chọn ngôn ngữ | E20: Hiển thị mặc định | F20: Medium | G20: TC_008 | H20: Kiểm tra hiển thị mặc định của bộ chọn ngôn ngữ | I20: Chưa đăng nhập | J20: 1. Mở {{url.customer}} 2. Kiểm tra góc trên bên phải | K20: - Hiển thị icon quả địa cầu - Giá trị mặc định: EN - Có mũi tên mở danh sách | W20: Mặc định lấy theo trình duyệt hay cố định EN → Q-L-08 | X20: UC-AUTH-001
A21: 9 | E21: Mở danh sách | F21: Medium | G21: TC_009 | H21: Kiểm tra hiển thị khi mở danh sách ngôn ngữ | I21: Chưa đăng nhập | J21: 1. Mở {{url.customer}} 2. Bấm vào bộ chọn ngôn ngữ | W21: Danh sách ngôn ngữ gồm những gì → Q-L-08 | X21: UC-AUTH-001
A22: 10 | E22: Chọn ngôn ngữ khác | F22: Medium | G22: TC_010 | H22: Kiểm tra khi chọn một ngôn ngữ khác | I22: Chưa đăng nhập | J22: 1. Mở {{url.customer}} 2. Mở danh sách 3. Chọn một ngôn ngữ khác EN | W22: Bản dịch của màn đăng nhập chưa có → Q-L-08 | X22: UC-AUTH-001
A23: 11 | E23: Giữ lựa chọn | F23: Low | G23: TC_011 | H23: Kiểm tra giữ ngôn ngữ đã chọn sau khi tải lại trang | I23: Chưa đăng nhập | J23: 1. Mở {{url.customer}} 2. Chọn ngôn ngữ khác 3. Tải lại trang | W23: Có lưu lựa chọn không → Q-L-08 | X23: UC-AUTH-001
A24: 12 | C24: Email | D24: Hiển thị | E24: Mặc định | F24: High | G24: TC_012 | H24: Kiểm tra hiển thị mặc định của trường Email | I24: Chưa đăng nhập | J24: 1. Mở {{url.customer}} 2. Kiểm tra trường Email | K24: - Nhãn: Email kèm dấu * đỏ - Placeholder: name@company.com - Ô rỗng, không có thông báo lỗi | X24: UC-AUTH-001
A25: 13 | E25: Khi focus | F25: Low | G25: TC_013 | H25: Kiểm tra hiển thị khi đặt con trỏ vào trường Email | I25: Chưa đăng nhập | J25: 1. Mở {{url.customer}} 2. Bấm vào trường Email | K25: - Trường được làm nổi - Placeholder vẫn hiển thị khi chưa gõ | X25: UC-AUTH-001
A26: 14 | D26: Nhập liệu | E26: Nhập hợp lệ | F26: High | G26: TC_014 | H26: Kiểm tra nhập email đúng định dạng | I26: Chưa đăng nhập | J26: 1. Mở {{url.customer}} 2. Nhập {{user.cust_admin}} | K26: - Hiển thị đúng text đã nhập - Không có thông báo lỗi | X26: UC-AUTH-001
A27: 15 | E27: Giới hạn ký tự | F27: Medium | G27: TC_015 | H27: Kiểm tra nhập quá giới hạn ký tự | I27: Chưa đăng nhập | J27: 1. Mở {{url.customer}} 2. Nhập chuỗi dài hơn giới hạn cho phép | W27: Giới hạn ký tự của Email là bao nhiêu → Q-L-10 | X27: UC-AUTH-001
A28: 16 | E28: Ký tự đặc biệt và câu lệnh SQL | F28: High | G28: TC_016 | H28: Kiểm tra nhập ký tự đặc biệt và câu lệnh SQL | I28: Chưa đăng nhập | J28: 1. Mở {{url.customer}} 2. Nhập chuỗi chứa ' OR 1=1 -- và thẻ <script> 3. Bấm Sign in | K28: - Không đăng nhập được - Không có lỗi hệ thống, không lộ thông tin kỹ thuật | W28: Text lỗi hiển thị là gì → Q-L-02 | X28: UC-ROL-001
A29: 17 | E29: Khoảng trắng đầu cuối | F29: Low | G29: TC_017 | H29: Kiểm tra nhập email có khoảng trắng ở đầu và cuối | I29: Chưa đăng nhập | J29: 1. Mở {{url.customer}} 2. Nhập ' {{user.cust_admin}} ' 3. Bấm Sign in | W29: Có tự cắt khoảng trắng không → Q-L-02 | X29: UC-AUTH-001
A30: 18 | E30: Chữ hoa chữ thường | F30: Low | G30: TC_018 | H30: Kiểm tra nhập email viết hoa | I30: Chưa đăng nhập | J30: 1. Mở {{url.customer}} 2. Nhập email đúng nhưng viết hoa toàn bộ 3. Bấm Sign in | W30: Email có phân biệt hoa thường không → Q-L-02 | X30: UC-AUTH-001
A31: 19 | D31: Kiểm tra dữ liệu | E31: Bỏ trống | F31: High | G31: TC_019 | H31: Kiểm tra bỏ trống Email rồi đăng nhập | I31: Chưa đăng nhập | J31: 1. Mở {{url.customer}} 2. Để trống Email 3. Nhập mật khẩu hợp lệ 4. Bấm Sign in | K31: - Không gọi đăng nhập - Hiển thị thông báo lỗi ngay dưới trường Email | W31: Text lỗi nguyên văn → Q-L-01 | X31: UC-AUTH-001
A32: 20 | E32: Sai định dạng | F32: High | G32: TC_020 | H32: Kiểm tra nhập email sai định dạng | I32: Chưa đăng nhập | J32: 1. Mở {{url.customer}} 2. Nhập 'abc@' 3. Nhập mật khẩu hợp lệ 4. Bấm Sign in | K32: - Không gọi đăng nhập - Hiển thị thông báo lỗi ngay dưới trường Email | W32: Text lỗi nguyên văn → Q-L-02 | X32: UC-AUTH-001
A33: 21 | C33: Mật khẩu - Password | D33: Hiển thị | E33: Mặc định | F33: High | G33: TC_021 | H33: Kiểm tra hiển thị mặc định của trường Mật khẩu | I33: Chưa đăng nhập | J33: 1. Mở {{url.customer}} 2. Kiểm tra trường Password | K33: - Nhãn: Password kèm dấu * đỏ - Placeholder: Enter your password - Ô rỗng, không có thông báo lỗi | X33: UC-AUTH-001
A34: 22 | E34: Che ký tự | F34: High | G34: TC_022 | H34: Kiểm tra ký tự mật khẩu được che | I34: Chưa đăng nhập | J34: 1. Mở {{url.customer}} 2. Nhập mật khẩu bất kỳ | K34: - Mọi ký tự hiển thị dạng chấm tròn, không hiện text gốc | X34: UC-AUTH-001
A35: 23 | E35: Nút hiện mật khẩu | F35: Medium | G35: TC_023 | H35: Kiểm tra nút hiện/ẩn mật khẩu | I35: Chưa đăng nhập | J35: 1. Mở {{url.customer}} 2. Kiểm tra bên trong trường Password | W35: Thiết kế không có nút hiện/ẩn mật khẩu — có hay không → Q-L-11 | X35: UC-AUTH-001
A36: 24 | D36: Nhập liệu | E36: Giới hạn ký tự | F36: Medium | G36: TC_024 | H36: Kiểm tra nhập quá giới hạn ký tự | I36: Chưa đăng nhập | J36: 1. Mở {{url.customer}} 2. Nhập chuỗi dài hơn giới hạn cho phép | W36: Giới hạn ký tự của Password là bao nhiêu → Q-L-10 | X36: UC-AUTH-001
A37: 25 | E37: Dán nội dung | F37: Low | G37: TC_025 | H37: Kiểm tra dán mật khẩu từ bộ nhớ tạm | I37: Chưa đăng nhập | J37: 1. Mở {{url.customer}} 2. Dán chuỗi vào trường Password | K37: - Cho phép dán - Ký tự vẫn được che | X37: UC-AUTH-001
A38: 26 | D38: Kiểm tra dữ liệu | E38: Bỏ trống | F38: High | G38: TC_026 | H38: Kiểm tra bỏ trống Mật khẩu rồi đăng nhập | I38: Chưa đăng nhập | J38: 1. Mở {{url.customer}} 2. Nhập Email hợp lệ 3. Để trống Password 4. Bấm Sign in | K38: - Không gọi đăng nhập - Hiển thị thông báo lỗi ngay dưới trường Password | W38: Text lỗi nguyên văn → Q-L-01 | X38: UC-AUTH-001
A39: 27 | E39: Bỏ trống cả hai | F39: High | G39: TC_027 | H39: Kiểm tra bỏ trống cả hai trường rồi đăng nhập | I39: Chưa đăng nhập | J39: 1. Mở {{url.customer}} 2. Để trống cả hai 3. Bấm Sign in | K39: - Không gọi đăng nhập - Hiển thị lỗi ở cả hai trường | W39: Text lỗi nguyên văn → Q-L-01 | X39: UC-AUTH-001
A40: 28 | C40: Ghi nhớ đăng nhập | D40: Checkbox | E40: Mặc định | F40: Medium | G40: TC_028 | H40: Kiểm tra trạng thái mặc định của checkbox | I40: Chưa đăng nhập | J40: 1. Mở {{url.customer}} 2. Kiểm tra checkbox Keep me signed in | K40: - Checkbox ở trạng thái chưa tích - Nhãn: Keep me signed in | X40: UC-AUTH-001
A41: 29 | E41: Tích và bỏ tích | F41: Low | G41: TC_029 | H41: Kiểm tra tích và bỏ tích checkbox | I41: Chưa đăng nhập | J41: 1. Mở {{url.customer}} 2. Tích checkbox 3. Bỏ tích | K41: - Trạng thái đổi theo thao tác | X41: UC-AUTH-001
A42: 30 | D42: Phiên đăng nhập | E42: Có tích | F42: Medium | G42: TC_030 | H42: Kiểm tra thời hạn phiên khi có tích | I42: Chưa đăng nhập | J42: 1. Mở {{url.customer}} 2. Tích checkbox 3. Đăng nhập thành công 4. Đóng trình duyệt rồi mở lại | W42: Thời hạn phiên khi có tích là bao lâu → Q-L-06 | X42: UC-AUTH-001
A43: 31 | E43: Không tích | F43: Medium | G43: TC_031 | H43: Kiểm tra thời hạn phiên khi không tích | I43: Chưa đăng nhập | J43: 1. Mở {{url.customer}} 2. Không tích checkbox 3. Đăng nhập thành công 4. Đóng trình duyệt rồi mở lại | W43: Thời hạn phiên khi không tích là bao lâu → Q-L-06 | X43: UC-AUTH-001
A44: 32 | C44: Đăng nhập - Sign in | D44: Thành công | E44: Đúng cặp email và mật khẩu | F44: High | G44: TC_032 | H44: Kiểm tra đăng nhập với thông tin hợp lệ | I44: Chưa đăng nhập; có tài khoản {{user.cust_admin}} đang hoạt động | J44: 1. Mở {{url.customer}} 2. Nhập {{user.cust_admin}} 3. Nhập mật khẩu đúng 4. Bấm Sign in | K44: - Đăng nhập thành công, không có thông báo lỗi - Rời khỏi màn hình đăng nhập | X44: UC-AUTH-001
A45: 33 | E45: Màn hình sau khi đăng nhập | F45: High | G45: TC_033 | H45: Kiểm tra màn hình hiển thị sau khi đăng nhập | I45: Chưa đăng nhập; có tài khoản {{user.cust_admin}} đang hoạt động | J45: 1. Mở {{url.customer}} 2. Đăng nhập thành công 3. Kiểm tra màn hình | K45: - Hiển thị màn hình Home của Customer Portal - Menu trái hiện đúng các mục theo vai trò | W45: Xác nhận màn hình đích là Home → Q-L-12 | X45: UC-AUTH-001
A46: 34 | E46: Nhấn Enter để gửi | F46: Low | G46: TC_034 | H46: Kiểm tra đăng nhập bằng phím Enter | I46: Chưa đăng nhập; có tài khoản {{user.cust_admin}} đang hoạt động | J46: 1. Mở {{url.customer}} 2. Nhập đủ email và mật khẩu 3. Nhấn phím Enter | K46: - Gửi biểu mẫu, kết quả giống khi bấm Sign in | X46: UC-AUTH-001
A47: 35 | E47: Vai trò khác | F47: Medium | G47: TC_035 | H47: Kiểm tra đăng nhập bằng vai trò chỉ đọc | I47: Chưa đăng nhập; có tài khoản {{user.cust_viewer}} đang hoạt động | J47: 1. Mở {{url.customer}} 2. Đăng nhập bằng {{user.cust_viewer}} | K47: - Đăng nhập thành công - Menu và nút hành động hiển thị theo đúng quyền của vai trò | X47: UC-ROL-001
A48: 36 | D48: Không thành công | E48: Sai mật khẩu | F48: High | G48: TC_036 | H48: Kiểm tra đăng nhập với mật khẩu sai | I48: Chưa đăng nhập; có tài khoản {{user.cust_admin}} đang hoạt động | J48: 1. Mở {{url.customer}} 2. Nhập email đúng 3. Nhập mật khẩu sai 4. Bấm Sign in | K48: - Không đăng nhập được, vẫn ở màn hình đăng nhập - Hiển thị thông báo lỗi | W48: Text lỗi nguyên văn → Q-L-03 | X48: UC-AUTH-001
A49: 37 | E49: Email không tồn tại | F49: High | G49: TC_037 | H49: Kiểm tra đăng nhập với email không tồn tại | I49: Chưa đăng nhập | J49: 1. Mở {{url.customer}} 2. Nhập email chưa đăng ký 3. Nhập mật khẩu bất kỳ 4. Bấm Sign in | K49: - Không đăng nhập được - Thông báo lỗi KHÔNG được tiết lộ email có tồn tại trên hệ thống hay không | W49: Text lỗi nguyên văn, và có dùng chung text với sai mật khẩu không → Q-L-03 | X49: UC-AUTH-001
A50: 38 | E50: Tài khoản chưa kích hoạt | F50: High | G50: TC_038 | H50: Kiểm tra đăng nhập bằng tài khoản chưa kích hoạt | I50: Chưa đăng nhập; có tài khoản ở trạng thái chưa kích hoạt | J50: 1. Mở {{url.customer}} 2. Nhập email của tài khoản chưa kích hoạt 3. Nhập mật khẩu 4. Bấm Sign in | K50: - Không đăng nhập được | W50: Điều kiện và text của trạng thái Inactive → Q-L-05 | X50: UC-AUTH-005
A51: 39 | E51: Tài khoản bị khoá | F51: High | G51: TC_039 | H51: Kiểm tra đăng nhập bằng tài khoản bị khoá | I51: Chưa đăng nhập; có tài khoản ở trạng thái bị khoá | J51: 1. Mở {{url.customer}} 2. Nhập email của tài khoản bị khoá 3. Nhập mật khẩu đúng 4. Bấm Sign in | K51: - Không đăng nhập được | W51: Điều kiện khoá và text → Q-L-04 | X51: UC-AUTH-001
A52: 40 | E52: Sai nhiều lần liên tiếp | F52: High | G52: TC_040 | H52: Kiểm tra nhập sai mật khẩu nhiều lần liên tiếp | I52: Chưa đăng nhập; có tài khoản {{user.cust_admin}} đang hoạt động | J52: 1. Mở {{url.customer}} 2. Nhập sai mật khẩu nhiều lần liên tiếp 3. Kiểm tra sau mỗi lần | W52: Sai bao nhiêu lần thì khoá, khoá bao lâu, có CAPTCHA không → Q-L-04, Q-L-13 | X52: UC-AUTH-001
A53: 41 | E53: Tài khoản bị tạm ngừng | F53: Medium | G53: TC_041 | H53: Kiểm tra đăng nhập khi tài khoản khách hàng bị tạm ngừng | I53: Chưa đăng nhập; tài khoản khách hàng ở trạng thái tạm ngừng (UC-ACC-009) | J53: 1. Mở {{url.customer}} 2. Đăng nhập bằng người dùng thuộc tenant đó | K53: - Không truy cập được nền tảng | W53: Hiển thị thông báo gì → Q-L-05 | X53: UC-ACC-009
A54: 42 | C54: Nút Sign in | D54: Trạng thái nút | E54: Mặc định | F54: Medium | G54: TC_042 | H54: Kiểm tra trạng thái mặc định của nút Sign in | I54: Chưa đăng nhập | J54: 1. Mở {{url.customer}} 2. Kiểm tra nút Sign in khi hai trường còn rỗng | W54: Nút bật hay tắt khi chưa nhập gì → Q-L-01 | X54: UC-AUTH-001
A55: 43 | E55: Đang xử lý | F55: Medium | G55: TC_043 | H55: Kiểm tra trạng thái nút khi đang gửi | I55: Chưa đăng nhập; có tài khoản {{user.cust_admin}} đang hoạt động | J55: 1. Mở {{url.customer}} 2. Nhập đủ thông tin 3. Bấm Sign in 4. Quan sát nút trong lúc chờ | W55: Thiết kế chưa có trạng thái đang xử lý | X55: UC-AUTH-001
A56: 44 | E56: Bấm nhiều lần | F56: Medium | G56: TC_044 | H56: Kiểm tra bấm Sign in nhiều lần liên tiếp | I56: Chưa đăng nhập; có tài khoản {{user.cust_admin}} đang hoạt động | J56: 1. Mở {{url.customer}} 2. Nhập đủ thông tin 3. Bấm Sign in liên tiếp nhiều lần | K56: - Chỉ tạo một phiên đăng nhập, không gửi trùng yêu cầu | X56: UC-AUTH-001
A57: 45 | C57: Hỗ trợ - Support | D57: Liên kết | E57: Contact SGS support | F57: Medium | G57: TC_045 | H57: Kiểm tra hiển thị dòng hỗ trợ | I57: Chưa đăng nhập | J57: 1. Mở {{url.customer}} 2. Kiểm tra dòng dưới nút Sign in | K57: - Text: Need help? - Liên kết: Contact SGS support, có gạch chân | X57: UC-AUTH-001
A58: 46 | E58: Bấm vào liên kết | F58: Medium | G58: TC_046 | H58: Kiểm tra khi bấm Contact SGS support | I58: Chưa đăng nhập | J58: 1. Mở {{url.customer}} 2. Bấm Contact SGS support | W58: Liên kết dẫn tới đâu: email, trang hỗ trợ hay cửa sổ chat → Q-L-09 | X58: UC-AUTH-001
A59: 47 | D59: Quên mật khẩu | E59: Lối vào | F59: High | G59: TC_047 | H59: Kiểm tra lối vào chức năng quên mật khẩu | I59: Chưa đăng nhập | J59: 1. Mở {{url.customer}} 2. Tìm liên kết quên mật khẩu trên màn hình đăng nhập | W59: Màn hình không có liên kết quên mật khẩu, trong khi UC-AUTH-003 có chức năng này. Vào từ đâu → Q-L-07 | X59: UC-AUTH-003
A60: 48 | C60: Bảo mật - Security | D60: Lộ thông tin | E60: Mật khẩu trong DOM | F60: High | G60: TC_048 | H60: Kiểm tra mật khẩu không bị lộ trong mã trang | I60: Chưa đăng nhập | J60: 1. Mở {{url.customer}} 2. Nhập mật khẩu 3. Mở công cụ nhà phát triển, xem phần tử trường Password | K60: - Thuộc tính type là password - Giá trị không hiển thị dạng text thường | X60: UC-ROL-001
A61: 49 | E61: Mật khẩu trong yêu cầu mạng | F61: High | G61: TC_049 | H61: Kiểm tra mật khẩu không nằm trên URL | I61: Chưa đăng nhập | J61: 1. Mở {{url.customer}} 2. Mở tab Network 3. Đăng nhập 4. Kiểm tra yêu cầu đăng nhập | K61: - Gửi bằng phương thức POST qua HTTPS - Mật khẩu không nằm trong chuỗi truy vấn của URL | X61: UC-ROL-001
A62: 50 | D62: Phiên làm việc | E62: Quay lại sau khi đăng xuất | F62: High | G62: TC_050 | H62: Kiểm tra dùng nút Quay lại sau khi đăng xuất | I62: Đã đăng nhập rồi đăng xuất | J62: 1. Bấm nút Quay lại của trình duyệt 2. Kiểm tra hiển thị | K62: - Không hiển thị nội dung trang nội bộ - Chuyển về màn hình đăng nhập | X62: UC-ROL-001
A63: 51 | E63: Gọi thẳng API khi chưa đăng nhập | F63: High | G63: TC_051 | H63: Kiểm tra gọi API khi chưa có phiên | I63: Chưa đăng nhập | J63: 1. Gọi thẳng một API nội bộ không kèm token | K63: - Trả về 401, không trả dữ liệu | X63: UC-ROL-001
A64: 52 | D64: Ghi vết | E64: Ghi nhận lần đăng nhập | F64: Medium | G64: TC_052 | H64: Kiểm tra ghi vết đăng nhập thành công và thất bại | I64: Chưa đăng nhập; có tài khoản {{user.cust_admin}} đang hoạt động | J64: 1. Mở {{url.customer}} 2. Đăng nhập sai một lần 3. Đăng nhập đúng một lần 4. Mở Audit Trail bằng {{user.sgs_admin}} | K64: - Có bản ghi cho cả lần thất bại và lần thành công, đúng người, đúng thời điểm | W64: MVP có ghi vết lần đăng nhập thất bại không | X64: UC-AUD-001

Sheet Scopes
B3: Function Name | C3: SCP-L0001_Quản lý scope | K3: Round | L3: Total | M3: Passed | N3: Failed | O3: Pending | P3: Blocked | Q3: NA | R3: Not execute
B4: Screen Name | C4: Scopes · Customer Portal | K4: Round 1 | L4: =COUNTA($G$13:$G$148) -> 136 | M4: =COUNTIF($M$13:$M$148,M3) -> 0 | N4: =COUNTIF($M$13:$M$148,N3) -> 0 | O4: =COUNTIF($M$13:$M$148,O3) -> 0 | P4: =COUNTIF($M$13:$M$148,P3) -> 0 | Q4: =COUNTIF($M$13:$M$148,Q3) -> 0 | R4: =L4-SUM(M4:Q4) -> 136
B5: Creator | C5: Hanna | M5: =M4/$L$4 -> 0 | N5: =N4/$L$4 -> 0 | O5: =O4/$L$4 -> 0 | P5: =P4/$L$4 -> 0 | Q5: =Q4/$L$4 -> 0 | R5: =R4/$L$4 -> 1
B6: Created date | C6: 01/10/2026 | K6: Round 2 | L6: =COUNTA($G$13:$G$148) -> 136 | M6: =COUNTIF($R$13:$R$148,M3) -> 0 | N6: =COUNTIF($R$13:$R$148,N3) -> 0 | O6: =COUNTIF($R$13:$R$148,O3) -> 0 | P6: =COUNTIF($R$13:$R$148,P3) -> 0 | Q6: =COUNTIF($R$13:$R$148,Q3) -> 0 | R6: =L6-SUM(M6:Q6) -> 136
B7: Reference | C7: Figma SGS-DTP-DS · Screens 05 Scopes · prototype | M7: =M6/$L$6 -> 0 | N7: =N6/$L$6 -> 0 | O7: =O6/$L$6 -> 0 | P7: =P6/$L$6 -> 0 | Q7: =Q6/$L$6 -> 0 | R7: =R6/$L$6 -> 1
M10: Round 1 | R10: Round 2
B11: Classification | F11: Priority | G11: TVP_ID | H11: Test case name/ Test view point | I11: Pre-condition | J11: Step | K11: Expected result | L11: Dev test | M11: Result | N11: Test person | O11: Test date | P11: Bug_ID | Q11: Remark | R11: Result | S11: Test person | T11: Test date | U11: Bug_ID | V11: Remark | W11: Open question | X11: UC
A12: No. | B12: I | C12: II | D12: III | E12: IV
A13: 1 | B13: Điều hướng - Redirect | C13: Vào danh sách - Scope list | D13: Từ menu | E13: Bấm Scopes ở menu trái | F13: High | G13: Scope_001 | H13: Kiểm tra vào màn Scopes từ menu trái | I13: Đăng nhập account Customer Admin | J13: 1. Bấm mục Scopes ở menu trái | K13: - Chuyển sang màn Scopes - Breadcrumb: Scopes - Mục Scopes ở menu trái được tô nền | X13: UC-SCP-001
A14: 2 | D14: Bằng URL | E14: Đã đăng nhập | F14: Medium | G14: Scope_002 | H14: Kiểm tra mở màn Scopes bằng URL | I14: Đăng nhập account Customer Admin | J14: 1. Mở thẳng vào scopes | K14: - Hiển thị màn Scopes - Mục Scopes ở menu trái được tô nền | X14: UC-SCP-001
A15: 3 | C15: Vào chi tiết - Scope detail | D15: Từ danh sách | E15: Bấm tên scope | F15: High | G15: Scope_003 | H15: Kiểm tra mở chi tiết scope từ danh sách | I15: Đăng nhập account Customer Admin | J15: 1. Vào màn hình Scopes | K15: - Chuyển sang màn chi tiết, đúng dạng URL - Tiêu đề trang đúng định dạng | X15: UC-SCP-002
A16: 4 | D16: Bằng URL | E16: Mã scope hợp lệ | F16: Medium | G16: Scope_004 | H16: Kiểm tra mở chi tiết scope bằng URL | I16: Đăng nhập account Customer Admin | J16: 1. Mở url đúng định dạng | K16: - Hiển thị màn chi tiết của màn hình scope | X16: UC-SCP-002
A17: 5 | E17: Mã scope không tồn tại | F17: Medium | G17: Scope_005 | H17: Kiểm tra mở chi tiết bằng mã scope không tồn tại | I17: Đăng nhập account Customer Admin | J17: 1. Mở url sai định dạng | K17: - Hiển thị lỗi: "This scope doesn’t exist It may have been removed, or it belongs to an organisation you can’t see." | W17: Hiện trang lỗi, thông báo, hay quay về danh sách → Q-S-26 | X17: UC-SCP-002
A18: 6 | B18: Danh sách scope - Scope list | C18: Tiêu đề trang - Title | D18: Hiển thị | E18: Breadcrumb, tiêu đề, mô tả | F18: Medium | G18: Scope_006 | H18: Kiểm tra phần đầu màn Scopes | I18: Đăng nhập account Customer Admin | J18: 1. Mở màn Scopes 2. Kiểm tra phần đầu trang | K18: - Breadcrumb: Scopes - Tiêu đề: Scopes - Mô tả: The parts of [tenant.short] you prepare for a framework: the organisation, a product or a system. | W18: Mô tả dùng tên ngắn (ABC Trading), màn chi tiết dùng tên đầy đủ (ABC Trading Co., Ltd.) → Q-S-02 | X18: UC-SCP-001
A19: 7 | C19: Trạng thái rỗng - Empty | D19: Chưa có scope | E19: Customer Admin | F19: Medium | G19: Scope_007 | H19: Kiểm tra màn Scopes khi tenant chưa có scope nào | I19: Đăng nhập Customer Admin của tenant chưa có scope nào | J19: 1. Mở màn Scopes | K19: - Hiển thị thông tin: "Create your first scope A scope is the part of your organisation you want to prepare: the whole organisation, a product, or one system. Link a framework to it to start collecting evidence." | W19: Figma có frame Scopes / Empty, chưa đối chiếu được text → Q-S-10 | X19: UC-SCP-001
A20: 8 | C20: Tạo scope - Create scope | D20: Hiển thị | E20: Nút tạo scope | F20: High | G20: Scope_008 | H20: Kiểm tra hiển thị nút tạo scope | I20: Đăng nhập account Customer Admin | J20: 1. Mở màn Scopes 2. Kiểm tra góc trên bên phải | K20: - Có nút tạo scope ở góc trên bên phải | W20: Nhãn: Figma 'Create scope', prototype '+ Create scope' → Q-S-03 | X20: UC-SCP-003
A21: 9 | D21: Mở hộp thoại | E21: Bấm nút tạo scope | F21: High | G21: Scope_009 | H21: Kiểm tra mở hộp thoại Create scope | I21: Đăng nhập account Customer Admin | J21: 1. Mở màn Scopes 2. Bấm nút tạo scope | K21: - Mở hộp thoại tiêu đề Create scope, có nút đóng × - Có nút Cancel và nút Create scope | X21: UC-SCP-003
A22: 10 | E22: Trạng thái mặc định | F22: High | G22: Scope_010 | H22: Kiểm tra các trường mặc định của hộp thoại Create scope | I22: Đăng nhập account Customer Admin | J22: 1. Mở màn Scopes 2. Mở hộp thoại Create scope 3. Kiểm tra từ trên xuống | K22: - Type * gồm 3 lựa chọn, chưa chọn sẵn lựa chọn nào: Organization — The whole company or one legal entity Product — A product or service you offer System — One information system; can belong to an organisation and a product - Name * rỗng - What is in scope * rỗng - What is out of scope (optional) rỗng, placeholder: e.g. Marketing email tool run by a supplier | X22: UC-SCP-003
A23: 11 | D23: Chọn loại | E23: Chọn System | F23: High | G23: Scope_011 | H23: Kiểm tra các trường hiện thêm khi chọn System | I23: Đăng nhập account Customer Admin | J23: 1. Mở màn Scopes 2. Mở hộp thoại Create scope 3. Chọn System | K23: - Lựa chọn System được đánh dấu - Hiện thêm hai trường: Belongs to organisation (placeholder Choose) và Belongs to product (optional) (mặc định None) | W23: Belongs to organisation không có * cũng không ghi (optional) → Q-S-04 | X23: UC-SCP-003
A24: 12 | E24: Đổi từ System sang loại khác | F24: Medium | G24: Scope_012 | H24: Kiểm tra đổi loại sau khi đã chọn System | I24: Đăng nhập account Customer Admin | J24: 1. Mở màn Scopes 2. Mở hộp thoại, chọn System, chọn một giá trị Belongs to organisation 3. Đổi sang Organization 4. Đổi sang Product | K24: - Ở bước 2 và 3 không còn hai trường Belongs to organisation, Belongs to product (optional) | W24: Giá trị Belongs to đã chọn có bị bỏ khi đổi loại → Q-S-04 | X24: UC-SCP-003
A25: 13 | D25: Danh sách chọn | E25: Belongs to organisation | F25: Medium | G25: Scope_013 | H25: Kiểm tra danh sách chọn của Belongs to organisation | I25: Đăng nhập account Customer Admin | J25: 1. Mở màn Scopes 2. Mở hộp thoại, chọn System 3. Mở danh sách Belongs to organisation | K25: - Chỉ liệt kê scope loại Organization của tenant - Không có scope loại Product, System | X25: UC-SCP-003
A26: 14 | E26: Belongs to product | F26: Medium | G26: Scope_014 | H26: Kiểm tra danh sách chọn của Belongs to product (optional) | I26: Đăng nhập account Customer Admin | J26: 1. Mở màn Scopes 2. Mở hộp thoại, chọn System 3. Mở danh sách Belongs to product (optional) | K26: - Có lựa chọn None - Liệt kê scope loại Product của tenant - Không có scope loại Organization, System | X26: UC-SCP-003
A27: 15 | D27: Không thành công | E27: Không chọn Type | F27: High | G27: Scope_015 | H27: Kiểm tra tạo scope khi chưa chọn Type | I27: Đăng nhập account Customer Admin | J27: 1. Mở màn Scopes 2. Mở hộp thoại 3. Nhập Name, What is in scope; không chọn Type 4. Bấm Create scope | K27: - Không tạo scope, hộp thoại vẫn mở - Hiện lỗi tại Type: "Choose the type of scope." | W27: Text lỗi nguyên văn → Q-S-05 | X27: UC-SCP-003
A28: 16 | E28: Bỏ trống Name | F28: High | G28: Scope_016 | H28: Kiểm tra tạo scope khi bỏ trống Name | I28: Đăng nhập account Customer Admin | J28: 1. Mở màn Scopes 2. Mở hộp thoại 3. Chọn Organization, nhập What is in scope, để trống Name 4. Bấm Create scope | K28: - Không tạo scope, hộp thoại vẫn mở - Hiện lỗi tại Name: "Enter a name." | W28: Text lỗi nguyên văn → Q-S-05 | X28: UC-SCP-003
A29: 17 | E29: Name chỉ có khoảng trắng | F29: Medium | G29: Scope_017 | H29: Kiểm tra tạo scope khi Name chỉ có khoảng trắng | I29: Đăng nhập account Customer Admin | J29: 1. Mở màn Scopes 2. Mở hộp thoại 3. Chọn Organization, nhập Name là ba dấu cách, nhập What is in scope 4. Bấm Create scope | K29: - Không tạo scope, hộp thoại vẫn mở - Hiện lỗi tại Name: "Enter a name." | W29: Khoảng trắng có bị coi là rỗng → Q-S-05 | X29: UC-SCP-003
A30: 18 | E30: Bỏ trống What is in scope | F30: High | G30: Scope_018 | H30: Kiểm tra tạo scope khi bỏ trống What is in scope | I30: Đăng nhập account Customer Admin | J30: 1. Mở màn Scopes 2. Mở hộp thoại 3. Chọn Organization, nhập Name, để trống What is in scope 4. Bấm Create scope | K30: - Không tạo scope, hộp thoại vẫn mở - Hiện lỗi tại What is in scope: "Describe what is in scope." | W30: Text lỗi nguyên văn → Q-S-05 | X30: UC-SCP-003
A31: 19 | E31: What is in scope chỉ có khoảng trắng | F31: Medium | G31: Scope_019 | H31: Kiểm tra tạo scope khi What is in scope chỉ có khoảng trắng | I31: Đăng nhập account Customer Admin | J31: 1. Mở màn Scopes 2. Mở hộp thoại 3. Chọn Organization, nhập Name, nhập What is in scope là ba dấu cách 4. Bấm Create scope | K31: - Không tạo scope, hộp thoại vẫn mở - Hiện lỗi tại What is in scope: "Describe what is in scope." | W31: Khoảng trắng có bị coi là rỗng → Q-S-05 | X31: UC-SCP-003
A32: 20 | E32: Trùng tên | F32: High | G32: Scope_020 | H32: Kiểm tra tạo scope trùng tên scope đang có | I32: Đăng nhập account Customer Admin | J32: 1. Mở màn Scopes 2. Mở hộp thoại 3. Nhập Name trùng tên [Organization], nhập đủ trường bắt buộc 4. Bấm Create scope | K32: - Không tạo scope, hộp thoại vẫn mở - Hiện lỗi tại Name: "A scope with this name already exists." | W32: Chặn hay cho phép trùng tên; có phân biệt hoa thường → Q-S-05 | X32: UC-SCP-003
A33: 21 | E33: Quá giới hạn ký tự | F33: Medium | G33: Scope_021 | H33: Kiểm tra nhập quá giới hạn ký tự | I33: Đăng nhập account Customer Admin | J33: 1. Mở màn Scopes 2. Nhập Name, What is in scope, What is out of scope dài hơn giới hạn | W33: Giới hạn ký tự từng trường → Q-S-05 | X33: UC-SCP-003
A34: 22 | E34: Bấm Cancel | F34: Medium | G34: Scope_022 | H34: Kiểm tra huỷ tạo scope bằng Cancel | I34: Đăng nhập account Customer Admin | J34: 1. Mở màn Scopes 2. Mở hộp thoại, chọn loại, nhập Name 3. Bấm Cancel | K34: - Hộp thoại đóng - Bảng không có dòng mới, dòng đếm giữ nguyên | W34: Đang nhập dở có hỏi xác nhận không → Q-S-06 | X34: UC-SCP-003
A35: 23 | E35: Bấm × | F35: Low | G35: Scope_023 | H35: Kiểm tra đóng hộp thoại tạo scope bằng nút × | I35: Đăng nhập account Customer Admin | J35: 1. Mở màn Scopes 2. Mở hộp thoại, nhập Name 3. Bấm × | K35: - Hộp thoại đóng, không tạo scope | X35: UC-SCP-003
A36: 24 | E36: Nhấn Esc | F36: Low | G36: Scope_024 | H36: Kiểm tra nhấn Esc khi đang mở hộp thoại tạo scope | I36: Đăng nhập account Customer Admin | J36: 1. Mở màn Scopes 2. Mở hộp thoại, nhập Name 3. Nhấn Esc | K36: - Hộp thoại đóng, không tạo scope | W36: Thiết kế không ghi; prototype đóng hộp thoại ngay → Q-S-06 | X36: UC-SCP-003
A37: 25 | D37: Thành công | E37: Organization — hiện ở danh sách | F37: High | G37: Scope_025 | H37: Kiểm tra thông tin vừa tạo | I37: Đăng nhập account Customer Admin | J37: 1. Mở màn Scopes 2. Bấm nút tạo scope để mở hộp thoại Create scope 3. Chọn Type: Organization 4. Nhập - Name: abc - What is in scope: abc - What is out of scope (optional): abc 5. Bấm Create scope, tạo thành công 6. Kiểm tra dòng vừa tạo trong danh sách | K37: - Hộp thoại đóng, tạo thành công - Danh sách có dòng với Name: abc, nhãn loại Organization - Cột Belongs to: — - Dòng đếm tăng 1 | W37: Danh sách scope có hiển thị What is in scope / What is out of scope không? Yêu cầu của Hanna: kiểm tra cả 4 thông tin trên Danh sách; Figma chỉ có các cột Scope, Belongs to, Frameworks, Users, Evidence coverage → Q-S-28 | X37: UC-SCP-003
A38: 26 | E38: Product — hiện ở danh sách | F38: High | G38: Scope_026 | H38: Kiểm tra thông tin vừa tạo | I38: Đăng nhập account Customer Admin | J38: 1. Mở màn Scopes 2. Bấm nút tạo scope để mở hộp thoại Create scope 3. Chọn Type: Product 4. Nhập - Name: abc - What is in scope: abc - What is out of scope (optional): abc 5. Bấm Create scope, tạo thành công 6. Kiểm tra dòng vừa tạo trong danh sách | K38: - Hộp thoại đóng, tạo thành công - Danh sách có dòng với + Name: abc + Nhãn loại: Product - Cột Belongs to: — - Dòng đếm tăng 1 | W38: Danh sách scope có hiển thị What is in scope / What is out of scope không? Yêu cầu của Hanna: kiểm tra cả 4 thông tin trên Danh sách; Figma chỉ có các cột Scope, Belongs to, Frameworks, Users, Evidence coverage → Q-S-28 | X38: UC-SCP-003
A39: 27 | E39: System — hiện ở danh sách | F39: High | G39: Scope_027 | H39: Kiểm tra scope System vừa tạo hiện ở danh sách | I39: Đăng nhập account Customer Admin | J39: 1. Mở màn Scopes 2. Bấm nút tạo scope để mở hộp thoại Create scope 3. Chọn Type: System 4. Nhập - Name: abc - What is in scope: abc - What is out of scope (optional): abc 5. Chọn - Belongs to organisation: [Organization] - Belongs to product (optional): [Product] 6. Bấm Create scope, tạo thành công 7. Kiểm tra dòng vừa tạo trong danh sách | K39: - Hộp thoại đóng, tạo thành công - Danh sách có dòng với + Name: abc + Nhãn loại: System - Cột Belongs to: [Organization], [Product] - Dòng đếm tăng 1 | W39: Danh sách scope có hiển thị What is in scope / What is out of scope không? Yêu cầu của Hanna: kiểm tra cả 4 thông tin trên Danh sách; Figma chỉ có các cột Scope, Belongs to, Frameworks, Users, Evidence coverage → Q-S-28 | X39: UC-SCP-003
A40: 28 | C40: Thanh công cụ - Toolbar | D40: Dòng đếm | E40: Tổng số scope | F40: Medium | G40: Scope_028 | H40: Kiểm tra dòng đếm số scope | I40: Đăng nhập account Customer Admin | J40: 1. Mở màn Scopes 2. Kiểm tra dòng phía trên bảng, bên trái | K40: - Hiển thị <n> scopes, n bằng tổng số scope trong bảng (cộng mọi trang) | X40: UC-SCP-001
A41: 29 | D41: Tìm kiếm | E41: Hiển thị ô tìm kiếm | F41: Low | G41: Scope_029 | H41: Kiểm tra ô tìm kiếm | I41: Đăng nhập account Customer Admin | J41: 1. Mở màn Scopes 2. Kiểm tra phía trên bảng, bên phải | K41: - Ô tìm kiếm có icon kính lúp, placeholder: Search scopes | X41: UC-SCP-001
A42: 30 | E42: Một phần tên | F42: High | G42: Scope_030 | H42: Kiểm tra tìm theo một phần tên scope | I42: Đăng nhập account Customer Admin | J42: 1. Mở màn Scopes 2. Nhập [từ khóa] là một phần tên scope vào ô tìm kiếm | K42: - Bảng chỉ còn các scope có tên chứa [từ khóa] - Dòng phân trang cập nhật theo số kết quả, ví dụ 1–2 of 2 items | W42: Dòng đếm có đổi theo kết quả không (prototype giữ nguyên tổng) → Q-S-07 | X42: UC-SCP-001
A43: 31 | E43: Chữ hoa | F43: Medium | G43: Scope_031 | H43: Kiểm tra tìm kiếm khi nhập chữ hoa | I43: Đăng nhập account Customer Admin | J43: 1. Mở màn Scopes 2. Nhập [từ khóa] viết hoa vào ô tìm kiếm | K43: - Hệ thống hiển thị data đúng định dạng, không phân biệt chữ hoa hay không | W43: Có phân biệt hoa thường không (prototype không phân biệt) → Q-S-07 | X43: UC-SCP-001
A44: 32 | E44: Không có kết quả | F44: High | G44: Scope_032 | H44: Kiểm tra tìm kiếm không ra kết quả | I44: Đăng nhập account Customer Admin | J44: 1. Mở màn Scopes 2. Nhập [từ khóa] không khớp tên scope nào vào ô tìm kiếm | K44: - Bảng và dòng phân trang ẩn - Thông báo: No results for “[từ khóa]” - Dòng phụ: Try a different search term. | W44: Text lấy từ prototype, Figma chưa có trạng thái này → Q-S-07 | X44: UC-SCP-001
A45: 33 | E45: Ký tự đặc biệt | F45: Medium | G45: Scope_033 | H45: Kiểm tra nhập ký tự đặc biệt vào ô tìm kiếm | I45: Đăng nhập account Customer Admin | J45: 1. Mở màn Scopes 2. Nhập ' OR 1=1 -- vào ô tìm kiếm | K45: - Không có lỗi hệ thống, không lộ thông tin kỹ thuật - Chuỗi được tìm như văn bản thường | X45: UC-SCP-001
A46: 34 | E46: Xoá từ khoá | F46: Medium | G46: Scope_034 | H46: Kiểm tra xoá từ khoá tìm kiếm | I46: Đăng nhập account Customer Admin | J46: 1. Mở màn Scopes 2. Nhập từ khóa 3. Xoá hết nội dung ô tìm kiếm | K46: - Bảng hiển thị lại toàn bộ scope - Dòng phân trang trở về như lúc mở màn | X46: UC-SCP-001
A47: 35 | C47: Bảng danh sách - Table | D47: Hiển thị | E47: Tiêu đề cột | F47: High | G47: Scope_035 | H47: Kiểm tra tiêu đề các cột | I47: Đăng nhập account Customer Admin | J47: 1. Mở màn Scopes 2. Kiểm tra hàng tiêu đề của bảng | K47: - 5 cột theo thứ tự: Scope · Belongs to · Frameworks · Users · Evidence coverage | W47: Cột Evidence coverage có trong MVP không → Q-S-11 | X47: UC-SCP-001
A48: 36 | E48: Cột Scope | F48: High | G48: Scope_036 | H48: Kiểm tra cột Scope | I48: Đăng nhập account Customer Admin | J48: 1. Mở màn Scopes 2. Kiểm tra từng dòng ở cột Scope | K48: - Tên scope dạng liên kết - Dưới tên có nhãn loại Organization, Product hoặc System, đúng loại của scope | X48: UC-SCP-001
A49: 37 | E49: Cột Belongs to | F49: High | G49: Scope_037 | H49: Kiểm tra cột Belongs to với scope Organization | I49: Đăng nhập account Customer Admin | J49: 1. Mở màn Scopes 2. Kiểm tra cột Belongs to của type: Organization | K49: - Hiển thị Belongs to: — | X49: UC-SCP-001
A50: 38 | F50: High | G50: Scope_038 | H50: Kiểm tra cột Belongs to với scope Product | I50: Đăng nhập account Customer Admin | J50: 1. Mở màn Scopes 2. Kiểm tra cột Belongs to của type: Product | K50: - Hiển thị Belongs to: — | X50: UC-SCP-001
A51: 39 | F51: High | G51: Scope_039 | H51: Kiểm tra cột Belongs to với scope System | I51: Đăng nhập account Customer Admin | J51: 1. Tạo scope với type: System chọn - Belongs to organisation: [Organization] - Belongs to product (optional): [Product] 2. Tạo thành công Scope 3. Kiểm tra cột Belongs to của type: System | K51: - Hiển thị Belongs to đúng thông tin đã chọn Belongs to organisation và Belongs to product (optional), phân cách nhau bởi dấu phẩy | X51: UC-SCP-001
A52: 40 | F52: High | G52: Scope_040 | H52: Kiểm tra cột Belongs to với scope System và bỏ trống lựa chọn Belongs to organisation và Belongs to product (optional) | I52: Đăng nhập account Customer Admin | J52: 1. Tạo scope với type: System bỏ trống - Belongs to organisation: - Belongs to product (optional): 2. Tạo thành công Scope 3. Kiểm tra cột Belongs to của type: System | K52: - Hiển thị Belongs to: — | X52: UC-SCP-001
A53: 41 | E53: Cột Frameworks — đã gắn | F53: High | G53: Scope_041 | H53: Kiểm tra cột Frameworks của scope đã gắn framework | I53: Đăng nhập account Customer Admin | J53: 1. Mở màn Scopes 2. Đã gắn link Frameworks 3. Kiểm tra cột Frameworks | K53: - Mỗi framework một dòng dạng <tên> · <phiên bản>, ví dụ ISO/IEC 27001 · 2022 - Framework có tier thêm · <tier>, ví dụ Appendix 10 · 2022 · Medium | X53: UC-SCP-001
A54: 42 | E54: Cột Frameworks — chưa gắn | F54: Medium | G54: Scope_042 | H54: Kiểm tra cột Frameworks của scope chưa gắn framework | I54: Đăng nhập account Customer Admin; trên Scopes đã tạo abc (Organization) chưa gắn framework | J54: 1. Mở màn Scopes 2. Chưa gắn link Frameworks 3. Kiểm tra cột Frameworks của abc | K54: - Hiển thị: None linked yet | W54: Text theo Figma, prototype chưa có dữ liệu để đối chiếu → Q-S-13 | X54: UC-SCP-001
A55: 43 | E55: Cột Users | F55: Medium | G55: Scope_043 | H55: Kiểm tra cột Users khớp với màn chi tiết | I55: Đăng nhập account Customer Admin | J55: 1. Mở màn Scopes 2. Ghi số ở cột Users 3. Mở chi tiết, đếm số dòng ở khối Users | K55: - Hai số bằng nhau | W55: Có tính Customer Admin không → Q-S-12 | X55: UC-SCP-001
A56: 44 | E56: Cột Evidence coverage | F56: High | G56: Scope_044 | H56: Evidence coverage có nhiều framework | I56: Đăng nhập account Customer Admin | J56: 1. Mở màn hình Scopes 2. Tạo Frameworks với: - Framework A: 74/116; - Framework B: 6/31; - Framework C: 0/78 | K56: - Hiển thị Evidence coverage = (74+6+0)/(116+31+78) × 100 = 35.56% → 36% | X56: UC-RDN-004
A57: 45 | F57: High | G57: Scope_045 | H57: Evidence coverage có 2 framework | I57: Đăng nhập account Customer Admin | J57: 1. Mở màn hình Scopes 2. Tạo Frameworks với: - Framework A: 16/40; - Framework B: 38/61; | K57: - Hiển thị Evidence coverage = (16+38)/(40+61) × 100 = 53.47% → 53% | X57: UC-RDN-004
A58: 46 | F58: High | G58: Scope_046 | H58: Tất cả requirement đều có mandatory evidence | I58: Đăng nhập account Customer Admin | J58: 1. Mở màn hình Scopes 2. Tạo Frameworks với: - Framework A: 40/40; - Framework B: 61/61; | K58: - Hiển thị Evidence coverage = 101/101 × 100 = 100% | X58: UC-RDN-004
A59: 47 | F59: High | G59: Scope_047 | H59: Không có requirement nào có mandatory evidence | I59: Đăng nhập account Customer Admin | J59: 1. Mở màn hình Scopes 2. Tạo Frameworks với: - Framework A: 0/116; - Framework B: 0/31; | K59: - Hiển thị Evidence coverage = 0/147 × 100 = 0% | X59: UC-RDN-004
A60: 48 | F60: High | G60: Scope_048 | H60: Chỉ có 1 framework được gắn link | I60: Đăng nhập account Customer Admin | J60: 1. Mở màn hình Scopes 2. Tạo Frameworks với: - Framework A: 16/40; | K60: - Hiển thị Evidence coverage = 16/40 × 100 = 40% | X60: UC-RDN-004
A61: 49 | F61: High | G61: Scope_049 | H61: Một framework đạt 100%, một framework đạt 0% | I61: Đăng nhập account Customer Admin | J61: 1. Mở màn hình Scopes 2. Tạo Frameworks với: - Framework A: 40/40; - Framework B: 0/60; | K61: - Hiển thị Evidence coverage = 40/100 × 100 = 40% | W61: [ĐỀ XUẤT LÙI] RDN-004 0 giờ, LTS đề xuất Phase 2. Prototype: 54% = (74+6)/(116+31) → Q-S-11 | X61: UC-RDN-004
A62: 50 | F62: Medium | G62: Scope_050 | H62: Kiểm tra Evidence coverage khi scope chưa gắn framework nào | I62: Đăng nhập account Customer Admin | J62: 1. Mở màn hình Scopes 2. Kiểm tra cột Evidence coverage của scope chưa gắn framework | K62: - Hiển thị Evidence coverage:— | W62: Scope chưa gắn framework: cột Evidence coverage hiện —, 0% hay để trống → Q-S-13 | X62: UC-RDN-004
A63: 51 | F63: Medium | G63: Scope_051 | H63: Kiểm tra Evidence coverage khi phần thập phân đúng bằng .5 | I63: Đăng nhập account Customer Admin | J63: 1. Mở màn hình Scopes 2. Tạo Frameworks với: - Framework A: 1/8 | K63: - Hiển thị Evidence coverage = 1/8 × 100 = 12.5% → 13% | W63: 1/8 × 100 = 12.5%: hiển thị 12% hay 13% (cách làm tròn khi phần thập phân đúng bằng .5) → Q-S-11 | X63: UC-RDN-004
A64: 52 | F64: Medium | G64: Scope_052 | H64: Kiểm tra Evidence coverage khi kết quả trên 0% và dưới 0.5% | I64: Đăng nhập account Customer Admin | J64: 1. Mở màn hình Scopes 2. Tạo Frameworks với: - Framework A: 1/250 | K64: - Hiển thị Evidence coverage = 1/250 × 100 = 0.4% → 0%. | W64: 1/250 × 100 = 0.4%: làm tròn như các case trên thì ra 0% dù đã có 1 requirement đủ evidence; hiển thị 0%, 1% hay <1% → Q-S-11 | X64: UC-RDN-004
A65: 53 | F65: Medium | G65: Scope_053 | H65: Kiểm tra Evidence coverage khi kết quả từ 99.5% đến dưới 100% | I65: Đăng nhập account Customer Admin | J65: 1. Mở màn hình Scopes 2. Tạo Frameworks với: - Framework A: 249/250 | K65: - Hiển thị Evidence coverage = 249/250 × 100 = 99.6% → 100%. | W65: 249/250 × 100 = 99.6%: làm tròn như các case trên thì ra 100% dù còn 1 requirement chưa đủ evidence; hiển thị 100% hay 99% → Q-S-11 | X65: UC-RDN-004
A66: 54 | D66: Sắp xếp | E66: Thứ tự mặc định | F66: Medium | G66: Scope_054 | H66: Kiểm tra thứ tự mặc định của danh sách | I66: Đăng nhập account Customer Admin | J66: 1. Mở màn Scopes, kiểm tra thứ tự các dòng | K66: - Hiển thị theo thứ tự thời gian cũ nhất xuống mới nhất | W66: Mặc định sắp theo gì (prototype không theo tên) → Q-S-08 | X66: UC-SCP-001
A67: 55 | E67: Bấm lần 1 | F67: Medium | G67: Scope_055 | H67: Kiểm tra sắp xếp tăng dần theo tên | I67: Đăng nhập account Customer Admin | J67: 1. Mở màn Scopes 2. Bấm tiêu đề cột Scope | K67: - Các dòng xếp theo tên từ A đến Z | W67: Figma không có icon sắp xếp → Q-S-08 | X67: UC-SCP-001
A68: 56 | E68: Bấm lần 2 | F68: Medium | G68: Scope_056 | H68: Kiểm tra sắp xếp giảm dần theo tên | I68: Đăng nhập account Customer Admin | J68: 1. Mở màn Scopes 2. Bấm tiêu đề cột Scope hai lần | K68: - Các dòng xếp theo tên từ Z đến A | W68: Figma không có icon sắp xếp → Q-S-08 | X68: UC-SCP-001
A69: 57 | C69: Phân trang - Paging | D69: Hiển thị | E69: Mặc định | F69: Medium | G69: Scope_057 | H69: Kiểm tra dòng phân trang mặc định | I69: Đăng nhập account Customer Admin | J69: 1. Mở màn Scopes 2. Kiểm tra thông tin: Items per page | K69: - Hiển thị mặc định là 10 items | W69: Figma: 1–4 of 4 items · Page 1 of 1. Prototype: Items per page 10 · 1–4 of 4 items · [1] of 1 page · ‹ › → Q-S-09 | X69: UC-SCP-001
A70: 58 | E70: Các giá trị khác | F70: Medium | G70: Scope_058 | H70: Kiểm tra các giá trị trong Items per page | I70: Đăng nhập account Customer Admin | J70: 1. Mở màn Scopes 2. Click vào Items per page 3. Kiểm tra hiển thị | K70: - Hiển thị các giá trị: + 10 items + 25 items + 50 items + 100 items | X70: UC-SCP-001
A71: 59 | D71: Đổi số dòng | E71: Chọn giá trị khác | F71: Medium | G71: Scope_059 | H71: Kiểm tra đổi số dòng mỗi trang | I71: Đăng nhập Customer Admin của tenant có từ 11 scope trở lên | J71: 1. Mở màn Scopes 2. Mở Items per page 3. Chọn 25 | K71: - Hiển thị đủ 11 items trên bảng dữ liệu | W71: Có chọn số dòng không; giá trị 10/25/50/100 theo prototype → Q-S-09 | X71: UC-SCP-001
A72: 60 | D72: Chuyển trang | E72: Chỉ có một trang | F72: Low | G72: Scope_060 | H72: Kiểm tra nút chuyển trang khi chỉ có một trang | I72: Đăng nhập account Customer Admin | J72: 1. Mở màn Scopes 2. Kiểm tra hai nút ‹ › | K72: - Cả hai nút ở trạng thái không bấm được | X72: UC-SCP-001
A73: 61 | E73: Sang trang 2 | F73: Medium | G73: Scope_061 | H73: Kiểm tra chuyển sang trang 2 | I73: Đăng nhập Customer Admin của tenant có từ 11 scope trở lên | J73: 1. Mở màn Scopes 2. Bấm nút › | K73: - Bảng hiển thị từ scope thứ 11 - Dòng phân trang: 11–<n> of <n> items | W73: Số dòng mỗi trang mặc định → Q-S-09 | X73: UC-SCP-001
A74: 62 | B74: Chi tiết scope - Scope detail | C74: Phần đầu - Header | D74: Hiển thị | E74: Các thành phần | F74: High | G74: Scope_062 | H74: Kiểm tra phần đầu màn chi tiết | I74: Đăng nhập account Customer Admin | J74: 1. Mở chi tiết scope Organization (bấm tên scope ở màn Scopes) 2. Kiểm tra phần đầu trang, từ trái sang phải | K74: - Nút quay lại ← - Tiêu đề: tên scope - Dòng phụ: Organization scope · [Tên Organization] - Nhãn Active - Nút ⋮ ở góc phải | W74: Ngoài Active còn trạng thái nào → Q-S-14 | X74: UC-SCP-002
A75: 63 | E75: Dòng phụ theo loại | F75: Medium | G75: Scope_063 | H75: Kiểm tra dòng phụ theo loại scope Organization | I75: Đăng nhập account Customer Admin | J75: 1. Mở chi tiết scope Organization | K75: - Hiển thị title: Organization scope · [Tên Organization] | X75: UC-SCP-002
A76: 64 | F76: Medium | G76: Scope_064 | H76: Kiểm tra dòng phụ theo loại scope Product | I76: Đăng nhập account Customer Admin | J76: 1. Mở chi tiết scope Product | K76: - Hiển thị title: Product scope · [Tên Organization] | X76: UC-SCP-002
A77: 65 | F77: Medium | G77: Scope_065 | H77: Kiểm tra dòng phụ theo loại scope System | I77: Đăng nhập account Customer Admin | J77: 1. Mở chi tiết scope System | K77: - Hiển thị title: System scope · [Tên Organization] | X77: UC-SCP-002
A78: 66 | D78: Nút quay lại | E78: Bấm ← | F78: Medium | G78: Scope_066 | H78: Kiểm tra nút quay lại | I78: Đăng nhập account Customer Admin | J78: 1. Mở chi tiết scope (bấm tên scope ở màn Scopes) 2. Bấm nút ← | K78: - Quay về màn Scopes | X78: UC-SCP-002
A79: 67 | D79: Menu ⋮ | E79: Các mục | F79: Medium | G79: Scope_067 | H79: Kiểm tra menu ⋮ của scope | I79: Đăng nhập account Customer Admin | J79: 1. Mở chi tiết scope (bấm tên scope ở màn Scopes) 2. Bấm nút ⋮ | K79: - Menu chỉ có một mục: Edit scope | W79: Không có Archive, Delete: SCP-005 lùi Phase 2, nhưng WBS CP-06 ghi CRUD → Q-S-14 | X79: UC-SCP-004
A80: 68 | E80: Bấm Edit scope | F80: Medium | G80: Scope_068 | H80: Kiểm tra mục Edit scope trong menu ⋮ | I80: Đăng nhập account Customer Admin | J80: 1. Mở chi tiết scope (bấm tên scope ở màn Scopes) 2. Bấm nút ⋮ 3. Bấm Edit scope | K80: - Mở hộp thoại Edit scope | W80: Figma không có frame sửa scope → Q-S-15 | X80: UC-SCP-004
A81: 69 | C81: Điều hướng trong màn - Section nav | D81: Hiển thị | E81: Ba mục | F81: Low | G81: Scope_069 | H81: Kiểm tra cột điều hướng bên trái | I81: Đăng nhập account Customer Admin | J81: 1. Mở chi tiết scope (bấm tên scope ở màn Scopes) 2. Kiểm tra cột bên trái | K81: - Ba mục theo thứ tự: + Overview + Frameworks + Users - Mục Overview được tô nền khi mới mở | X81: UC-SCP-002
A82: 70 | D82: Bấm mục | E82: Frameworks, Users | F82: Low | G82: Scope_070 | H82: Kiểm tra bấm mục trong cột điều hướng | I82: Đăng nhập account Customer Admin | J82: 1. Mở chi tiết scope (bấm tên scope ở màn Scopes) 2. Bấm Frameworks 3. Bấm Users | K82: - Sau bước 2: trang cuộn tới khối Frameworks - Sau bước 3: trang cuộn tới khối Users | X82: UC-SCP-002
A83: 71 | C83: Tổng quan - Overview | D83: Hiển thị | E83: Scope Organization | F83: High | G83: Scope_071 | H83: Kiểm tra khối Overview của scope Organization | I83: Đăng nhập account Customer Admin; scope Organization đã có scope System thuộc về | J83: 1. Mở chi tiết scope Organization 2. Kiểm tra khối số 1 Overview | K83: - Tiêu đề khối: Overview, có nút Edit - Type: Organization - Contains: [System] (system) - In scope: [What is in scope] - Out of scope: [What is out of scope] | X83: UC-SCP-002
A84: 72 | E84: Scope Product | F84: Medium | G84: Scope_072 | H84: Kiểm tra khối Overview của scope Product | I84: Đăng nhập account Customer Admin; scope Product đã có scope System thuộc về | J84: 1. Mở chi tiết scope Product 2. Kiểm tra khối số 1 Overview | K84: - Type: Product - Contains: [System] (system) - In scope: [What is in scope] - Out of scope: [What is out of scope] | X84: UC-SCP-002
A85: 73 | E85: Scope System | F85: High | G85: Scope_073 | H85: Kiểm tra khối Overview của scope System | I85: Đăng nhập account Customer Admin; scope System đã chọn Belongs to organisation: [Organization], Belongs to product (optional): [Product] | J85: 1. Mở chi tiết scope System 2. Kiểm tra khối số 1 Overview | K85: - Type: System - Không có trường Contains - Belongs to: [Organization], [Product] - In scope: [What is in scope] - Out of scope: [What is out of scope] | X85: UC-SCP-002
A86: 74 | E86: Trường không có dữ liệu | F86: Low | G86: Scope_074 | H86: Kiểm tra trường không có dữ liệu | I86: Đăng nhập account Customer Admin; scope Product chưa có scope System thuộc về, What is out of scope (optional) để trống | J86: 1. Mở chi tiết scope Product 2. Kiểm tra khối số 1 Overview | K86: - Contains: — - Out of scope: — | X86: UC-SCP-002
A87: 75 | C87: Sửa scope - Edit scope | D87: Mở hộp thoại | E87: Bấm Edit | F87: High | G87: Scope_075 | H87: Kiểm tra mở hộp thoại Edit scope | I87: Đăng nhập account Customer Admin | J87: 1. Mở chi tiết scope (bấm tên scope ở màn Scopes) 2. Bấm nút Edit ở khối Overview | K87: - Mở hộp thoại Edit scope, có nút đóng × - Các trường điền sẵn giá trị hiện tại: + Name * + What is in scope * + What is out of scope (optional) - Không có trường Type, Belongs to - Có nút Cancel và nút Save | W87: Figma không có frame sửa scope; không cho đổi Type, Belongs to có đúng chủ ý → Q-S-15 | X87: UC-SCP-004
A88: 76 | D88: Không thành công | E88: Xoá trống Name | F88: High | G88: Scope_076 | H88: Kiểm tra lưu khi xoá trống Name | I88: Đăng nhập account Customer Admin | J88: 1. Mở chi tiết scope (bấm tên scope ở màn Scopes) 2. Mở Edit scope 3. Xoá hết Name 4. Bấm Save | K88: - Không lưu, hộp thoại vẫn mở - Hiện lỗi tại Name: "Enter a name." | W88: Text lỗi nguyên văn → Q-S-05 | X88: UC-SCP-004
A89: 77 | E89: Xoá trống What is in scope | F89: High | G89: Scope_077 | H89: Kiểm tra lưu khi xoá trống What is in scope | I89: Đăng nhập account Customer Admin | J89: 1. Mở chi tiết scope (bấm tên scope ở màn Scopes) 2. Mở Edit scope 3. Xoá hết What is in scope 4. Bấm Save | K89: - Không lưu, hộp thoại vẫn mở - Hiện lỗi tại What is in scope: "Describe what is in scope." | W89: Text lỗi nguyên văn → Q-S-05 | X89: UC-SCP-004
A90: 78 | E90: Trùng tên scope khác | F90: Medium | G90: Scope_078 | H90: Kiểm tra đổi Name trùng tên scope khác | I90: Đăng nhập account Customer Admin | J90: 1. Mở chi tiết scope (bấm tên scope ở màn Scopes) 2. Mở Edit scope 3. Đổi Name thành tên của một scope khác đang có 4. Bấm Save | K90: - Không lưu, hộp thoại vẫn mở - Hiện lỗi tại Name: "A scope with this name already exists." | W90: Chặn hay cho phép trùng tên → Q-S-05 | X90: UC-SCP-004
A91: 79 | E91: Bấm Cancel | F91: Medium | G91: Scope_079 | H91: Kiểm tra huỷ sửa scope | I91: Đăng nhập account Customer Admin | J91: 1. Mở chi tiết scope (bấm tên scope ở màn Scopes) 2. Mở Edit scope, đổi Name 3. Bấm Cancel | K91: - Hộp thoại đóng - Tiêu đề và khối Overview giữ giá trị cũ | X91: UC-SCP-004
A92: 80 | E92: Scope đang có audit | F92: High | G92: Scope_080 | H92: Kiểm tra sửa scope khi đang có audit | I92: Đăng nhập account Customer Admin; scope đang có audit chạy trên một framework | J92: 1. Mở chi tiết scope đang có audit 2. Bấm nút Edit ở khối Overview | K92: - Không mở hộp thoại Edit scope - Hiện thông báo: "The scope can't be edited while an audit is running." | W92: Quy tắc và text lấy từ prototype, UC không ghi → Q-S-16 | X92: UC-SCP-004
A93: 81 | D93: Thành công | E93: Đổi Name — tiêu đề chi tiết | F93: High | G93: Scope_081 | H93: Kiểm tra tên mới ở màn chi tiết sau khi sửa | I93: Đăng nhập account Customer Admin | J93: 1. Mở chi tiết scope (bấm tên scope ở màn Scopes) 2. Mở Edit scope 3. Đổi Name thành: abc1 4. Bấm Save | K93: - Hộp thoại đóng - Tiêu đề trang đổi thành abc1 | X93: UC-SCP-004
A94: 82 | E94: Đổi Name — danh sách | F94: High | G94: Scope_082 | H94: Kiểm tra tên mới ở màn danh sách | I94: Đăng nhập account Customer Admin | J94: 1. Mở chi tiết scope (bấm tên scope ở màn Scopes) 2. Mở Edit scope 3. Đổi Name thành: abc1 4. Bấm Save 5. Bấm nút ← để về màn Scopes 6. Kiểm tra dòng của scope vừa sửa | K94: - Cột Scope hiển thị tên mới: abc1 | X94: UC-SCP-004
A95: 83 | E95: Sửa In scope, Out of scope | F95: Medium | G95: Scope_083 | H95: Kiểm tra sửa In scope và Out of scope | I95: Đăng nhập account Customer Admin | J95: 1. Mở chi tiết scope (bấm tên scope ở màn Scopes) 2. Mở Edit scope 3. Sửa - What is in scope: abc1 - What is out of scope (optional): xoá trống 4. Bấm Save | K95: - Hộp thoại đóng - Khối Overview: + In scope: abc1 + Out of scope: — | X95: UC-SCP-004
A96: 84 | C96: Khối Frameworks - Frameworks | D96: Trạng thái rỗng | E96: Chưa gắn framework | F96: Medium | G96: Scope_084 | H96: Kiểm tra khối Frameworks khi scope chưa gắn framework | I96: Đăng nhập account Customer Admin | J96: 1. Mở chi tiết scope chưa gắn framework 2. Kiểm tra khối số 2 Frameworks | K96: - Hiển thị title: "No framework linked yet. Link one to create a workspace and start collecting evidence." | W96: Khối Frameworks khi chưa gắn framework hiển thị gì → Q-S-13 | X96: UC-SCP-002
A97: 85 | D97: Hiển thị | E97: Tiêu đề khối và cột | F97: High | G97: Scope_085 | H97: Kiểm tra khối Frameworks | I97: Đăng nhập account Customer Admin | J97: 1. Mở chi tiết scope đã gắn framework 2. Kiểm tra khối số 2 Frameworks | K97: - Tiêu đề: Frameworks - Mô tả: Each framework gets its own workspace - Có nút gắn framework - Bảng 4 cột theo thứ tự: + Framework · version + Tier + Coverage + Status | W97: Nhãn nút: Figma 'Link framework', prototype '+ Link framework' → Q-S-03 | X97: UC-SCP-002
A98: 86 | E98: Cột Framework · version | F98: Medium | G98: Scope_086 | H98: Kiểm tra cột Framework · version | I98: Đăng nhập account Customer Admin | J98: 1. Mở chi tiết scope đã gắn framework 2. Kiểm tra cột đầu của bảng ở khối Frameworks | K98: - Mỗi dòng dạng <tên framework> · <phiên bản>, ví dụ ISO/IEC 27001 · 2022 - Tên framework dạng liên kết | X98: UC-SCP-002
A99: 87 | E99: Cột Tier | F99: High | G99: Scope_087 | H99: Kiểm tra cột Tier của framework có tier | I99: Đăng nhập account Customer Admin | J99: 1. Mở chi tiết scope đã gắn framework có tier 2. Kiểm tra cột Tier của framework đó | K99: - Hiển thị tier hiện tại của framework | W99: Prototype ghi 'Medium · 中' ở đây nhưng 'Medium' ở danh sách và Summary; tier có phải 'obligation level' của SCP-002 → Q-S-17 | X99: UC-SCP-002
A100: 88 | F100: Medium | G100: Scope_088 | H100: Kiểm tra cột Tier của framework không phân tier | I100: Đăng nhập account Customer Admin | J100: 1. Mở chi tiết scope đã gắn framework không phân tier 2. Kiểm tra cột Tier của framework đó | K100: - Hiển thị: No tiers | X100: UC-SCP-002
A101: 89 | E101: Cột Coverage | F101: High | G101: Scope_089 | H101: Kiểm tra cột Coverage khi kết quả phải làm tròn lên | I101: Đăng nhập account Customer Admin | J101: 1. Mở chi tiết scope 2. Tạo Frameworks với: - Framework A: 74/116 3. Kiểm tra cột Coverage của Framework A | K101: - Hiển thị Coverage = 74/116 × 100 = 63.79% → 64% | W101: [ĐỀ XUẤT LÙI] RDN-004. Cách tính và làm tròn lấy theo cột Evidence coverage ở danh sách; prototype hiện <%> + thanh tiến trình + <đã có>/<tổng> → Q-S-11 | X101: UC-RDN-004
A102: 90 | F102: Medium | G102: Scope_090 | H102: Kiểm tra cột Coverage khi kết quả phải làm tròn xuống | I102: Đăng nhập account Customer Admin | J102: 1. Mở chi tiết scope 2. Tạo Frameworks với: - Framework A: 6/31 3. Kiểm tra cột Coverage của Framework A | K102: - Hiển thị Coverage = 6/31 × 100 = 19.35% → 19% | W102: [ĐỀ XUẤT LÙI] RDN-004. Cách tính và làm tròn lấy theo cột Evidence coverage ở danh sách; prototype hiện <%> + thanh tiến trình + <đã có>/<tổng> → Q-S-11 | X102: UC-RDN-004
A103: 91 | F103: Medium | G103: Scope_091 | H103: Kiểm tra cột Coverage khi chưa requirement nào đủ evidence | I103: Đăng nhập account Customer Admin | J103: 1. Mở chi tiết scope 2. Tạo Frameworks với: - Framework A: 0/78 3. Kiểm tra cột Coverage của Framework A | K103: - Hiển thị Coverage = 0/78 × 100 = 0% | W103: [ĐỀ XUẤT LÙI] RDN-004. Cách tính và làm tròn lấy theo cột Evidence coverage ở danh sách; prototype hiện <%> + thanh tiến trình + <đã có>/<tổng> → Q-S-11 | X103: UC-RDN-004
A104: 92 | F104: Medium | G104: Scope_092 | H104: Kiểm tra cột Coverage khi mọi requirement đều đủ evidence | I104: Đăng nhập account Customer Admin | J104: 1. Mở chi tiết scope 2. Tạo Frameworks với: - Framework A: 61/61 3. Kiểm tra cột Coverage của Framework A | K104: - Hiển thị Coverage = 61/61 × 100 = 100% | W104: [ĐỀ XUẤT LÙI] RDN-004. Cách tính và làm tròn lấy theo cột Evidence coverage ở danh sách; prototype hiện <%> + thanh tiến trình + <đã có>/<tổng> → Q-S-11 | X104: UC-RDN-004
...

Sheet Frameworks
B3: Function Name | C3: FWK-L0001_Quản lý framework | K3: Round | L3: Total | M3: Passed | N3: Failed | O3: Pending | P3: Blocked | Q3: NA | R3: Not execute
B4: Screen Name | C4: Frameworks · SGS Portal | K4: Round 1 | L4: =COUNTA($G$13:$G$178) | M4: =COUNTIF($M$13:$M$178,M3) | N4: =COUNTIF($M$13:$M$178,N3) | O4: =COUNTIF($M$13:$M$178,O3) | P4: =COUNTIF($M$13:$M$178,P3) | Q4: =COUNTIF($M$13:$M$178,Q3) | R4: =L4-SUM(M4:Q4)
B5: Creator | C5: Hanna | M5: =M4/$L$4 | N5: =N4/$L$4 | O5: =O4/$L$4 | P5: =P4/$L$4 | Q5: =Q4/$L$4 | R5: =R4/$L$4
B6: Created date | C6: 08/10/2026 | K6: Round 2 | L6: =COUNTA($G$13:$G$178) | M6: =COUNTIF($R$13:$R$178,M3) | N6: =COUNTIF($R$13:$R$178,N3) | O6: =COUNTIF($R$13:$R$178,O3) | P6: =COUNTIF($R$13:$R$178,P3) | Q6: =COUNTIF($R$13:$R$178,Q3) | R6: =L6-SUM(M6:Q6)
B7: Reference | C7: Figma SGS-DTP-DS · Screens 04 Frameworks · prototype · UC v4 FWK-01…07 | M7: =M6/$L$6 | N7: =N6/$L$6 | O7: =O6/$L$6 | P7: =P6/$L$6 | Q7: =Q6/$L$6 | R7: =R6/$L$6
M10: Round 1 | R10: Round 2
B11: Classification | F11: Priority | G11: TVP_ID | H11: Test case name/ Test view point | I11: Pre-condition | J11: Step | K11: Expected result | L11: Dev test | M11: Result | N11: Test person | O11: Test date | P11: Bug_ID | Q11: Remark | R11: Result | S11: Test person | T11: Test date | U11: Bug_ID | V11: Remark | W11: Open question | X11: UC
A12: No. | B12: I | C12: II | D12: III | E12: IV
A13: 1 | B13: Điều hướng - Redirect | C13: Vào danh sách - Framework list | D13: Từ menu | E13: Bấm Frameworks ở menu trái | F13: High | G13: Framework_001 | H13: Kiểm tra vào màn Frameworks từ menu trái | I13: Đăng nhập account SGS Admin | J13: 1. Bấm mục Frameworks ở menu trái | K13: - Chuyển sang màn Frameworks - Breadcrumb: Frameworks - Mục Frameworks ở menu trái được tô nền | X13: FWK-01
A14: 2 | D14: Bằng URL | E14: Đã đăng nhập | F14: Medium | G14: Framework_002 | H14: Kiểm tra mở màn Frameworks bằng URL | I14: Đăng nhập account SGS Admin | J14: 1. Mở thẳng url của màn Frameworks | K14: - Hiển thị màn Frameworks - Mục Frameworks ở menu trái được tô nền | X14: FWK-01
A15: 3 | C15: Vào chi tiết - Framework detail | D15: Từ danh sách | E15: Bấm tên framework Active | F15: High | G15: Framework_003 | H15: Kiểm tra mở chi tiết framework Active từ danh sách | I15: Đăng nhập account SGS Admin; có [Framework Active] | J15: 1. Mở màn Frameworks 2. Bấm tên [Framework Active] ở cột Framework | K15: - Chuyển sang màn chi tiết của [Framework Active] - Mục Overview ở cột bên trái được tô nền | X15: FWK-02
A16: 4 | E16: Bấm tên framework Draft | F16: High | G16: Framework_004 | H16: Kiểm tra mở bản nháp từ danh sách | I16: Đăng nhập account SGS Admin; có [Framework Draft] | J16: 1. Mở màn Frameworks 2. Bấm tên [Framework Draft] ở cột Framework | K16: - Chuyển sang màn bản nháp của [Framework Draft] - Cạnh tên framework có nhãn Draft · not active | X16: FWK-02
A17: 5 | D17: Bằng URL | E17: Mã framework hợp lệ | F17: Medium | G17: Framework_005 | H17: Kiểm tra mở chi tiết framework bằng URL | I17: Đăng nhập account SGS Admin; có [Framework Active] | J17: 1. Mở thẳng url chi tiết của [Framework Active] | K17: - Hiển thị màn chi tiết của [Framework Active] | X17: FWK-02
A18: 6 | E18: Mã framework không tồn tại | F18: Medium | G18: Framework_006 | H18: Kiểm tra mở chi tiết bằng mã framework không tồn tại | I18: Đăng nhập account SGS Admin | J18: 1. Mở url chi tiết framework với mã không tồn tại | K18: - Hiển thị thông báo: "This framework doesn’t exist It may have been removed, or it belongs to an organisation you can’t see." | X18: FWK-02
A19: 7 | B19: Danh sách framework - Framework list | C19: Tiêu đề trang - Title | D19: Hiển thị | E19: Breadcrumb, tiêu đề, mô tả | F19: Medium | G19: Framework_007 | H19: Kiểm tra phần đầu màn Frameworks | I19: Đăng nhập account SGS Admin | J19: 1. Mở màn Frameworks 2. Kiểm tra phần đầu trang | K19: - Breadcrumb: Frameworks - Tiêu đề: Frameworks - Mô tả: "Frameworks customers can activate on their scopes. Import one from the Excel template." | X19: FWK-01
A20: 8 | C20: Nhập framework - Import framework | D20: Hiển thị | E20: Nút Import framework | F20: High | G20: Framework_008 | H20: Kiểm tra hiển thị nút Import framework | I20: Đăng nhập account SGS Admin | J20: 1. Mở màn Frameworks 2. Kiểm tra góc trên bên phải | K20: - Có nút Import framework | X20: FWK-03
A21: 9 | E21: Nút Download template | F21: Medium | G21: Framework_009 | H21: Kiểm tra hiển thị nút Download template | I21: Đăng nhập account SGS Admin | J21: 1. Mở màn Frameworks 2. Kiểm tra góc trên bên phải | K21: - Có nút Download template | X21: FWK-03
A22: 10 | D22: Mở hộp thoại | E22: Bấm Import framework | F22: High | G22: Framework_010 | H22: Kiểm tra mở hộp thoại Import a framework | I22: Đăng nhập account SGS Admin | J22: 1. Mở màn Frameworks 2. Bấm Import framework | K22: - Mở hộp thoại tiêu đề Import a framework, có nút đóng × - Có nút Cancel và nút Check file | X22: FWK-03
A23: 11 | E23: Bước 1 - tải file mẫu | F23: Medium | G23: Framework_011 | H23: Kiểm tra nội dung bước 1 của hộp thoại Import a framework | I23: Đăng nhập account SGS Admin | J23: 1. Mở màn Frameworks 2. Bấm Import framework 3. Kiểm tra bước 1 | K23: - Tiêu đề bước: Download the template and fill it in - Mô tả: "One file = one framework version. A new version of an existing framework (same code, different version) is added as its own entry. Sheets: Framework (one row), Tiers (leave empty if the framework has no tiers), Requirements, Expected_Evidence." - Có nút Download template (.xlsx) | W23: UC FWK-03 ghi file có EN và ZH; file mẫu ver 1 (18/09) không có sheet Tiers → Q-F-06 | X23: FWK-03
A24: 12 | E24: Bước 2 - tải file lên | F24: Medium | G24: Framework_012 | H24: Kiểm tra nội dung bước 2 của hộp thoại Import a framework | I24: Đăng nhập account SGS Admin | J24: 1. Mở màn Frameworks 2. Bấm Import framework 3. Kiểm tra bước 2 | K24: - Tiêu đề bước: Upload the completed file - Trường Framework file * có vùng kéo thả: "Drag files here or browse." - Dòng gợi ý: "Excel (.xlsx) · up to 20 MB · checked before anything is saved" | X24: FWK-03
A25: 13 | D25: Tải file mẫu | E25: Từ hộp thoại | F25: Medium | G25: Framework_013 | H25: Kiểm tra tải file mẫu trong hộp thoại Import a framework | I25: Đăng nhập account SGS Admin | J25: 1. Mở màn Frameworks 2. Bấm Import framework 3. Bấm Download template (.xlsx) | K25: - Tải về file mẫu dạng .xlsx | W25: Hệ thống ghi tên file SGS_DTP_Framework_Import_Template.xlsx nhưng chỉ hiện thông báo, prototype không có file thật → Q-F-06 | X25: FWK-03
A26: 14 | E26: Từ đầu danh sách | F26: Medium | G26: Framework_014 | H26: Kiểm tra tải file mẫu bằng nút Download template | I26: Đăng nhập account SGS Admin | J26: 1. Mở màn Frameworks 2. Bấm Download template | K26: - Tải về file mẫu dạng .xlsx | W26: Hệ thống ghi tên file SGS_DTP_Framework_Import_Template.xlsx nhưng chỉ hiện thông báo, prototype không có file thật → Q-F-06 | X26: FWK-03
A27: 15 | E27: Nội dung file mẫu | F27: High | G27: Framework_015 | H27: Kiểm tra các sheet của file mẫu | I27: Đăng nhập account SGS Admin | J27: 1. Mở màn Frameworks 2. Bấm Download template 3. Mở file vừa tải | K27: - File có các sheet: + Framework + Tiers + Requirements + Expected_Evidence | W27: Hộp thoại ghi 4 sheet; file mẫu ver 1 trên SharePoint (18/09) không có Tiers, không có cột tiếng Trung như UC ghi → Q-F-06 | X27: FWK-03
A28: 16 | D28: Chọn file | E28: Bấm browse | F28: High | G28: Framework_016 | H28: Kiểm tra chọn file .xlsx bằng browse | I28: Đăng nhập account SGS Admin; có [file hợp lệ]: file .xlsx điền theo file mẫu, không có lỗi | J28: 1. Mở màn Frameworks 2. Bấm Import framework 3. Bấm browse, chọn [file hợp lệ] | K28: - Dưới vùng kéo thả có dòng file gồm: + Tên file + Dung lượng + Dấu tích xanh + Nút × | X28: FWK-03
A29: 17 | E29: Kéo thả | F29: Medium | G29: Framework_017 | H29: Kiểm tra chọn file .xlsx bằng kéo thả | I29: Đăng nhập account SGS Admin; có [file hợp lệ]: file .xlsx điền theo file mẫu, không có lỗi | J29: 1. Mở màn Frameworks 2. Bấm Import framework 3. Kéo [file hợp lệ] thả vào vùng Drag files here | K29: - Dưới vùng kéo thả có dòng file gồm: + Tên file + Dung lượng + Dấu tích xanh + Nút × | X29: FWK-03
A30: 18 | E30: Bấm × ở dòng file | F30: Medium | G30: Framework_018 | H30: Kiểm tra bỏ file đã chọn | I30: Đăng nhập account SGS Admin; có [file hợp lệ]: file .xlsx điền theo file mẫu, không có lỗi | J30: 1. Mở màn Frameworks 2. Bấm Import framework 3. Chọn [file hợp lệ] 4. Bấm × ở dòng file | K30: - Dòng file biến mất - Vùng kéo thả vẫn hiển thị | X30: FWK-03
A31: 19 | E31: Chọn file khác khi đã có file | F31: Low | G31: Framework_019 | H31: Kiểm tra chọn file thứ hai khi đã chọn một file | I31: Đăng nhập account SGS Admin | J31: 1. Mở màn Frameworks 2. Bấm Import framework 3. Chọn file abc.xlsx 4. Chọn tiếp file abc1.xlsx | W31: Chọn file thứ hai khi đã có file: thay file cũ, thêm file hay báo lỗi? Figma ghi One file = one framework version → Q-F-14 | X31: FWK-03
A32: 20 | E32: File đúng 20 MB | F32: Medium | G32: Framework_020 | H32: Kiểm tra chọn file có dung lượng đúng 20 MB | I32: Đăng nhập account SGS Admin | J32: 1. Mở màn Frameworks 2. Bấm Import framework 3. Chọn file .xlsx có dung lượng đúng 20 MB | K32: - Chọn được file, dòng file có dấu tích xanh - Không có thông báo lỗi | W32: Hệ thống tính 1 MB = 1.048.576 byte; giới hạn 20 MB tính theo cách này hay 1.000.000 byte → Q-F-14 | X32: FWK-03
A33: 21 | D33: Không thành công | E33: Chưa chọn file | F33: High | G33: Framework_021 | H33: Kiểm tra bấm Check file khi chưa chọn file | I33: Đăng nhập account SGS Admin | J33: 1. Mở màn Frameworks 2. Bấm Import framework 3. Bấm Check file khi chưa chọn file | K33: - Không kiểm file, hộp thoại vẫn mở - Hiện lỗi dưới trường Framework file: "Choose the completed Excel file." | X33: FWK-03
A34: 22 | E34: File không phải .xlsx | F34: High | G34: Framework_022 | H34: Kiểm tra import file không phải .xlsx | I34: Đăng nhập account SGS Admin | J34: 1. Mở màn Frameworks 2. Bấm Import framework 3. Kéo file abc.pdf thả vào vùng Drag files here 4. Bấm Check file | K34: - Không import, hộp thoại hiện thông báo lỗi: "1 error in abc.pdf" "Nothing was imported. Fix these rows in Excel and upload the file again." - Bảng lỗi có dòng với Problem: "Only Excel (.xlsx) files made from the template can be imported." | X34: FWK-03
A35: 23 | E35: File lớn hơn 20 MB | F35: High | G35: Framework_023 | H35: Kiểm tra chọn file lớn hơn 20 MB | I35: Đăng nhập account SGS Admin | J35: 1. Mở màn Frameworks 2. Bấm Import framework 3. Chọn file .xlsx có dung lượng lớn hơn 20 MB | K35: - Dòng file báo lỗi: "File is larger than 20 MB." | X35: FWK-03
A36: 24 | E36: Hai dòng ở sheet Framework | F36: High | G36: Framework_024 | H36: Kiểm tra import file có hai dòng ở sheet Framework | I36: Đăng nhập account SGS Admin; có [file hợp lệ]: file .xlsx điền theo file mẫu, không có lỗi | J36: 1. Mở màn Frameworks 2. Bấm Import framework 3. Chọn [file hợp lệ] đã sửa: - Sheet Framework có 2 dòng dữ liệu 4. Bấm Check file | K36: - Không import, hộp thoại hiện bảng lỗi - Bảng lỗi có dòng của sheet Framework | W36: Chữ ở cột Row, Column, Problem → Q-F-14 | X36: FWK-03
A37: 25 | E37: Bỏ trống framework_code | F37: High | G37: Framework_025 | H37: Kiểm tra import file bỏ trống framework_code | I37: Đăng nhập account SGS Admin; có [file hợp lệ]: file .xlsx điền theo file mẫu, không có lỗi | J37: 1. Mở màn Frameworks 2. Bấm Import framework 3. Chọn [file hợp lệ] đã sửa: - Sheet Framework: framework_code để trống 4. Bấm Check file | K37: - Không import, hộp thoại hiện bảng lỗi - Bảng lỗi có dòng của sheet Framework | W37: Chữ ở cột Row, Column, Problem → Q-F-14 | X37: FWK-03
A38: 26 | E38: Bỏ trống framework_name | F38: High | G38: Framework_026 | H38: Kiểm tra import file bỏ trống framework_name | I38: Đăng nhập account SGS Admin; có [file hợp lệ]: file .xlsx điền theo file mẫu, không có lỗi | J38: 1. Mở màn Frameworks 2. Bấm Import framework 3. Chọn [file hợp lệ] đã sửa: - Sheet Framework: framework_name để trống 4. Bấm Check file | K38: - Không import, hộp thoại hiện bảng lỗi - Bảng lỗi có dòng của sheet Framework | W38: Chữ ở cột Row, Column, Problem → Q-F-14 | X38: FWK-03
A39: 27 | E39: Bỏ trống version | F39: High | G39: Framework_027 | H39: Kiểm tra import file bỏ trống version | I39: Đăng nhập account SGS Admin; có [file hợp lệ]: file .xlsx điền theo file mẫu, không có lỗi | J39: 1. Mở màn Frameworks 2. Bấm Import framework 3. Chọn [file hợp lệ] đã sửa: - Sheet Framework: version để trống 4. Bấm Check file | K39: - Không import, hộp thoại hiện bảng lỗi - Bảng lỗi có dòng của sheet Framework | W39: Chữ ở cột Row, Column, Problem → Q-F-14 | X39: FWK-03
A40: 28 | E40: effective_date sai định dạng | F40: Medium | G40: Framework_028 | H40: Kiểm tra import file có effective_date không phải ngày | I40: Đăng nhập account SGS Admin; có [file hợp lệ]: file .xlsx điền theo file mẫu, không có lỗi | J40: 1. Mở màn Frameworks 2. Bấm Import framework 3. Chọn [file hợp lệ] đã sửa: - Sheet Framework: effective_date: 2026-13-45 4. Bấm Check file | K40: - Không import, hộp thoại hiện bảng lỗi - Bảng lỗi có dòng của sheet Framework | W40: File mẫu ghi Must be a valid date or left blank; chữ ở cột Row, Column, Problem → Q-F-14 | X40: FWK-03
A41: 29 | E41: requirement_code bị trùng | F41: High | G41: Framework_029 | H41: Kiểm tra import file có requirement_code bị trùng | I41: Đăng nhập account SGS Admin; có [file hợp lệ]: file .xlsx điền theo file mẫu, không có lỗi | J41: 1. Mở màn Frameworks 2. Bấm Import framework 3. Chọn [file hợp lệ] đã sửa: - Sheet Requirements: dòng 40 và dòng 41 cùng requirement_code R.9.4.2 4. Bấm Check file | K41: - Không import, hộp thoại hiện bảng lỗi - Bảng lỗi có dòng: + Sheet: Requirements + Row: 41 + Column: requirement_code + Problem: nêu mã R.9.4.2 được dùng hai lần ở dòng 40 và 41 | W41: Chữ của dòng lỗi (Row, Column, Problem) khi file lỗi bất kỳ → Q-F-14 | X41: FWK-03
A42: 30 | E42: parent_requirement_code không tồn tại | F42: High | G42: Framework_030 | H42: Kiểm tra import file có mã cha không tồn tại | I42: Đăng nhập account SGS Admin; có [file hợp lệ]: file .xlsx điền theo file mẫu, không có lỗi | J42: 1. Mở màn Frameworks 2. Bấm Import framework 3. Chọn [file hợp lệ] đã sửa: - Sheet Requirements: dòng 24 có parent_requirement_code R.9.9, sheet không có dòng nào mã R.9.9 4. Bấm Check file | K42: - Không import, hộp thoại hiện bảng lỗi - Bảng lỗi có dòng: + Sheet: Requirements + Row: 24 + Column: parent_requirement_code + Problem: nêu mã R.9.9 không tồn tại | W42: Chữ của dòng lỗi (Row, Column, Problem) khi file lỗi bất kỳ → Q-F-14 | X42: FWK-03
A43: 31 | E43: Requirement là cha của chính nó | F43: Medium | G43: Framework_031 | H43: Kiểm tra import file có requirement là cha của chính nó | I43: Đăng nhập account SGS Admin; có [file hợp lệ]: file .xlsx điền theo file mẫu, không có lỗi | J43: 1. Mở màn Frameworks 2. Bấm Import framework 3. Chọn [file hợp lệ] đã sửa: - Sheet Requirements: dòng V.1 có parent_requirement_code V.1 4. Bấm Check file | K43: - Không import, hộp thoại hiện bảng lỗi - Bảng lỗi có dòng của sheet Requirements | W43: Chữ ở cột Row, Column, Problem → Q-F-14 | X43: FWK-03
A44: 32 | E44: Cha con vòng lặp | F44: Medium | G44: Framework_032 | H44: Kiểm tra import file có quan hệ cha con vòng lặp | I44: Đăng nhập account SGS Admin; có [file hợp lệ]: file .xlsx điền theo file mẫu, không có lỗi | J44: 1. Mở màn Frameworks 2. Bấm Import framework 3. Chọn [file hợp lệ] đã sửa: - Sheet Requirements: dòng A có cha là B, dòng B có cha là A 4. Bấm Check file | K44: - Không import, hộp thoại hiện bảng lỗi - Bảng lỗi có dòng của sheet Requirements | W44: Chữ ở cột Row, Column, Problem → Q-F-14 | X44: FWK-03
A45: 33 | E45: is_assessable không phải TRUE hoặc FALSE | F45: Medium | G45: Framework_033 | H45: Kiểm tra import file có is_assessable sai giá trị | I45: Đăng nhập account SGS Admin; có [file hợp lệ]: file .xlsx điền theo file mẫu, không có lỗi | J45: 1. Mở màn Frameworks 2. Bấm Import framework 3. Chọn [file hợp lệ] đã sửa: - Sheet Requirements: một dòng có is_assessable: YES 4. Bấm Check file | K45: - Không import, hộp thoại hiện bảng lỗi - Bảng lỗi có dòng của sheet Requirements | W45: Chữ ở cột Row, Column, Problem → Q-F-14 | X45: FWK-03
A46: 34 | E46: Bỏ trống title | F46: Medium | G46: Framework_034 | H46: Kiểm tra import file có requirement bỏ trống title | I46: Đăng nhập account SGS Admin; có [file hợp lệ]: file .xlsx điền theo file mẫu, không có lỗi | J46: 1. Mở màn Frameworks 2. Bấm Import framework 3. Chọn [file hợp lệ] đã sửa: - Sheet Requirements: một dòng để trống title 4. Bấm Check file | K46: - Không import, hộp thoại hiện bảng lỗi - Bảng lỗi có dòng của sheet Requirements | W46: Chữ ở cột Row, Column, Problem → Q-F-14 | X46: FWK-03
A47: 35 | E47: Expected evidence trỏ vào dòng nhóm | F47: High | G47: Framework_035 | H47: Kiểm tra import file có expected evidence trỏ vào dòng nhóm | I47: Đăng nhập account SGS Admin; có [file hợp lệ]: file .xlsx điền theo file mẫu, không có lỗi | J47: 1. Mở màn Frameworks 2. Bấm Import framework 3. Chọn [file hợp lệ] đã sửa: - Sheet Expected_Evidence: dòng 12 có requirement_code R.4; ở sheet Requirements, R.4 có is_assessable FALSE 4. Bấm Check file | K47: - Không import, hộp thoại hiện bảng lỗi - Bảng lỗi có dòng: + Sheet: Expected_Evidence + Row: 12 + Column: requirement_code + Problem: nêu R.4 là dòng nhóm, evidence phải trỏ vào requirement assessable | W47: Chữ của dòng lỗi (Row, Column, Problem) khi file lỗi bất kỳ → Q-F-14 | X47: FWK-03
... A53: 41 | E53: Bấm Cancel | F53: Medium | G53: Framework_041 | H53: Kiểm tra huỷ nhập framework bằng Cancel | I53: Đăng nhập account SGS Admin; có [file hợp lệ]: file .xlsx điền theo file mẫu, không có lỗi | J53: 1. Mở màn Frameworks 2. Bấm Import framework 3. Chọn [file hợp lệ] 4. Bấm Cancel | K53: - Hộp thoại đóng - Bảng không có dòng mới, dòng đếm giữ nguyên | W53: Đã chọn file mà bấm Cancel có hỏi lại không → Q-F-19 | X53: FWK-03
A54: 42 | E54: Bấm × | F54: Low | G54: Framework_042 | H54: Kiểm tra đóng hộp thoại Import a framework bằng nút × | I54: Đăng nhập account SGS Admin; có [file hợp lệ]: file .xlsx điền theo file mẫu, không có lỗi | J54: 1. Mở màn Frameworks 2. Bấm Import framework 3. Chọn [file hợp lệ] 4. Bấm × | K54: - Hộp thoại đóng, không import | X54: FWK-03
A55: 43 | E55: Nhấn Esc | F55: Low | G55: Framework_043 | H55: Kiểm tra nhấn Esc khi đang mở hộp thoại Import a framework | I55: Đăng nhập account SGS Admin; có [file hợp lệ]: file .xlsx điền theo file mẫu, không có lỗi | J55: 1. Mở màn Frameworks 2. Bấm Import framework 3. Chọn [file hợp lệ] 4. Nhấn Esc | K55: - Hộp thoại đóng, không import | W55: Thiết kế không ghi; hệ thống đóng hộp thoại ngay → Q-F-19 | X55: FWK-03
A56: 44 | E56: Bấm Cancel khi đang hiện bảng lỗi | F56: Low | G56: Framework_044 | H56: Kiểm tra mở lại hộp thoại sau khi huỷ ở bảng lỗi | I56: Đăng nhập account SGS Admin | J56: 1. Mở màn Frameworks 2. Bấm Import framework 3. Chọn file bcm-2019.xlsx có lỗi, bấm Check file 4. Bấm Cancel 5. Bấm Import framework | K56: - Sau bước 4: hộp thoại đóng - Sau bước 5: hộp thoại ở trạng thái ban đầu, không còn bảng lỗi và file đã chọn | W56: Prototype chỉ báo 3 lỗi này khi tên file có chữ bcm, không đọc nội dung file → Q-F-08; Thiết kế không ghi trạng thái khi mở lại → Q-F-19 | X56: FWK-03
A57: 45 | D57: Thành công | E57: Framework có tier | F57: High | G57: Framework_045 | H57: Kiểm tra thông tin framework vừa nhập | I57: Đăng nhập account SGS Admin | J57: 1. Mở màn Frameworks 2. Bấm Import framework 3. Chọn file abc.xlsx điền theo file mẫu: - Sheet Framework: framework_code: FW_ABC; framework_name: abc; version: 2026.1; issuing_body: abc; description: abc; effective_date: 2026-01-01 - Sheet Tiers: 3 tier - Sheet Requirements, Expected_Evidence: không có lỗi 4. Bấm Check file 5. Kiểm tra màn hiện ra | K57: - Hộp thoại đóng, hiện màn bản nháp của framework vừa nhập - Tiêu đề: abc - Dòng phụ: FW_ABC · 2026.1 · abc - Nhãn Draft · not active - Khối Framework: + Code: FW_ABC + Issued by: abc + Version: 2026.1 + Effective date: 01 Jan 2026 + Description: abc - Khối Tiers có 3 dòng | W57: Chưa bấm Check file với file hợp lệ trên hệ thống; mã nguồn prototype: chuyển sang màn bản nháp, hiện thông báo File check passed. Review the draft, then activate it. → Q-F-08; tên cột của sheet Tiers chưa có trong file mẫu ver 1 → Q-F-06 | X57: FWK-03
A58: 46 | E58: Framework không tier | F58: High | G58: Framework_046 | H58: Kiểm tra nhập framework không có tier | I58: Đăng nhập account SGS Admin | J58: 1. Mở màn Frameworks 2. Bấm Import framework 3. Chọn file abc.xlsx điền theo file mẫu: - Sheet Framework: framework_code: FW_ABC; framework_name: abc; version: 2026.1; issuing_body: abc; description: abc; effective_date: 2026-01-01 - Sheet Tiers: để trống 4. Bấm Check file | K58: - Hiện màn bản nháp của framework vừa nhập - Không có khối Tiers | W58: Hộp thoại ghi Tiers (leave empty if the framework has no tiers); chưa xem được bản nháp không tier → Q-F-08 | X58: FWK-03
A59: 47 | E59: Phiên bản mới của mã đã có | F59: High | G59: Framework_047 | H59: Kiểm tra nhập phiên bản mới của framework đã có | I59: Đăng nhập account SGS Admin; có framework Active mã FW_ABC, version 2026.1 | J59: 1. Mở màn Frameworks 2. Bấm Import framework 3. Chọn file điền theo file mẫu, sheet Framework: framework_code: FW_ABC; version: 2026.2 4. Bấm Check file 5. Bấm ← để về màn Frameworks | K59: - Sau bước 4: hiện màn bản nháp FW_ABC · 2026.2 - Sau bước 5: danh sách có hai dòng mã FW_ABC: + Version 2026.1, nhãn Active + Version 2026.2, nhãn Draft · not active | W59: UC FWK-03: import để cập nhật framework có sẵn, content_version phải tăng, có bảng tóm tắt thay đổi; Figma: thêm thành bản riêng → Q-F-04 | X59: FWK-03
A60: 48 | E60: Một requirement có nhiều expected evidence | F60: Medium | G60: Framework_048 | H60: Kiểm tra nhập requirement có nhiều expected evidence | I60: Đăng nhập account SGS Admin | J60: 1. Mở màn Frameworks 2. Bấm Import framework 3. Chọn file điền theo file mẫu, requirement R.1 có 3 dòng ở sheet Expected_Evidence: EE-001, EE-002, EE-003 4. Bấm Check file 5. Bấm R.1 ở khối Requirements | K60: - Import được, hiện màn bản nháp - Phần Expected evidence của R.1 có 3 dòng: EE-001, EE-002, EE-003 | W60: File mẫu xếp trường hợp này ở mức INFO (Import can continue); INFO hiện ở đâu trên màn → Q-F-06 | X60: FWK-03
A61: 49 | E61: effective_date để trống | F61: Medium | G61: Framework_049 | H61: Kiểm tra nhập framework không có effective_date | I61: Đăng nhập account SGS Admin | J61: 1. Mở màn Frameworks 2. Bấm Import framework 3. Chọn file điền theo file mẫu, sheet Framework để trống effective_date 4. Bấm Check file | K61: - Hiện màn bản nháp - Khối Framework: Effective date: Not set | X61: FWK-03
A62: 50 | E62: Tải file đã sửa sau khi báo lỗi | F62: Medium | G62: Framework_050 | H62: Kiểm tra tải lại file đã sửa ở trường Corrected file | I62: Đăng nhập account SGS Admin | J62: 1. Mở màn Frameworks 2. Bấm Import framework 3. Chọn file bcm-2019.xlsx có lỗi, bấm Check file 4. Ở trường Corrected file, chọn file đã sửa hết lỗi 5. Bấm Check file | K62: - Hiện màn bản nháp của framework trong file đã sửa | W62: Prototype chỉ báo 3 lỗi này khi tên file có chữ bcm, không đọc nội dung file → Q-F-08; Chưa bấm Check file với file hợp lệ trên hệ thống → Q-F-08 | X62: FWK-03
A63: 51 | D63: Trùng mã và phiên bản | E63: Cùng mã, cùng version với bản Active | F63: High | G63: Framework_051 | H63: Kiểm tra nhập file trùng mã và version với framework đang Active | I63: Đăng nhập account SGS Admin; có framework Active mã FW_ABC, version 2026.1 | J63: 1. Mở màn Frameworks 2. Bấm Import framework 3. Chọn file điền theo file mẫu, sheet Framework: framework_code: FW_ABC; version: 2026.1 4. Bấm Check file | W63: Figma không nói; mã nguồn prototype báo lỗi “<version>” is already active. Use a new version name to import changes.; UC: khi cập nhật, content_version phải tăng → Q-F-04 | X63: FWK-03
A64: 52 | E64: Cùng mã, cùng version với bản Draft | F64: Medium | G64: Framework_052 | H64: Kiểm tra nhập file trùng mã và version với bản nháp đang có | I64: Đăng nhập account SGS Admin; có bản nháp mã FW_ABC, version 2026.2 | J64: 1. Mở màn Frameworks 2. Bấm Import framework 3. Chọn file điền theo file mẫu, sheet Framework: framework_code: FW_ABC; version: 2026.2 4. Bấm Check file | W64: Ghi đè bản nháp, tạo bản nháp thứ hai hay báo lỗi → Q-F-04 | X64: FWK-03
A65: 53 | C65: Thanh công cụ - Toolbar | D65: Dòng đếm | E65: Tổng số framework | F65: Medium | G65: Framework_053 | H65: Kiểm tra dòng đếm số framework | I65: Đăng nhập account SGS Admin | J65: 1. Mở màn Frameworks 2. Kiểm tra dòng phía trên bảng, bên trái | K65: - Hiển thị <n> frameworks, n bằng tổng số framework trong bảng (cộng mọi trang) | X65: FWK-01
A66: 54 | D66: Tìm kiếm | E66: Hiển thị ô tìm kiếm | F66: Low | G66: Framework_054 | H66: Kiểm tra ô tìm kiếm | I66: Đăng nhập account SGS Admin | J66: 1. Mở màn Frameworks 2. Kiểm tra phía trên bảng, bên phải | K66: - Ô tìm kiếm có icon kính lúp, placeholder: Search code or name | X66: FWK-01
A67: 55 | E67: Theo mã | F67: High | G67: Framework_055 | H67: Kiểm tra tìm theo mã framework | I67: Đăng nhập account SGS Admin | J67: 1. Mở màn Frameworks 2. Nhập [mã framework] vào ô tìm kiếm | K67: - Hệ thống không phân biệt chữ HOA, chữ thường, hiển thị đúng theo mã framework | W67: Dòng đếm <n> frameworks có đổi theo kết quả không (hệ thống giữ nguyên tổng) → Q-F-12 | X67: FWK-01
A68: 56 | E68: Một phần tên | F68: High | G68: Framework_056 | H68: Kiểm tra tìm theo một phần tên framework | I68: Đăng nhập account SGS Admin | J68: 1. Mở màn Frameworks 2. Nhập [một phần tên framework] vào ô tìm kiếm | K68: - Hệ thống không phân biệt chữ HOA, chữ thường, hiển thị đúng theo tên framework | X68: FWK-01
A69: 57 | E69: Theo Issued by | F69: High | G69: Framework_057 | H69: Kiểm tra tìm theo Issued by | I69: Đăng nhập account SGS Admin | J69: 1. Mở màn Frameworks 2. Nhập [Issued by] vào ô tìm kiếm | K69: - Hệ thống không phân biệt chữ HOA, chữ thường, hiển thị đúng theo Issued by | W69: Ô tìm ghi Search code or name; hệ thống tìm cả theo Issued by, Version, Status → Q-F-12 | X69: FWK-01
A70: 58 | E70: Theo Requirements | F70: Medium | G70: Framework_058 | H70: Kiểm tra tìm theo số ở cột Requirements | I70: Đăng nhập account SGS Admin | J70: 1. Mở màn Frameworks 2. Nhập [Requirements] vào ô tìm kiếm | K70: - Hệ thống không phân biệt chữ HOA, chữ thường, hiển thị đúng theo Requirements | X70: FWK-01
A71: 59 | E71: Theo Status | F71: Medium | G71: Framework_059 | H71: Kiểm tra tìm theo Status | I71: Đăng nhập account SGS Admin | J71: 1. Mở màn Frameworks 2. Nhập [Status] vào ô tìm kiếm | K71: - Hệ thống không phân biệt chữ HOA, chữ thường, hiển thị đúng theo Status | X71: FWK-01
A72: 60 | E72: Theo thời gian Updated | F72: Low | G72: Framework_060 | H72: Kiểm tra tìm theo thời gian ở cột Updated | I72: Đăng nhập account SGS Admin | J72: 1. Mở màn Frameworks 2. Nhập [hh:mm] vào ô tìm kiếm | K72: - Hệ thống không phân biệt chữ HOA, chữ thường, hiển thị đúng theo thời gian Updated | X72: FWK-01
A73: 61 | E73: Theo Version | F73: Low | G73: Framework_061 | H73: Kiểm tra tìm theo Version | I73: Đăng nhập account SGS Admin | J73: 1. Mở màn Frameworks 2. Nhập [Version] vào ô tìm kiếm | K73: - Bảng chỉ còn các framework có Version chứa [Version] | X73: FWK-01
A74: 62 | E74: Không có kết quả | F74: High | G74: Framework_062 | H74: Kiểm tra tìm kiếm không ra kết quả | I74: Đăng nhập account SGS Admin | J74: 1. Mở màn Frameworks 2. Nhập zzz vào ô tìm kiếm | K74: - Bảng không có dòng nào - Hiển thị "No results for “zzz”" - Hiển thị "Try a different search term." - Dòng đếm không đổi | X74: FWK-01
A75: 63 | E75: Ký tự đặc biệt | F75: Medium | G75: Framework_063 | H75: Kiểm tra nhập ký tự đặc biệt vào ô tìm kiếm | I75: Đăng nhập account SGS Admin | J75: 1. Mở màn Frameworks 2. Nhập ' OR 1=1 -- vào ô tìm kiếm | K75: - Không có lỗi hệ thống, không lộ thông tin kỹ thuật - Chuỗi được tìm như văn bản thường | X75: FWK-01
A76: 64 | E76: Khoảng trắng ở đầu và cuối | F76: Low | G76: Framework_064 | H76: Kiểm tra tìm kiếm khi từ khoá có khoảng trắng ở đầu và cuối | I76: Đăng nhập account SGS Admin | J76: 1. Mở màn Frameworks 2. Nhập [mã framework] có dấu cách ở đầu và cuối vào ô tìm kiếm | W76: Hệ thống không bỏ khoảng trắng: nhập ' iso 22301 ' ra No results → Q-F-12 | X76: FWK-01
A77: 65 | E77: Xoá từ khoá | F77: Medium | G77: Framework_065 | H77: Kiểm tra xoá từ khoá tìm kiếm | I77: Đăng nhập account SGS Admin | J77: 1. Mở màn Frameworks 2. Nhập zzz vào ô tìm kiếm 3. Xoá chữ trong ô tìm kiếm | K77: - Text biến mất - Ô tìm kiếm có icon kính lúp, placeholder: Search code or name | X77: FWK-01
A78: 66 | C78: Bảng danh sách - Table | D78: Hiển thị | E78: Tiêu đề cột | F78: High | G78: Framework_066 | H78: Kiểm tra tiêu đề các cột | I78: Đăng nhập account SGS Admin | J78: 1. Mở màn Frameworks 2. Kiểm tra hàng tiêu đề của bảng | K78: - Các cột theo thứ tự: + Framework + Version + Issued by + Tiers + Requirements + Status + Updated - Cột cuối là icon tải, không có tiêu đề | W78: UC FWK-01 có thêm standard edition, content version, content level, affiliates → Q-F-01 | X78: FWK-01
A79: 67 | E79: Framework ban đầu | F79: High | G79: Framework_067 | H79: Kiểm tra các framework có sẵn ban đầu | I79: Đăng nhập account SGS Admin | J79: 1. Mở màn Frameworks 2. Kiểm tra cột Framework | K79: - Danh sách có: + ISO/IEC 27001 + ISO/IEC 42001 + CSMA (Appendix 10) | W79: UC gọi CSMA (Appendix 10), hệ thống ghi Security Baselines for ICT Systems (Appendix 10); hệ thống có thêm ISO 22301, ISO/IEC 27701, TISAX → Q-F-01 | X79: FWK-01
A80: 68 | E80: Cột Framework | F80: High | G80: Framework_068 | H80: Kiểm tra cột Framework | I80: Đăng nhập account SGS Admin | J80: 1. Mở màn Frameworks 2. Kiểm tra từng dòng ở cột Framework | K80: - Tên framework dạng liên kết - Dưới tên là mã framework, ví dụ ISO_IEC_27001 | X80: FWK-01
A81: 69 | E81: Cột Tiers — có tier | F81: High | G81: Framework_069 | H81: Kiểm tra cột Tiers của framework có tier | I81: Đăng nhập account SGS Admin; có [Framework Active] có tier | J81: 1. Mở màn Frameworks 2. Kiểm tra cột Tiers của [Framework Active] có tier | K81: - Tên các tier nối bằng dấu ·, theo thứ tự từ thấp lên cao, ví dụ Basic · Medium · High | X81: FWK-01
A82: 70 | E82: Cột Tiers — không tier | F82: Medium | G82: Framework_070 | H82: Kiểm tra cột Tiers của framework không tier | I82: Đăng nhập account SGS Admin; có [Framework Active không tier] | J82: 1. Mở màn Frameworks 2. Kiểm tra cột Tiers của [Framework Active không tier] | K82: - Hiển thị: — | X82: FWK-01
A83: 71 | E83: Cột Requirements | F83: Medium | G83: Framework_071 | H83: Kiểm tra cột Requirements khớp với màn chi tiết | I83: Đăng nhập account SGS Admin; có [Framework Active] | J83: 1. Mở màn Frameworks 2. Ghi số ở cột Requirements của [Framework Active] 3. Bấm tên [Framework Active], xem khối Content | K83: - Hai số bằng nhau | X83: FWK-01
A84: 72 | E84: Cột Status — Active | F84: Medium | G84: Framework_072 | H84: Kiểm tra cột Status của framework Active | I84: Đăng nhập account SGS Admin; có [Framework Active] | J84: 1. Mở màn Frameworks 2. Kiểm tra cột Status của [Framework Active] | K84: - Nhãn Active có dấu tích xanh | X84: FWK-01
A85: 73 | E85: Cột Status — Draft | F85: High | G85: Framework_073 | H85: Kiểm tra cột Status của bản nháp | I85: Đăng nhập account SGS Admin; có [Framework Draft] | J85: 1. Mở màn Frameworks 2. Kiểm tra cột Status của [Framework Draft] | K85: - Nhãn Draft · not active | X85: FWK-01
A86: 74 | E86: Cột Updated | F86: Low | G86: Framework_074 | H86: Kiểm tra định dạng cột Updated | I86: Đăng nhập account SGS Admin | J86: 1. Mở màn Frameworks 2. Kiểm tra cột Updated | K86: - Ngày dạng DD Mon YYYY, ví dụ 14 Aug 2025 - Dòng cập nhật trong ngày hiển thị Today, hh:mm | W86: Định dạng lấy từ hệ thống; Updated là ngày nhập, ngày kích hoạt hay ngày sửa → Q-F-01 | X86: FWK-01
A87: 75 | E87: Hai phiên bản của cùng mã | F87: Medium | G87: Framework_075 | H87: Kiểm tra hiển thị hai phiên bản của cùng một framework | I87: Đăng nhập account SGS Admin; có hai phiên bản của cùng một mã framework | J87: 1. Mở màn Frameworks 2. Kiểm tra các dòng có cùng mã framework | K87: - Mỗi phiên bản một dòng, cùng tên và mã, khác cột Version | X87: FWK-01
A88: 76 | D88: Sắp xếp | E88: Thứ tự mặc định | F88: Medium | G88: Framework_076 | H88: Kiểm tra thứ tự mặc định của danh sách | I88: Đăng nhập account SGS Admin | J88: 1. Mở màn Frameworks 2. Kiểm tra thứ tự các dòng | K88: - Bản Draft đứng đầu - Các dòng còn lại xếp theo mã framework từ A đến Z; cùng mã thì phiên bản cập nhật mới hơn đứng trước | W88: Hanna ghi mặc định là cũ nhất xuống mới nhất; hệ thống: Draft trước, rồi theo mã A-Z, cùng mã thì bản mới hơn trước. Figma, UC không nêu → Q-F-13 | X88: FWK-01
A89: 77 | E89: Cột Framework — bấm lần 1 | F89: Medium | G89: Framework_077 | H89: Kiểm tra sắp xếp tăng dần theo tên framework | I89: Đăng nhập account SGS Admin | J89: 1. Mở màn Frameworks 2. Bấm tiêu đề cột Framework | K89: - Các dòng xếp theo tên framework từ A đến Z | W89: Figma không có icon sắp xếp; hệ thống sắp xếp được các cột Framework, Version, Issued by, Requirements → Q-F-13 | X89: FWK-01
A90: 78 | E90: Cột Framework — bấm lần 2 | F90: Medium | G90: Framework_078 | H90: Kiểm tra sắp xếp giảm dần theo tên framework | I90: Đăng nhập account SGS Admin | J90: 1. Mở màn Frameworks 2. Bấm tiêu đề cột Framework hai lần | K90: - Các dòng xếp theo tên framework từ Z đến A | X90: FWK-01
A91: 79 | E91: Cột Framework — bấm lần 3 | F91: Low | G91: Framework_079 | H91: Kiểm tra bỏ sắp xếp sau lần bấm thứ ba | I91: Đăng nhập account SGS Admin | J91: 1. Mở màn Frameworks 2. Bấm tiêu đề cột Framework ba lần | K91: - Các dòng trở về thứ tự mặc định | X91: FWK-01
A92: 80 | E92: Cột Version | F92: Low | G92: Framework_080 | H92: Kiểm tra sắp xếp theo cột Version | I92: Đăng nhập account SGS Admin | J92: 1. Mở màn Frameworks 2. Bấm tiêu đề cột Version 3. Bấm tiêu đề cột Version lần nữa | K92: - Sau bước 2: xếp theo Version tăng dần theo chữ, ví dụ 2013 trước 2019, ISA 6.0 ở cuối - Sau bước 3: xếp giảm dần | X92: FWK-01
A93: 81 | E93: Cột Issued by | F93: Low | G93: Framework_081 | H93: Kiểm tra sắp xếp theo cột Issued by | I93: Đăng nhập account SGS Admin | J93: 1. Mở màn Frameworks 2. Bấm tiêu đề cột Issued by 3. Bấm tiêu đề cột Issued by lần nữa | K93: - Sau bước 2: xếp theo Issued by từ A đến Z - Sau bước 3: từ Z đến A | X93: FWK-01
A94: 82 | E94: Cột Requirements | F94: Medium | G94: Framework_082 | H94: Kiểm tra sắp xếp theo cột Requirements | I94: Đăng nhập account SGS Admin | J94: 1. Mở màn Frameworks 2. Bấm tiêu đề cột Requirements 3. Bấm tiêu đề cột Requirements lần nữa | K94: - Sau bước 2: xếp theo số tăng dần, ví dụ 31 trước 114 - Sau bước 3: xếp theo số giảm dần | X94: FWK-01
A95: 83 | D95: Biểu tượng tải ở mỗi dòng | E95: Hover vào biểu tượng tải | F95: Low | G95: Framework_083 | H95: Kiểm tra hiển thị khi hover vào icon tải | I95: Đăng nhập account SGS Admin; có [Framework Active] | J95: 1. Mở màn Frameworks 2. Hover vào icon tải ở cuối dòng của [Framework Active] | K95: - Hiển thị thông báo: "Download source file of <tên ngắn> · <version>" | W95: UC không nêu icon tải file nguồn → Q-F-11 | X95: [NGOÀI UC]
A96: 84 | E96: Bấm biểu tượng tải ở một dòng | F96: Low | G96: Framework_084 | H96: Kiểm tra bấm icon tải ở một dòng | I96: Đăng nhập account SGS Admin; có [Framework Active] | J96: 1. Mở màn Frameworks 2. Bấm icon tải ở cuối dòng của [Framework Active] | K96: - Tải về file .xlsx đã dùng để nhập phiên bản đó | W96: Prototype chỉ hiện thông báo "<file> would download here. The prototype has no real files." (Hanna ghi <version> trong thông báo); bản thật có tải file .xlsx đã nhập không → Q-F-11 | X96: [NGOÀI UC]
A97: 85 | C97: Phân trang - Paging | D97: Hiển thị | E97: Mặc định | F97: Medium | G97: Framework_085 | H97: Kiểm tra dòng phân trang mặc định | I97: Đăng nhập account SGS Admin | J97: 1. Mở màn Frameworks 2. Kiểm tra phần dưới bảng | K97: - Items per page mặc định là 10 - Dòng 1–<n> of <n> items | W97: Figma: 1–6 of 6 items · Page 1 of 1. Hệ thống: Items per page 10 · 1–8 of 8 items · [1] of 1 page · ‹ › → Q-F-20 | X97: FWK-01
A98: 86 | E98: Các giá trị Items per page | F98: Medium | G98: Framework_086 | H98: Kiểm tra các giá trị trong Items per page | I98: Đăng nhập account SGS Admin | J98: 1. Mở màn Frameworks 2. Bấm vào Items per page 3. Kiểm tra các lựa chọn | K98: - Hiển thị các giá trị: + 10 + 25 + 50 + 100 | W98: Figma không có Items per page → Q-F-20 | X98: FWK-01
A99: 87 | D99: Đổi số dòng | E99: Chọn 25 | F99: Medium | G99: Framework_087 | H99: Kiểm tra đổi số dòng mỗi trang | I99: Đăng nhập account SGS Admin; có 11 framework | J99: 1. Mở màn Frameworks 2. Mở Items per page 3. Chọn 25 | K99: - Bảng hiển thị đủ 11 framework trên một trang | W99: Có cho chọn số dòng không; giá trị 10/25/50/100 theo hệ thống → Q-F-20 | X99: FWK-01
A100: 88 | D100: Chuyển trang | E100: Chỉ có một trang | F100: Low | G100: Framework_088 | H100: Kiểm tra nút chuyển trang khi chỉ có một trang | I100: Đăng nhập account SGS Admin; có từ 10 framework trở xuống | J100: 1. Mở màn Frameworks 2. Kiểm tra hai nút ‹ › | K100: - Cả hai nút ở trạng thái không bấm được | W100: Figma không có nút chuyển trang → Q-F-20 | X100: FWK-01
A101: 89 | E101: Sang trang 2 | F101: Medium | G101: Framework_089 | H101: Kiểm tra chuyển sang trang 2 | I101: Đăng nhập account SGS Admin; có 11 framework | J101: 1. Mở màn Frameworks 2. Bấm nút › | K101: - Bảng hiển thị framework thứ 11 - Dòng phân trang: 11–11 of 11 items | W101: Số dòng mỗi trang mặc định theo hệ thống → Q-F-20 | X101: FWK-01
A102: 90 | B102: Bản nháp - Draft preview | C102: Phần đầu - Header | D102: Hiển thị | E102: Các thành phần | F102: High | G102: Framework_090 | H102: Kiểm tra phần đầu màn bản nháp | I102: Đăng nhập account SGS Admin; có [Framework Draft] | J102: 1. Mở màn Frameworks 2. Bấm tên [Framework Draft] 3. Kiểm tra phần đầu trang, từ trái sang phải | K102: - Nút quay lại ← - Tiêu đề: tên framework - Dòng phụ: <mã> · <version> · <issuing body> - Nhãn Draft · not active - Nút Discard draft và nút Activate - Không có nút ⋮ | X102: FWK-02
A103: 91 | D103: Nút quay lại | E103: Bấm ← | F103: Medium | G103: Framework_091 | H103: Kiểm tra nút quay lại ở màn bản nháp | I103: Đăng nhập account SGS Admin; có [Framework Draft] | J103: 1. Mở màn Frameworks 2. Bấm tên [Framework Draft] 3. Bấm nút ← | K103: - Quay về màn Frameworks | X103: FWK-02
A104: 92 | C104: Điều hướng trong màn - Section nav | D104: Hiển thị | E104: Framework có tier | F104: Low | G104: Framework_092 | H104: Kiểm tra cột điều hướng bên trái của bản nháp có tier | I104: Đăng nhập account SGS Admin; có [Framework Draft] | J104: 1. Mở màn Frameworks 2. Bấm tên [Framework Draft] 3. Kiểm tra cột bên trái | K104: - Ba mục theo thứ tự: + Framework + Tiers + Requirements - Mục Framework được tô nền khi mới mở | X104: FWK-02
A105: 93 | E105: Framework không tier | F105: Low | G105: Framework_093 | H105: Kiểm tra cột điều hướng bên trái của bản nháp không tier | I105: Đăng nhập account SGS Admin; có bản nháp không tier | J105: 1. Mở màn Frameworks 2. Bấm tên bản nháp không tier 3. Kiểm tra cột bên trái | K105: - Không có mục Tiers | W105: Chưa có bản nháp không tier để xem trên hệ thống → Q-F-08 | X105: FWK-02
A106: 94 | D106: Bấm mục | E106: Requirements | F106: Low | G106: Framework_094 | H106: Kiểm tra bấm mục Requirements ở cột điều hướng của bản nháp | I106: Đăng nhập account SGS Admin; có [Framework Draft] | J106: 1. Mở màn Frameworks 2. Bấm tên [Framework Draft] 3. Bấm Requirements ở cột bên trái | K106: - Mục Requirements được tô nền - Trang cuộn tới khối Requirements | X106: FWK-02
A107: 95 | C107: Nội dung bản nháp - Draft content | D107: Hiển thị | E107: Khối Framework | F107: High | G107: Framework_095 | H107: Kiểm tra khối Framework của bản nháp | I107: Đăng nhập account SGS Admin; có [Framework Draft] | J107: 1. Mở màn Frameworks 2. Bấm tên [Framework Draft] 3. Kiểm tra khối số 1 Framework | K107: - Tiêu đề khối: Framework, dòng phụ: From the Framework sheet - Các trường: + Code + Issued by + Version + Effective date + Description | X107: FWK-02
A108: 96 | E108: Khối Tiers | F108: High | G108: Framework_096 | H108: Kiểm tra khối Tiers của bản nháp | I108: Đăng nhập account SGS Admin; có [Framework Draft] có tier | J108: 1. Mở màn Frameworks 2. Bấm tên [Framework Draft] 3. Kiểm tra khối số 2 Tiers | K108: - Tiêu đề khối: Tiers, dòng phụ: "Higher tiers include every requirement of the tiers below" - Bảng 5 cột theo thứ tự: + Code + Tier + Rank + New at this tier + Total to meet - Mỗi tier một dòng, xếp theo Rank | X108: FWK-02
A109: 97 | D109: Giá trị tính toán | E109: Total to meet của bản nháp | F109: Medium | G109: Framework_097 | H109: Kiểm tra Total to meet ở khối Tiers của bản nháp | I109: Đăng nhập account SGS Admin; có [Framework Draft] có tier | J109: 1. Mở màn Frameworks 2. Bấm tên [Framework Draft] 3. Kiểm tra từng dòng ở khối số 2 Tiers | K109: - Tier thấp nhất: Total to meet = New at this tier - Các tier còn lại: Total to meet = Total to meet của tier ngay dưới + New at this tier | W109: Total to meet của tier cao nhất có bằng số requirements ở khối Requirements không; Figma bản amended ghi 18 và 79 → Q-F-10 | X109: FWK-02
...

Sheet Users
B3: Function Name | C3: USR-L0001_Quản lý người dùng | K3: Round | L3: Total | M3: Passed | N3: Failed | O3: Pending | P3: Blocked | Q3: NA | R3: Not execute
B4: Screen Name | C4: Users · Customer Portal, SGS Portal | K4: Round 1 | L4: =COUNTA($G$13:$G$74) -> 62 | M4: =COUNTIF($M$13:$M$74,M3) -> 0 | N4: =COUNTIF($M$13:$M$74,N3) -> 0 | O4: =COUNTIF($M$13:$M$74,O3) -> 0 | P4: =COUNTIF($M$13:$M$74,P3) -> 0 | Q4: =COUNTIF($M$13:$M$74,Q3) -> 0 | R4: =L4-SUM(M4:Q4) -> 62
B5: Creator | C5: AI (Claude) | M5: =M4/$L$4 -> 0 | N5: =N4/$L$4 -> 0 | O5: =O4/$L$4 -> 0 | P5: =P4/$L$4 -> 0 | Q5: =Q4/$L$4 -> 0 | R5: =R4/$L$4 -> 1
B6: Created date | C6: 05/10/2026 | K6: Round 2 | L6: =COUNTA($G$13:$G$74) -> 62 | M6: =COUNTIF($R$13:$R$74,M3) -> 0 | N6: =COUNTIF($R$13:$R$74,N3) -> 0 | O6: =COUNTIF($R$13:$R$74,O3) -> 0 | P6: =COUNTIF($R$13:$R$74,P3) -> 0 | Q6: =COUNTIF($R$13:$R$74,Q3) -> 0 | R6: =L6-SUM(M6:Q6) -> 62
B7: Reference | C7: UC List v4 (02/10/2026) · USR-01→05, ROL-01, ROL-02 · chưa có Figma trang 02 User & Profile Management: nhãn, bố cục chờ đối chiếu | M7: =M6/$L$6 -> 0 | N7: =N6/$L$6 -> 0 | O7: =O6/$L$6 -> 0 | P7: =P6/$L$6 -> 0 | Q7: =Q6/$L$6 -> 0 | R7: =R6/$L$6 -> 1
M10: Round 1 | R10: Round 2
B11: Classification | F11: Priority | G11: TVP_ID | H11: Test case name/ Test view point | I11: Pre-condition | J11: Step | K11: Expected result | L11: Dev test | M11: Result | N11: Test person | O11: Test date | P11: Bug_ID | Q11: Remark | R11: Result | S11: Test person | T11: Test date | U11: Bug_ID | V11: Remark | W11: Open question | X11: UC
A12: No. | B12: I | C12: II | D12: III | E12: IV
A13: 1 | B13: Điều hướng - Redirect | C13: Vào danh sách - User list | D13: Từ menu | E13: Customer Portal | F13: High | G13: TC_001 | H13: Kiểm tra vào danh sách người dùng từ menu ở Customer Portal | I13: Đăng nhập {{user.cust_admin}}, đang ở màn Home | J13: 1. Bấm Users ở mục Administration của menu trái | K13: - Mở danh sách người dùng của tenant A | W13: Tên mục menu lấy theo prototype của Scopes (Scopes Scope_123), chờ Figma trang 02 → Q-U-01 | X13: USR-01
A14: 2 | E14: SGS Portal | F14: High | G14: TC_002 | H14: Kiểm tra vào danh sách người dùng ở SGS Portal | I14: Đăng nhập {{user.sgs_admin}} ở SGS Portal | J14: 1. Mở mục quản lý người dùng ở menu | K14: - Mở danh sách người dùng trong phạm vi của {{user.sgs_admin}} | W14: Lối vào ở SGS Portal chờ Figma trang 02 → Q-U-01 | X14: USR-01
A15: 3 | C15: Vào chi tiết - User detail | D15: Từ danh sách | E15: Mở một người dùng | F15: High | G15: TC_003 | H15: Kiểm tra mở chi tiết người dùng từ danh sách | I15: Đăng nhập {{user.cust_admin}} | J15: 1. Mở danh sách người dùng 2. Mở {{user.cust_user}} trong danh sách | K15: - Mở chi tiết của {{user.cust_user}} | X15: USR-02
A16: 4 | B16: Danh sách người dùng - User list | C16: Phạm vi dữ liệu - Boundary | D16: Customer Admin | E16: Chỉ người dùng của tenant mình | F16: High | G16: TC_004 | H16: Kiểm tra danh sách người dùng của Customer Admin chỉ có tenant mình | I16: Đăng nhập {{user.cust_admin}} (tenant A); tenant B có {{user.tenantB_admin}} | J16: 1. Mở danh sách người dùng 2. Tìm {{user.cust_user}}, {{user.cust_viewer}}, {{user.tenantB_admin}}, {{user.sgs_admin}} | K16: - Có {{user.cust_admin}}, {{user.cust_user}}, {{user.cust_viewer}} - Không có {{user.tenantB_admin}}, không có người dùng SGS nào | X16: USR-01
A17: 5 | D17: SGS Admin | E17: Người dùng SGS và khách hàng cùng affiliate | F17: High | G17: TC_005 | H17: Kiểm tra danh sách người dùng của SGS Admin | I17: Đăng nhập {{user.sgs_admin}} ở SGS Portal; {{user.consultant}} và tenant A cùng affiliate với {{user.sgs_admin}}, tenant C khác affiliate | J17: 1. Mở danh sách người dùng 2. Tìm {{user.consultant}}, {{user.cust_user}}, {{user.cust_c}} | K17: - Có {{user.consultant}} và {{user.cust_user}} - Không có {{user.cust_c}} | W17: Người dùng SGS của affiliate khác có hiện không → Q-U-02 | X17: USR-01
A18: 6 | C18: Người được mời - Invited user | D18: Hiển thị | E18: Chưa kích hoạt | F18: Medium | G18: TC_006 | H18: Kiểm tra người được mời nhưng chưa kích hoạt trong danh sách | I18: Đăng nhập {{user.cust_admin}}; đã mời {{email.new}} với vai trò Customer User, chưa kích hoạt | J18: 1. Mở danh sách người dùng | K18: - Có dòng của {{email.new}}, vai trò Customer User | W18: Trạng thái chưa kích hoạt hiển thị thế nào → Q-U-03 | X18: USR-01
A19: 7 | B19: Chi tiết người dùng - User detail | C19: Nội dung - Content | D19: Customer User | E19: Hồ sơ, trạng thái, vai trò, scope | F19: High | G19: TC_007 | H19: Kiểm tra chi tiết của một Customer User | I19: Đăng nhập {{user.cust_admin}}; {{user.cust_user}} đã kích hoạt, được cấp {{scope.sys}}, không được cấp {{scope.org}} | J19: 1. Mở chi tiết {{user.cust_user}} | K19: - Có thông tin hồ sơ và trạng thái của {{user.cust_user}} - Vai trò: Customer User - Phần quyền theo scope có {{scope.sys}}, không có {{scope.org}} | W19: Các trường hồ sơ và giá trị trạng thái → Q-U-03 | X19: USR-02
A20: 8 | D20: Người được mời | E20: Chưa kích hoạt | F20: Medium | G20: TC_008 | H20: Kiểm tra chi tiết của người được mời nhưng chưa kích hoạt | I20: Đăng nhập {{user.cust_admin}}; đã mời {{email.new}}, chưa kích hoạt | J20: 1. Mở chi tiết {{email.new}} | W20: Trạng thái và thao tác với lời mời đang chờ hiển thị thế nào → Q-U-03 | X20: USR-02
A21: 9 | B21: Mời người dùng - Invite user | C21: Vai trò được chọn - Role options | D21: Customer Admin | E21: Chỉ vai trò khách hàng | F21: High | G21: TC_009 | H21: Kiểm tra các vai trò được chọn khi Customer Admin mời | I21: Đăng nhập {{user.cust_admin}} | J21: 1. Mở danh sách người dùng 2. Mở form mời người dùng 3. Mở danh sách vai trò | K21: - Chỉ có Customer Admin, Customer User, Customer Viewer - Không có SGS Admin, SGS Consultant | X21: USR-03
A22: 10 | D22: SGS Admin | E22: Chỉ vai trò SGS | F22: High | G22: TC_010 | H22: Kiểm tra các vai trò được chọn khi SGS Admin mời | I22: Đăng nhập {{user.sgs_admin}} ở SGS Portal | J22: 1. Mở danh sách người dùng 2. Mở form mời người dùng 3. Mở danh sách vai trò | K22: - Chỉ có SGS Admin, SGS Consultant - Không có vai trò của khách hàng | X22: USR-03
A23: 11 | C23: Gửi lời mời - Send invitation | D23: Thành công | E23: Customer User — danh sách | F23: High | G23: TC_011 | H23: Kiểm tra mời Customer User | I23: Đăng nhập {{user.cust_admin}} | J23: 1. Mở danh sách người dùng 2. Mở form mời người dùng 3. Nhập email {{email.new}}, chọn vai trò Customer User 4. Gửi lời mời | K23: - Danh sách có {{email.new}}, vai trò Customer User | X23: USR-03
A24: 12 | E24: Customer User — email mời | F24: High | G24: TC_012 | H24: Kiểm tra email mời gửi tới người được mời | I24: Chưa đăng nhập; {{user.cust_admin}} đã mời {{email.new}} với vai trò Customer User | J24: 1. Mở hộp thư của {{email.new}} | K24: - Có email mời, trong email có link kích hoạt tài khoản | W24: Tiêu đề, nội dung email chờ mẫu email → Q-U-04 | X24: NTF-03
A25: 13 | E25: Customer User — kích hoạt rồi đăng nhập | F25: High | G25: TC_013 | H25: Kiểm tra người được mời kích hoạt rồi đăng nhập | I25: Chưa đăng nhập; {{user.cust_admin}} đã mời {{email.new}} với vai trò Customer User | J25: 1. Mở link kích hoạt trong email mời 2. Đặt mật khẩu, hoàn tất kích hoạt 3. Đăng nhập bằng {{email.new}} | K25: - Đăng nhập được vào Customer Portal của tenant A - Menu không có mục Users | X25: AUTH-03
A26: 14 | E26: Customer User — trạng thái sau kích hoạt | F26: Medium | G26: TC_014 | H26: Kiểm tra trạng thái người dùng sau khi kích hoạt | I26: Đăng nhập {{user.cust_admin}}; {{email.new}} vừa kích hoạt tài khoản | J26: 1. Mở danh sách người dùng 2. Mở chi tiết {{email.new}} | W26: Trạng thái đổi từ giá trị nào sang giá trị nào → Q-U-03 | X26: USR-02
A27: 15 | E27: Customer Viewer | F27: Medium | G27: TC_015 | H27: Kiểm tra mời Customer Viewer | I27: Đăng nhập {{user.cust_admin}} | J27: 1. Mở danh sách người dùng 2. Mời {{email.new_viewer}} với vai trò Customer Viewer | K27: - Danh sách có {{email.new_viewer}}, vai trò Customer Viewer | X27: USR-03
A28: 16 | E28: Customer Admin | F28: Medium | G28: TC_016 | H28: Kiểm tra mời Customer Admin | I28: Đăng nhập {{user.cust_admin}} | J28: 1. Mở danh sách người dùng 2. Mời {{email.new_admin}} với vai trò Customer Admin | K28: - Danh sách có {{email.new_admin}}, vai trò Customer Admin | X28: USR-03
A29: 17 | E29: SGS Consultant | F29: High | G29: TC_017 | H29: Kiểm tra SGS Admin mời SGS Consultant | I29: Đăng nhập {{user.sgs_admin}} ở SGS Portal | J29: 1. Mở danh sách người dùng 2. Mở form mời người dùng 3. Nhập email {{email.new_sgs}}, chọn vai trò SGS Consultant 4. Gửi lời mời | K29: - Danh sách có {{email.new_sgs}}, vai trò SGS Consultant | X29: USR-03
A30: 18 | D30: Không thành công | E30: Bỏ trống email | F30: Medium | G30: TC_018 | H30: Kiểm tra gửi lời mời khi bỏ trống email | I30: Đăng nhập {{user.cust_admin}} | J30: 1. Mở form mời người dùng 2. Để trống email, chọn vai trò Customer User 3. Gửi lời mời | K30: - Không gửi lời mời, danh sách không đổi | W30: Text thông báo → Q-U-04 | X30: USR-03
A31: 19 | E31: Email sai định dạng | F31: Medium | G31: TC_019 | H31: Kiểm tra gửi lời mời khi email sai định dạng | I31: Đăng nhập {{user.cust_admin}} | J31: 1. Mở form mời người dùng 2. Nhập email {{email.invalid}}, chọn vai trò Customer User 3. Gửi lời mời | K31: - Không gửi lời mời, danh sách không đổi | W31: Text thông báo → Q-U-04 | X31: USR-03
A32: 20 | E32: Chưa chọn vai trò | F32: Medium | G32: TC_020 | H32: Kiểm tra gửi lời mời khi chưa chọn vai trò | I32: Đăng nhập {{user.cust_admin}} | J32: 1. Mở form mời người dùng 2. Nhập email {{email.new}}, không chọn vai trò 3. Gửi lời mời | K32: - Không gửi lời mời, danh sách không đổi | W32: Text thông báo → Q-U-04 | X32: USR-03
A33: 21 | E33: Email đã là người dùng của tenant | F33: High | G33: TC_021 | H33: Kiểm tra mời một email đã là người dùng của tenant | I33: Đăng nhập {{user.cust_admin}} | J33: 1. Mở form mời người dùng 2. Nhập email của {{user.cust_user}}, chọn vai trò Customer Viewer 3. Gửi lời mời | W33: Xử lý email trùng → Q-U-05 | X33: USR-03
A34: 22 | E34: Email đang chờ kích hoạt | F34: Medium | G34: TC_022 | H34: Kiểm tra mời lại một email đang chờ kích hoạt | I34: Đăng nhập {{user.cust_admin}}; đã mời {{email.new}}, chưa kích hoạt | J34: 1. Mời {{email.new}} thêm một lần | W34: Xử lý email trùng → Q-U-05 | X34: USR-03
A35: 23 | E35: Email thuộc tenant khác | F35: Medium | G35: TC_023 | H35: Kiểm tra mời email đang là người dùng của tenant khác | I35: Đăng nhập {{user.cust_admin}} | J35: 1. Mở form mời người dùng 2. Nhập email của {{user.tenantB_admin}}, chọn vai trò Customer User 3. Gửi lời mời | W35: Xử lý email trùng → Q-U-05 | X35: USR-03
A36: 24 | E36: Đóng form không gửi | F36: Low | G36: TC_024 | H36: Kiểm tra đóng form mời mà không gửi | I36: Đăng nhập {{user.cust_admin}} | J36: 1. Mở form mời người dùng 2. Nhập email {{email.new}}, chọn vai trò Customer User 3. Đóng form, không gửi | K36: - Không gửi lời mời, danh sách không đổi | X36: USR-03
A37: 25 | C37: Lời mời đang chờ - Pending invitation | D37: Gửi lại | E37: Email mời mới | F37: High | G37: TC_025 | H37: Kiểm tra gửi lại lời mời | I37: Đăng nhập {{user.cust_admin}}; đã mời {{email.new}}, chưa kích hoạt | J37: 1. Gửi lại lời mời cho {{email.new}} | K37: - {{email.new}} nhận thêm một email mời có link kích hoạt | X37: USR-03
A38: 26 | E38: Link trong email cũ | F38: Medium | G38: TC_026 | H38: Kiểm tra link của email mời cũ sau khi gửi lại | I38: Chưa đăng nhập; {{user.cust_admin}} đã gửi lại lời mời cho {{email.new}} | J38: 1. Mở link kích hoạt trong email mời cũ | W38: Link cũ còn dùng được không, hạn của link → Q-U-06 | X38: USR-03
A39: 27 | D39: Thu hồi | E39: Danh sách sau khi thu hồi | F39: High | G39: TC_027 | H39: Kiểm tra thu hồi lời mời | I39: Đăng nhập {{user.cust_admin}}; đã mời {{email.new}}, chưa kích hoạt | J39: 1. Thu hồi lời mời của {{email.new}} 2. Xem danh sách người dùng | W39: Người bị thu hồi còn trong danh sách không → Q-U-07 | X39: USR-03
A40: 28 | E40: Mở link của lời mời đã thu hồi | F40: High | G40: TC_028 | H40: Kiểm tra kích hoạt bằng link của lời mời đã thu hồi | I40: Chưa đăng nhập; {{user.cust_admin}} đã thu hồi lời mời của {{email.new}} | J40: 1. Mở link kích hoạt trong email mời 2. Thử hoàn tất kích hoạt 3. Thử đăng nhập bằng {{email.new}} | K40: - Không kích hoạt được tài khoản - Không đăng nhập được bằng {{email.new}} | W40: Màn hình hiện gì → Q-U-07 | X40: USR-03
A41: 29 | B41: Đổi vai trò - Change role | C41: Đổi vai trò - Change role | D41: Thành công | E41: Customer User → Customer Admin | F41: High | G41: TC_029 | H41: Kiểm tra đổi Customer User thành Customer Admin | I41: Đăng nhập {{user.cust_admin}} | J41: 1. Mở chi tiết {{user.cust_user}} 2. Đổi vai trò thành Customer Admin 3. Lưu | K41: - Chi tiết và danh sách hiện vai trò Customer Admin cho {{user.cust_user}} | X41: USR-04
A42: 30 | E42: Quyền mới sau khi đăng nhập lại | F42: High | G42: TC_030 | H42: Kiểm tra quyền của người vừa được đổi thành Customer Admin | I42: Chưa đăng nhập; {{user.cust_admin}} vừa đổi {{user.cust_user}} thành Customer Admin | J42: 1. Đăng nhập {{user.cust_user}} 2. Mở Users ở mục Administration 3. Mở màn Scopes | K42: - Bước 2 mở được danh sách người dùng của tenant A - Bước 3 thấy mọi scope của tenant A, kể cả {{scope.org}} | X42: USR-04
A43: 31 | E43: Phiên đang mở của người bị đổi | F43: Medium | G43: TC_031 | H43: Kiểm tra quyền mới với phiên đang mở của người bị đổi vai trò | I43: Đăng nhập {{user.cust_user}} ở trình duyệt thứ nhất; {{user.cust_admin}} đổi {{user.cust_user}} thành Customer Viewer ở trình duyệt thứ hai | J43: 1. Ở trình duyệt thứ nhất, tải lại trang 2. Thao tác trên scope {{scope.sys}} | W43: Đổi vai trò có hiệu lực ngay hay từ lần đăng nhập sau → Q-U-08 | X43: USR-04
A44: 32 | E44: Hạ một Customer Admin khi còn admin khác | F44: High | G44: TC_032 | H44: Kiểm tra hạ vai trò một Customer Admin khi tenant còn Customer Admin khác | I44: Đăng nhập {{user.cust_admin}}; tenant A có thêm {{user.cust_admin_2}} | J44: 1. Mở chi tiết {{user.cust_admin_2}} 2. Đổi vai trò thành Customer User, lưu | K44: - {{user.cust_admin_2}} hiện vai trò Customer User - Tenant A vẫn có {{user.cust_admin}} là Customer Admin | X44: USR-04
A45: 33 | E45: SGS Consultant → SGS Admin | F45: Medium | G45: TC_033 | H45: Kiểm tra SGS Admin đổi vai trò của SGS Consultant | I45: Đăng nhập {{user.sgs_admin}} ở SGS Portal | J45: 1. Mở chi tiết {{user.consultant}} 2. Đổi vai trò thành SGS Admin, lưu | K45: - {{user.consultant}} hiện vai trò SGS Admin | X45: USR-04
A46: 34 | D46: Không thành công | E46: Customer Admin cuối cùng | F46: High | G46: TC_034 | H46: Kiểm tra không đổi được vai trò của Customer Admin cuối cùng | I46: Đăng nhập {{user.cust_admin}}; tenant A chỉ có {{user.cust_admin}} là Customer Admin | J46: 1. Mở chi tiết {{user.cust_admin}} 2. Đổi vai trò thành Customer User, lưu | K46: - Vai trò không đổi, tenant A vẫn có {{user.cust_admin}} là Customer Admin | W46: Chặn ở bước nào, text thông báo → Q-U-04; tự đổi vai trò của mình → Q-U-09 | X46: USR-04
A47: 35 | E47: Đóng mà không lưu | F47: Low | G47: TC_035 | H47: Kiểm tra đổi vai trò rồi đóng mà không lưu | I47: Đăng nhập {{user.cust_admin}} | J47: 1. Mở chi tiết {{user.cust_user}} 2. Chọn vai trò Customer Viewer 3. Đóng, không lưu | K47: - Vai trò của {{user.cust_user}} vẫn là Customer User | X47: USR-04
A48: 36 | D48: Tự đổi vai trò | E48: Còn Customer Admin khác | F48: Medium | G48: TC_036 | H48: Kiểm tra Customer Admin tự đổi vai trò của mình khi còn admin khác | I48: Đăng nhập {{user.cust_admin}}; tenant A có thêm {{user.cust_admin_2}} | J48: 1. Mở chi tiết {{user.cust_admin}} 2. Đổi vai trò thành Customer User, lưu | W48: Có cho tự đổi vai trò không → Q-U-09 | X48: USR-04
A49: 37 | D49: SGS Admin với người dùng khách | E49: Người dùng của tenant A | F49: High | G49: TC_037 | H49: Kiểm tra SGS Admin đổi vai trò người dùng của khách hàng | I49: Đăng nhập {{user.sgs_admin}} ở SGS Portal; tenant A cùng affiliate | J49: 1. Mở chi tiết {{user.cust_user}} 2. Tìm thao tác đổi vai trò | W49: SGS Admin có mời, đổi vai trò người dùng khách không → Q-U-10 | X49: USR-04
A50: 38 | B50: Quyền theo scope - Scope access | C50: Cấp quyền - Grant | D50: Thành công | E50: Từ chi tiết người dùng | F50: High | G50: TC_038 | H50: Kiểm tra cấp scope cho Customer User từ chi tiết người dùng | I50: Đăng nhập {{user.cust_admin}}; {{user.cust_user}} đang có {{scope.sys}} | J50: 1. Mở chi tiết {{user.cust_user}} 2. Cấp thêm {{scope.org}}, lưu | K50: - Phần quyền theo scope có {{scope.org}} và {{scope.sys}} | X50: USR-05
A51: 39 | E51: Người được cấp thấy scope | F51: High | G51: TC_039 | H51: Kiểm tra người vừa được cấp thấy scope | I51: Chưa đăng nhập; {{user.cust_admin}} vừa cấp {{scope.org}} cho {{user.cust_user}} | J51: 1. Đăng nhập {{user.cust_user}} 2. Mở màn Scopes | K51: - Danh sách có {{scope.org}} và {{scope.sys}} | X51: USR-05
A52: 40 | E52: Người được cấp thấy workspace | F52: Medium | G52: TC_040 | H52: Kiểm tra người vừa được cấp thấy workspace của scope | I52: Chưa đăng nhập; {{user.cust_admin}} vừa cấp {{scope.org}} cho {{user.cust_user}}; {{scope.org}} có {{wsp.org}} | J52: 1. Đăng nhập {{user.cust_user}} 2. Mở danh sách workspace | K52: - Danh sách có {{wsp.org}} | X52: USR-05
A53: 41 | E53: Khối Users ở chi tiết scope | F53: Medium | G53: TC_041 | H53: Kiểm tra người vừa được cấp hiện ở khối Users của scope | I53: Đăng nhập {{user.cust_admin}}; vừa cấp {{scope.org}} cho {{user.cust_user}} | J53: 1. Mở chi tiết {{scope.org}} 2. Xem khối Users | K53: - Có dòng {{user.cust_user}}, Role Customer User, Given là ngày hôm nay | X53: USR-05
A54: 42 | E54: Cấp cho người chưa kích hoạt | F54: Medium | G54: TC_042 | H54: Kiểm tra người được cấp scope khi chưa kích hoạt | I54: Đăng nhập {{user.cust_admin}}; đã mời {{email.new}} với vai trò Customer User, chưa kích hoạt | J54: 1. Cấp {{scope.org}} cho {{email.new}} 2. {{email.new}} kích hoạt tài khoản rồi đăng nhập 3. Mở màn Scopes | K54: - Sau khi kích hoạt, danh sách có {{scope.org}} | X54: USR-05
A55: 43 | D55: Không thành công | E55: Đóng mà không lưu | F55: Low | G55: TC_043 | H55: Kiểm tra chọn scope rồi đóng mà không lưu | I55: Đăng nhập {{user.cust_admin}} | J55: 1. Mở chi tiết {{user.cust_user}} 2. Chọn thêm {{scope.org}} 3. Đóng, không lưu | K55: - Phần quyền theo scope vẫn chỉ có {{scope.sys}} | X55: USR-05
A56: 44 | C56: Gỡ quyền - Remove | D56: Thành công | E56: Từ chi tiết người dùng | F56: High | G56: TC_044 | H56: Kiểm tra gỡ scope của Customer User | I56: Đăng nhập {{user.cust_admin}}; {{user.cust_user}} đang có {{scope.sys}} | J56: 1. Mở chi tiết {{user.cust_user}} 2. Gỡ {{scope.sys}}, lưu | K56: - Phần quyền theo scope không còn {{scope.sys}} | W56: Có hỏi xác nhận khi gỡ không → Q-S-23 | X56: USR-05
A57: 45 | E57: Người bị gỡ không còn thấy scope | F57: High | G57: TC_045 | H57: Kiểm tra người bị gỡ không còn thấy scope | I57: Chưa đăng nhập; {{user.cust_admin}} vừa gỡ {{scope.sys}} của {{user.cust_user}} | J57: 1. Đăng nhập {{user.cust_user}} 2. Mở màn Scopes 3. Mở {{url.app}}/scopes/<mã của {{scope.sys}}> | K57: - Danh sách không có {{scope.sys}} - Bước 3 không hiển thị nội dung của {{scope.sys}} | W57: Bước 3 hiện trang gì → Q-S-26 | X57: USR-05
A58: 46 | E58: Người bị gỡ không còn thấy workspace | F58: Medium | G58: TC_046 | H58: Kiểm tra người bị gỡ không còn thấy workspace của scope | I58: Chưa đăng nhập; {{user.cust_admin}} vừa gỡ {{scope.sys}} của {{user.cust_user}}; {{scope.sys}} có {{wsp.sys}} | J58: 1. Đăng nhập {{user.cust_user}} 2. Mở danh sách workspace | K58: - Danh sách không có {{wsp.sys}} | X58: USR-05
A59: 47 | D59: Không thành công | E59: Đóng mà không lưu | F59: Low | G59: TC_047 | H59: Kiểm tra bỏ chọn scope rồi đóng mà không lưu | I59: Đăng nhập {{user.cust_admin}}; {{user.cust_user}} đang có {{scope.sys}} | J59: 1. Mở chi tiết {{user.cust_user}} 2. Bỏ chọn {{scope.sys}} 3. Đóng, không lưu | K59: - Phần quyền theo scope vẫn có {{scope.sys}} | X59: USR-05
A60: 48 | C60: Đối tượng được cấp - Who can be granted | D60: Customer Admin | E60: Không cần cấp scope | F60: Medium | G60: TC_048 | H60: Kiểm tra quyền theo scope của Customer Admin | I60: Đăng nhập {{user.cust_admin}}; tenant A có thêm {{user.cust_admin_2}} | J60: 1. Mở chi tiết {{user.cust_admin_2}} | K60: - Không có thao tác cấp quyền theo scope cho {{user.cust_admin_2}} | X60: USR-05
A61: 49 | D61: Customer Viewer | E61: Cấp scope cho Customer Viewer | F61: Medium | G61: TC_049 | H61: Kiểm tra cấp quyền theo scope cho Customer Viewer | I61: Đăng nhập {{user.cust_admin}} | J61: 1. Mở chi tiết {{user.cust_viewer}} 2. Tìm thao tác cấp quyền theo scope | W61: USR-05 chỉ nói Customer User → Q-S-24 | X61: USR-05
A62: 50 | B62: Ma trận quyền - Role permissions | C62: Xem ma trận - View | D62: Customer Admin | E62: Mở ma trận quyền | F62: Medium | G62: TC_050 | H62: Kiểm tra Customer Admin xem ma trận quyền | I62: Đăng nhập {{user.cust_admin}} | J62: 1. Mở ma trận quyền của các vai trò | K62: - Hiển thị quyền của từng vai trò định sẵn - Chỉ xem: không có thao tác thêm, sửa, xoá vai trò hay quyền | W62: Lối vào và các vai trò được hiển thị → Q-U-11 | X62: ROL-02
A63: 51 | D63: SGS Admin | E63: Mở ma trận quyền | F63: Medium | G63: TC_051 | H63: Kiểm tra SGS Admin xem ma trận quyền | I63: Đăng nhập {{user.sgs_admin}} ở SGS Portal | J63: 1. Mở ma trận quyền của các vai trò | K63: - Hiển thị quyền của từng vai trò định sẵn - Chỉ xem: không có thao tác thêm, sửa, xoá vai trò hay quyền | W63: Lối vào và các vai trò được hiển thị → Q-U-11 | X63: ROL-02
A64: 52 | B64: Phân quyền - Permission | C64: Customer User | D64: Menu | E64: Không có Users | F64: High | G64: TC_052 | H64: Kiểm tra menu của Customer User không có Users | I64: Đăng nhập {{user.cust_user}} | J64: 1. Xem menu trái | K64: - Không có mục Users | X64: USR-01
A65: 53 | D65: URL | E65: Mở trang người dùng bằng URL | F65: High | G65: TC_053 | H65: Kiểm tra Customer User mở danh sách người dùng bằng URL | I65: Đăng nhập {{user.cust_user}} | J65: 1. Mở {{url.users}} | K65: - Không hiển thị danh sách người dùng | W65: Hiện trang gì → Q-S-26; địa chỉ trang → Q-U-01 | X65: ROL-01
A66: 54 | D66: API | E66: Mời, đổi vai trò, cấp scope | F66: High | G66: TC_054 | H66: Kiểm tra Customer User gọi API quản lý người dùng | I66: Đăng nhập {{user.cust_user}} | J66: 1. Gọi API mời người dùng 2. Gọi API đổi vai trò của {{user.cust_viewer}} 3. Gọi API cấp {{scope.org}} cho chính mình | K66: - Cả ba bị từ chối (403), dữ liệu không đổi | X66: ROL-01
A67: 55 | C67: Customer Viewer | D67: Menu và API | E67: Không có Users, API bị từ chối | F67: High | G67: TC_055 | H67: Kiểm tra Customer Viewer với quản lý người dùng | I67: Đăng nhập {{user.cust_viewer}} | J67: 1. Xem menu trái 2. Gọi API danh sách người dùng và API mời người dùng | K67: - Không có mục Users - Cả hai API bị từ chối (403) | X67: ROL-01
A68: 56 | C68: Vai trò SGS - SGS roles | D68: SGS Consultant | E68: Không có quản lý người dùng | F68: High | G68: TC_056 | H68: Kiểm tra SGS Consultant với quản lý người dùng | I68: Đăng nhập {{user.consultant}} ở SGS Portal | J68: 1. Xem menu 2. Gọi API danh sách người dùng và API mời người dùng | K68: - Không có mục quản lý người dùng - Cả hai API bị từ chối (403) | X68: ROL-01
A69: 57 | B69: Bảo mật - Security | C69: Cách ly tenant - Tenant isolation | D69: URL | E69: Chi tiết người dùng của tenant khác | F69: High | G69: TC_057 | H69: Kiểm tra mở chi tiết người dùng của tenant khác bằng URL | I69: Đăng nhập {{user.tenantB_admin}} | J69: 1. Mở {{url.users}}/<mã của {{user.cust_user}}> | K69: - Không hiển thị dữ liệu của {{user.cust_user}}, giống như người dùng không tồn tại | W69: Hiện trang gì → Q-S-26 | X69: ROL-01
A70: 58 | D70: API | E70: Đổi vai trò người dùng của tenant khác | F70: High | G70: TC_058 | H70: Kiểm tra gọi API đổi vai trò người dùng của tenant khác | I70: Đăng nhập {{user.tenantB_admin}} | J70: 1. Gọi API đổi vai trò của {{user.cust_user}} thành Customer Admin | K70: - Trả 404 như người dùng không tồn tại - Vai trò của {{user.cust_user}} không đổi | X70: ROL-01
A71: 59 | E71: Cấp scope của tenant khác | F71: High | G71: TC_059 | H71: Kiểm tra cấp scope của tenant khác cho người dùng của mình | I71: Đăng nhập {{user.cust_admin}} | J71: 1. Gọi API cấp {{scope.b}} của tenant B cho {{user.cust_user}} | K71: - Trả 404 như scope không tồn tại - Quyền theo scope của {{user.cust_user}} không đổi | X71: ROL-01
A72: 60 | C72: Phạm vi affiliate - Affiliate boundary | D72: API | E72: Người dùng của khách khác affiliate | F72: High | G72: TC_060 | H72: Kiểm tra SGS Admin xem người dùng của khách hàng khác affiliate | I72: Đăng nhập {{user.sgs_admin}} ở SGS Portal; tenant C khác affiliate | J72: 1. Gọi API chi tiết {{user.cust_c}} | K72: - Không trả dữ liệu của {{user.cust_c}} | X72: ROL-01
A73: 61 | C73: Dữ liệu nhập - Input | D73: Mã độc | E73: Email chứa thẻ script | F73: Medium | G73: TC_061 | H73: Kiểm tra mời với email chứa mã độc | I73: Đăng nhập {{user.cust_admin}} | J73: 1. Mở form mời người dùng 2. Nhập {{text.xss}} vào ô email, chọn vai trò Customer User 3. Gửi lời mời | K73: - Không gửi lời mời - Không có hộp thoại hay đoạn mã nào được chạy | X73: USR-03
A74: 62 | C74: Ghi vết - Audit log | D74: Thao tác ghi | E74: Mời, đổi vai trò, cấp và gỡ scope | F74: Medium | G74: TC_062 | H74: Kiểm tra ghi audit cho thao tác quản lý người dùng | I74: Đăng nhập {{user.cust_admin}} | J74: 1. Mời người dùng, đổi vai trò, cấp rồi gỡ scope 2. Mở nhật ký hoạt động của tổ chức | W74: Các thao tác này có phải ghi audit không → Q-U-12 | X74: AUD-01

Sheet Profile
B3: Function Name | C3: PRF-L0001_Ngôn ngữ hiển thị | K3: Round | L3: Total | M3: Passed | N3: Failed | O3: Pending | P3: Blocked | Q3: NA | R3: Not execute
B4: Screen Name | C4: Profile (tên tạm) · Customer Portal, SGS Portal | K4: Round 1 | L4: =COUNTA($G$13:$G$25) -> 13 | M4: =COUNTIF($M$13:$M$25,M3) -> 0 | N4: =COUNTIF($M$13:$M$25,N3) -> 0 | O4: =COUNTIF($M$13:$M$25,O3) -> 0 | P4: =COUNTIF($M$13:$M$25,P3) -> 0 | Q4: =COUNTIF($M$13:$M$25,Q3) -> 0 | R4: =L4-SUM(M4:Q4) -> 13
B5: Creator | C5: AI (Claude) | M5: =M4/$L$4 -> 0 | N5: =N4/$L$4 -> 0 | O5: =O4/$L$4 -> 0 | P5: =P4/$L$4 -> 0 | Q5: =Q4/$L$4 -> 0 | R5: =R4/$L$4 -> 1
B6: Created date | C6: 05/10/2026 | K6: Round 2 | L6: =COUNTA($G$13:$G$25) -> 13 | M6: =COUNTIF($R$13:$R$25,M3) -> 0 | N6: =COUNTIF($R$13:$R$25,N3) -> 0 | O6: =COUNTIF($R$13:$R$25,O3) -> 0 | P6: =COUNTIF($R$13:$R$25,P3) -> 0 | Q6: =COUNTIF($R$13:$R$25,Q3) -> 0 | R6: =L6-SUM(M6:Q6) -> 13
B7: Reference | C7: UC List v4 (02/10/2026) · PRF-01 · chưa có Figma trang 02: vị trí chỗ đổi ngôn ngữ chờ đối chiếu | M7: =M6/$L$6 -> 0 | N7: =N6/$L$6 -> 0 | O7: =O6/$L$6 -> 0 | P7: =P6/$L$6 -> 0 | Q7: =Q6/$L$6 -> 0 | R7: =R6/$L$6 -> 1
M10: Round 1 | R10: Round 2
B11: Classification | F11: Priority | G11: TVP_ID | H11: Test case name/ Test view point | I11: Pre-condition | J11: Step | K11: Expected result | L11: Dev test | M11: Result | N11: Test person | O11: Test date | P11: Bug_ID | Q11: Remark | R11: Result | S11: Test person | T11: Test date | U11: Bug_ID | V11: Remark | W11: Open question | X11: UC
A12: No. | B12: I | C12: II | D12: III | E12: IV
A13: 1 | B13: Điều hướng - Redirect | C13: Chỗ đổi ngôn ngữ - Language setting | D13: Sau khi đăng nhập | E13: Customer Portal | F13: Medium | G13: TC_001 | H13: Kiểm tra chỗ đổi ngôn ngữ sau khi đăng nhập | I13: Đăng nhập {{user.cust_user}} | J13: 1. Mở chỗ đổi ngôn ngữ | K13: - Có hai lựa chọn: English và 繁體中文 | W13: Chỗ đổi ngôn ngữ nằm ở đâu → Q-P-01 | X13: PRF-01
A14: 2 | B14: Đổi ngôn ngữ - Switch language | C14: Giao diện - Interface | D14: Chọn 繁體中文 | E14: Nhãn giao diện | F14: High | G14: TC_002 | H14: Kiểm tra giao diện sau khi chọn 繁體中文 | I14: Đăng nhập {{user.cust_user}}, ngôn ngữ đang là English | J14: 1. Đổi ngôn ngữ sang 繁體中文 2. Mở màn Scopes | K14: - Menu, tiêu đề, nút hiển thị bằng tiếng Trung phồn thể | X14: PRF-01
A15: 3 | D15: Chọn English | E15: Đổi lại English | F15: Medium | G15: TC_003 | H15: Kiểm tra đổi lại English | I15: Đăng nhập {{user.cust_user}}, ngôn ngữ đang là 繁體中文 | J15: 1. Đổi ngôn ngữ sang English | K15: - Menu, tiêu đề, nút hiển thị bằng tiếng Anh | X15: PRF-01
A16: 4 | C16: Nội dung framework - Framework content | D16: Có bản dịch | E16: Tiêu đề và mô tả requirement | F16: High | G16: TC_004 | H16: Kiểm tra nội dung framework hiển thị bằng 繁體中文 | I16: Đăng nhập {{user.cust_user}}, ngôn ngữ 繁體中文; {{wsp.sys}} dùng {{fwk.zh}} có nội dung tiếng Trung | J16: 1. Mở cây requirement của {{wsp.sys}} 2. Mở chi tiết một requirement | K16: - Tiêu đề và mô tả requirement hiển thị bản 繁體中文 | X16: PRF-01
A17: 5 | D17: Chưa có bản dịch | E17: Quay về tiếng Anh | F17: Medium | G17: TC_005 | H17: Kiểm tra nội dung chưa có bản dịch | I17: Đăng nhập {{user.cust_user}}, ngôn ngữ 繁體中文; requirement {{req.no_zh}} chưa có bản tiếng Trung | J17: 1. Mở chi tiết {{req.no_zh}} | K17: - Tiêu đề và mô tả của {{req.no_zh}} hiển thị bằng tiếng Anh | X17: PRF-01
A18: 6 | D18: Mã | E18: Mã không dịch | F18: Medium | G18: TC_006 | H18: Kiểm tra mã framework và mã requirement không bị dịch | I18: Đăng nhập {{user.cust_user}}; {{wsp.sys}} dùng {{fwk.zh}} | J18: 1. Xem mã framework và mã requirement khi để English 2. Đổi sang 繁體中文, xem lại | K18: - Mã framework và mã requirement giữ nguyên ở cả hai ngôn ngữ | X18: PRF-01
A19: 7 | B19: Lưu lựa chọn - Persistence | C19: Theo người dùng - Per user | D19: Đăng nhập lại | E19: Giữ 繁體中文 | F19: High | G19: TC_007 | H19: Kiểm tra giữ ngôn ngữ sau khi đăng nhập lại | I19: Đăng nhập {{user.cust_user}}, đã chọn 繁體中文 | J19: 1. Đăng xuất 2. Đăng nhập lại {{user.cust_user}} | K19: - Giao diện hiển thị bằng 繁體中文 ngay sau khi đăng nhập | X19: PRF-01
A20: 8 | D20: Trình duyệt khác | E20: Giữ 繁體中文 | F20: Medium | G20: TC_008 | H20: Kiểm tra giữ ngôn ngữ khi đăng nhập ở trình duyệt khác | I20: Đăng nhập {{user.cust_user}} ở trình duyệt thứ nhất, đã chọn 繁體中文 | J20: 1. Đăng nhập {{user.cust_user}} ở trình duyệt thứ hai | K20: - Giao diện hiển thị bằng 繁體中文 | X20: PRF-01
A21: 9 | D21: Người dùng khác | E21: Không bị ảnh hưởng | F21: Medium | G21: TC_009 | H21: Kiểm tra lựa chọn ngôn ngữ không ảnh hưởng người dùng khác | I21: Đăng nhập {{user.cust_viewer}}, ngôn ngữ English; {{user.cust_user}} đã chọn 繁體中文 | J21: 1. Xem giao diện của {{user.cust_viewer}} | K21: - Giao diện vẫn bằng English | X21: PRF-01
A22: 10 | D22: Người dùng mới | E22: Ngôn ngữ mặc định | F22: Low | G22: TC_010 | H22: Kiểm tra ngôn ngữ mặc định của người dùng mới | I22: Chưa đăng nhập; {{email.new}} vừa kích hoạt, chưa từng chọn ngôn ngữ | J22: 1. Đăng nhập bằng {{email.new}} | W22: Mặc định là ngôn ngữ nào → Q-P-03 | X22: PRF-01
A23: 11 | D23: Ngôn ngữ ở màn đăng nhập | E23: Khác ngôn ngữ đã lưu | F23: Medium | G23: TC_011 | H23: Kiểm tra khi chọn ở màn đăng nhập một ngôn ngữ khác ngôn ngữ đã lưu | I23: Chưa đăng nhập; {{user.cust_user}} đã lưu 繁體中文 | J23: 1. Ở màn đăng nhập chọn English 2. Đăng nhập {{user.cust_user}} | W23: Sau khi đăng nhập dùng ngôn ngữ nào → Q-P-02 | X23: PRF-01
A24: 12 | B24: Phân quyền - Permission | C24: Vai trò SGS - SGS roles | D24: SGS Admin | E24: Đổi ngôn ngữ ở SGS Portal | F24: Medium | G24: TC_012 | H24: Kiểm tra SGS Admin đổi ngôn ngữ | I24: Đăng nhập {{user.sgs_admin}} ở SGS Portal | J24: 1. Đổi ngôn ngữ sang 繁體中文 2. Mở danh sách khách hàng | K24: - Giao diện SGS Portal hiển thị bằng 繁體中文 | X24: PRF-01
A25: 13 | C25: Customer Viewer | D25: Customer Viewer | E25: Đổi ngôn ngữ | F25: Low | G25: TC_013 | H25: Kiểm tra Customer Viewer đổi ngôn ngữ | I25: Đăng nhập {{user.cust_viewer}} | J25: 1. Đổi ngôn ngữ sang 繁體中文 | K25: - Giao diện hiển thị bằng 繁體中文 | X25: PRF-01

Sheet Cần xác nhận
A1: Mã | B1: Sheet | C1: Câu hỏi | D1: Căn cứ, vì sao cần hỏi | E1: TC liên quan | F1: Đề xuất mặc định | G1: Mức | H1: Trạng thái
A2: Q-U-01 | B2: Users | C2: Lối vào và tên mục menu quản lý người dùng ở Customer Portal và SGS Portal; địa chỉ trang ({{url.users}}). | D2: Chưa có Figma trang 02. Customer Portal tạm theo prototype của Scopes (Scopes Scope_123: Users ở mục Administration). | E2: Users TC_001, TC_002, TC_053 | F2: Theo Figma khi có. | G2: NHỎ | H2: Mở
A3: Q-U-02 | B3: Users | C3: SGS Admin thấy người dùng SGS của mọi affiliate hay chỉ affiliate của mình? | D3: USR-01 (P1 Use Cases!R14): "SGS users and affiliate customers for SGS Admin" — chỉ nói rõ phạm vi với người dùng khách. | E3: Users TC_005 | F3: Chỉ affiliate của mình, giống phạm vi khách hàng. | G3: QUAN TRỌNG | H3: Mở
A4: Q-U-03 | B4: Users | C4: Người dùng có những trạng thái nào (chờ kích hoạt, đã kích hoạt…), hiển thị ở danh sách và chi tiết ra sao? Chi tiết người dùng có những trường hồ sơ nào? | D4: USR-02 (R15) có "profile, status" nhưng không liệt kê; sửa, khoá người dùng đã dời sang P2 (P2-USR-01). | E4: Users TC_006, TC_007, TC_008, TC_014 | F4: Hai trạng thái: chờ kích hoạt và đã kích hoạt. | G4: QUAN TRỌNG | H4: Mở
A5: Q-U-04 | B5: Users | C5: Text thông báo của form mời (bỏ trống email, sai định dạng, chưa chọn vai trò) và khi đổi vai trò Customer Admin cuối cùng; tiêu đề, nội dung email mời. | D5: Chưa có Figma trang 02 và mẫu email. | E5: Users TC_012, TC_018, TC_019, TC_020, TC_034 | F5: Theo Figma và mẫu email khi có. | G5: NHỎ | H5: Mở
A6: Q-U-05 | B6: Users | C6: Mời một email đã có: (a) đã là người dùng của tenant, (b) đang chờ kích hoạt, (c) là người dùng của tenant khác — xử lý thế nào? | D6: USR-03 (R16) không nói về email trùng. | E6: Users TC_021, TC_022, TC_023 | F6: (a), (b): chặn và báo email đã có; (c): chặn, vì phiên đăng nhập chỉ gắn với một tenant (AUTH-01, R3). | G6: QUAN TRỌNG | H6: Mở
A7: Q-U-06 | B7: Users | C7: Gửi lại lời mời thì link trong email cũ còn dùng được không? Link mời có hạn bao lâu? | D7: USR-03 (R16) có gửi lại; AUTH-03 (R5) nói link dùng một lần và có hạn, không nói thời hạn. | E7: Users TC_026 | F7: Link cũ hết hiệu lực khi gửi lại; hạn 7 ngày. | G7: QUAN TRỌNG | H7: Mở
A8: Q-U-07 | B8: Users | C8: Thu hồi lời mời thì người đó còn trong danh sách không? Mở link của lời mời đã thu hồi thì hiện gì? | D8: USR-03 (R16) có thu hồi, không nói kết quả. | E8: Users TC_027, TC_028 | F8: Bỏ khỏi danh sách; link hiện thông báo giống link hết hạn. | G8: QUAN TRỌNG | H8: Mở
A9: Q-U-08 | B9: Users | C9: Đổi vai trò có hiệu lực ngay với phiên đang mở của người bị đổi, hay từ lần đăng nhập sau? | D9: AUTH-01 (R3): vai trò được xác định khi tạo phiên; ROL-01 (R19): kiểm quyền ở mọi API và màn hình. | E9: Users TC_031 | F9: Có hiệu lực ngay từ lần gọi API kế tiếp. | G9: QUAN TRỌNG | H9: Mở
A10: Q-U-09 | B10: Users | C10: Customer Admin có tự đổi vai trò của chính mình được không khi tenant còn Customer Admin khác? | D10: USR-04 (R17) chỉ có quy tắc tenant luôn còn ít nhất một Customer Admin. | E10: Users TC_034, TC_036 | F10: Không cho tự đổi. | G10: NHỎ | H10: Mở
A11: Q-U-10 | B11: Users | C11: SGS Admin có mời, đổi vai trò người dùng của khách hàng cùng affiliate không? | D11: USR-01 (R14) cho SGS Admin thấy người dùng khách; USR-03 (R16) chỉ cho SGS Admin mời vai trò SGS; USR-04 (R17) không nói. | E11: Users TC_037 | F11: Chỉ xem, không mời và không đổi vai trò người dùng khách. | G11: QUAN TRỌNG | H11: Mở
A12: Q-U-11 | B12: Users | C12: Ma trận quyền nằm ở đâu? Customer Admin và SGS Admin thấy những vai trò nào? | D12: ROL-02 (R20) chỉ nói xem quyền của từng vai trò định sẵn. Nếu ma trận nằm ở menu riêng thì tách thành sheet riêng. | E12: Users TC_050, TC_051 | F12: Customer Admin thấy 3 vai trò khách hàng; SGS Admin thấy cả 5 vai trò. | G12: NHỎ | H12: Mở
... A20: Q-S-28 | B20: Scopes | C20: Danh sách scope có hiển thị What is in scope và What is out of scope của từng scope không? | D20: Hanna yêu cầu kiểm tra cả 4 thông tin (Type, Name, In scope, Out of scope) trên Danh sách sau khi tạo; Figma Screens 05 chỉ có cột Scope (kèm nhãn loại), Belongs to, Frameworks, Users, Evidence coverage. | E20: Scopes Scope_025, Scope_026, Scope_027 | F20: Danh sách chỉ hiển thị Type và Name; In scope / Out of scope xem ở màn chi tiết. | G20: QUAN TRỌNG | H20: Mở
